:020000040800F2
:1000000048BD0724B1020008F97C0008E779000820
:10001000A17C0008350800083590000800000000A9
:10002000000000000000000000000000C97F000880
:10003000D10D000800000000FD7C0008CB7F000807
:10004000D7020008D7020008D7020008D70200082C
:10005000D7020008D7020008D7020008D70200081C
:10006000D7020008D7020008D7020008D70200080C
:10007000D7020008D7020008D7020008D7020008FC
:10008000D7020008D7020008D7020008D7020008EC
:10009000D7020008D7020008D7020008D7020008DC
:1000A000D7020008D7020008D7020008D7020008CC
:1000B000D7020008D7020008D7020008D7020008BC
:1000C000D7020008D7020008D7020008D7020008AC
:1000D000D702000825900008D7020008D7020008C0
:1000E000D7020008D702000800000000D70200086D
:1000F000D7020008D7020008D70200083908000814
:10010000D7020008D7020008D7020008D70200086B
:10011000D7020008D7020008D7020008D70200085B
:10012000D7020008D7020008D7020008D70200084B
:10013000D7020008D7020008D7020008D70200083B
:1001400000000000000000000000000000000000AF
:10015000D7020008D7020008D7020008D70200081B
:10016000D7020008D7020008D7020008D70200080B
:10017000D7020008D7020008D702000800000000DC
:10018000D7020008D7020008D7020008D7020008EB
:10019000D7020008D7020008D7020008D7020008DB
:1001A000D7020008D7020008D7020008D7020008CB
:1001B000D7020008D7020008D7020008D7020008BB
:1001C000D7020008D7020008D7020008D7020008AB
:1001D000D7020008D7020008D7020008D70200089B
:1001E000D7020008D7020008D7020008D70200088B
:1001F000D7020008D7020008D7020008D70200087B
:10020000D7020008D7020008D7020008D70200086A
:10021000D7020008D7020008D7020008D70200085A
:10022000D7020008D7020008D7020008000000002B
:10023000D7020008D702000800000000D70200081B
:10024000D7020008D7020008D7020008D70200082A
:10025000D7020008D7020008D7020008D70200081A
:10026000D7020008D7020008D7020008D70200080A
:10027000D7020008D7020008D702000800000000DB
:10028000D7020008D7020008D702000800000000CB
:1002900000000000D7020008DFF810D000F0CCF812
:1002A00000480047AD180108AFF3008048BD07249F
:1002B000DFF82400016841F47001016007488047BD
:1002C00007480047FEE7FEE7FEE7FEE7FEE7FEE73A
:1002D000FEE7FEE7FEE7FEE788ED00E0D57F0008D9
:1002E000990200082DE9F05F0546002092469B46E2
:1002F00088460646814640241BE02846414647463C
:10030000224600F088F853465A46C01A914110D34D
:1003100011461846224600F06FF82D1A67EB0108C7
:100320004F4622460120002100F066F817EB000935
:100330004E41201EA4F10104DFDC484631462A4626
:100340004346BDE8F09F00000649074A086850434D
:1003500043F23902104408604008704701490860C0
:1003600070470000580100246D4EC64110B5431A75
:10037000934209D28318881803E010F8011D03F88E
:10038000011D521EF9D210BD40EA01039B0703D0A4
:1003900009E008C9121F08C0042AFAD203E011F8C4
:1003A000013B00F8013B521EF9D210BDD2B201E070
:1003B00000F8012B491EFBD270470022F6E710B56A
:1003C00013460A4604461946FFF7F0FF204610BDC3
:1003D000421C10F8011B0029FBD1801A704730B570
:1003E00004460020034600E05B1C934203D2E05C1D
:1003F000CD5C401BF8D030BD202A04DB203A00FA47
:1004000002F1002070479140C2F1200320FA03F36B
:10041000194390407047202A04DB203A21FA02F069
:100420000021704721FA02F3D040C2F1200291402E
:100430000843194670470000064C074D06E0E06887
:1004400040F0010394E8070098471034AC42F6D31B
:10045000FFF726FFDCDD0108FCDD010870B58C1814
:1004600010F8015B15F0070301D110F8013B2A11C8
:1004700006D110F8012B03E010F8016B01F8016BB5
:100480005B1EF9D12B0705D40023521E0DD401F8B1
:10049000013BFAE710F8013BCB1A921C03E013F87A
:1004A000015B01F8015B521EF9D5A142D8D30020AF
:1004B00070BD000070B504464E492068884203D0E4
:1004C0004D492068884208D14C48006800F440300B
:1004D00008B1012009E0002007E04948006800F465
:1004E000403008B1012000E00020B8B106F00CF85F
:1004F00005466068B0F5803F06D0B0F5003F04D0F7
:10050000B0F5403F08D105E000BF6068000CB5FBC6
:10051000F0F502E0AD0800E000BF2AE04FF4002053
:1005200004F006FD05466068C0F31101F9B98014B6
:100530000C281CD2DFE800F01B060708090A0B1183
:100540001315171900BF00BF00BF00BF00BF6068D0
:10055000800C4000B5FBF0F50AE02D0908E06D09BC
:1005600006E0AD0904E0ED0902E02D0A00E000BF5D
:1005700000BF03F047FE41F20301884210D8214832
:10058000854206D92068806840F4807021688860C0
:100590002FE02068806820F480702168886028E05F
:1005A0006D081948854206D82068806820F440709C
:1005B000216888601DE01548854208D82068806859
:1005C00020F4407040F480702168886011E0104889
:1005D000854208D82068806820F4407040F400709C
:1005E0002168886005E02068806840F440702168D8
:1005F000886070BD002002400021024008230240B4
:1006000008630258002D3101105E5F0020BCBE005F
:1006100040787D0170B50546AC6B606D00F0500010
:1006200098BB606D40F4007060652068006800F061
:100630000800A8B1206807F0FFF910B32068C0686F
:1006400000F40050E8B9606D20F480706065606D62
:1006500000F48050A8B9606D40F00100606510E0C2
:100660002068C06800F0030058B9606D20F4807005
:100670006065606D00F4805018B9606D40F0010055
:100680006065204601F01AFC0CE0FFE7606D00F0A9
:10069000100018B1204601F013FC03E0E06CC16CBF
:1006A0002846884770BD70B50546AC6B606D40F05C
:1006B00040006065A06D40F00400A065204601F098
:1006C000FFFB70BD70B50446A56B284601F0F7FB33
:1006D00070BD000070B50446206807F099F9064621
:1006E000206807F09AF998B396BB2068806800F0FC
:1006F0000D0001280AD1206881681A4A1140891C1E
:10070000816000BF03202168086009E0606D40F04F
:1007100010006065A06D40F00100A065012070BD73
:1007200003F076FD054614E003F072FD401B02283D
:100730000FD92068806800F0010050B1606D40F072
:1007400010006065A06D40F00100A0650120E6E7A3
:1007500005E02068806800F001000028E4D1002056
:10076000DDE70000C0FFFF7F70B50446206807F09A
:1007700054F9002851D1206880682949084048B1BF
:10078000606D40F010006065A06D40F00100A06554
:10079000012070BD206807F029F903F039FD0546F6
:1007A000204A2168914203D01F4A2168914201D119
:1007B0001E4900E01E49084607F020F906461A497E
:1007C0002068884201D1174800E0206821688842EB
:1007D00000D00EBB1AE0206807F01FF910B920689E
:1007E00007F004F903F014FD401B02280ED920681D
:1007F000006800F0010048B9606D40F010006065CD
:10080000A06D40F00100A0650120C2E720680068EB
:1008100000F001000028DED000BF0020B9E7000092
:100820003F000080002002400021024000230240DF
:100830000063025800BFFEE70848406800F000600F
:1008400050B101200649087000BF0448C06840F05C
:1008500000600249C86000BF70470000000002400D
:100860003E0000240146374A0868904249D0354A84
:1008700018320868904244D0324A303208689042B8
:100880003FD0304A4832086890423AD02D4A603210
:100890000868904235D02B4A78320868904230D0B0
:1008A000284A9032086890422BD0264AA83208681D
:1008B000904226D0244A0868904222D0224A183218
:1008C000086890421DD0204A30320868904218D003
:1008D0001D4A48320868904213D01B4A60320868AB
:1008E00090420ED0184A78320868904209D0164AD1
:1008F00090320868904204D0134AA83208689042A7
:1009000001D1012000E00020B0B10A78103A18238C
:10091000B2FBF3F000F007020C4B9A5CCA650328A7
:1009200005D90A686FF30902121D8A6503E00A6897
:100930006FF309028A6503E0086820F0FF0088650C
:10094000886D7047100002401004024008AB010897
:1009500010B502682B4C0368A34222D0294C1434F2
:100960000368A3421DD0274C28340368A34218D043
:10097000244C3C340368A34213D0224C5034036807
:10098000A3420ED01F4C64340368A34209D01D4C0F
:1009900078340368A34204D01A4C8C340368A34211
:1009A00001D1012300E000238BB10378083B14241C
:1009B000B3FBF4F1144B03EB81030366124B80335A
:1009C000436601F01F040123A340836618E0037807
:1009D000103B1824B3FBF4F10C4B9A4204D80B4B98
:1009E000A83B9A4200D30831094B03EB810303660D
:1009F000074B8033436601F01F040123A340836645
:100A000010BD00000854025800580258B8040240B3
:100A1000000802400179A9B3082940D8204B026898
:100A20009A4222D01E4B143302689A421DD01C4BAE
:100A3000283302689A4218D0194B3C3302689A4214
:100A400013D0174B503302689A420ED0144B6433C4
:100A500002689A4209D0124B783302689A4204D055
:100A60000F4B8C3302689A4201D1012200E0002230
:100A70004AB14A1E0B4B03EB8202C266094A40325E
:100A8000026708E00BE04A1E074B03EB8202C266D6
:100A9000054A403202674A1E01239340436770476C
:100AA000085402580059025800090240014600202B
:100AB0008A69D2B98A6A32B1012A0DD0022A03D0DA
:100AC000032A10D10EE000BFCA6A02F08072B2F1B0
:100AD000807F00D1012007E0CA6AB2F1C07F00D157
:100AE000012001E000E000BF36E08A69B2F5005F56
:100AF0001BD18A6A32B1012A07D0022A03D0032A05
:100B000011D10AE000BF01200EE0CA6A02F0807233
:100B1000B2F1807F00D1012006E0CA6AB2F1C07F45
:100B200000D1012000E000BF16E08A6A32B1012A3C
:100B300005D0022A04D0032A0CD103E000BF00BF75
:100B4000012008E0CA6A02F08072B2F1807F00D111
:100B5000012000E000BF00BF70470000F0B5856DC8
:100B6000846D984F0668BE4270D0964F183706685D
:100B7000BE426BD0934F30370668BE4266D0914F6D
:100B800048370668BE4261D08E4F60370668BE4265
:100B90005CD08C4F78370668BE4257D0894F90376B
:100BA0000668BE4252D0874FA8370668BE424DD075
:100BB000854F0668BE4249D0834F18370668BE424B
:100BC00044D0814F30370668BE423FD07E4F483711
:100BD0000668BE423AD07C4F60370668BE4235D0C8
:100BE000794F78370668BE4230D0774F9037066825
:100BF000BE422BD0744FA8370668BE4226D0734F32
:100C00000668BE4222D0714F14370668BE421DD01E
:100C10006E4F28370668BE4218D06C4F3C370668C6
:100C2000BE4213D0694F50370668BE420ED0674FA0
:100C300064370668BE4209D0644F78370668BE4202
:100C400004D0624F8C370668BE4201D1012600E015
:100C500000263EB1D0E919767E60C66E16B1D0E9A5
:100C60001C767E60574F0668BE4249D0554F1837F4
:100C70000668BE4244D0534F30370668BE423FD06C
:100C8000504F48370668BE423AD04E4F603706682C
:100C9000BE4235D04B4F78370668BE4230D0494F00
:100CA00090370668BE422BD0464FA8370668BE4232
:100CB00026D0454F0668BE4222D0434F18370668FB
:100CC000BE421DD0404F30370668BE4218D03E4F5E
:100CD00048370668BE4213D03B4F60370668BE42B5
:100CE0000ED0394F78370668BE4209D0364F90375C
:100CF0000668BE4204D0344FA8370668BE4201D110
:100D0000012600E00026DEB190F85C6006F01F07C7
:100D10003F26BE40AE600668366826F48026076827
:100D20003E60066873608668402E04D10668B26033
:100D30000668F16044E00668B1600668F2603FE072
:100D4000224F0668BE4222D0204F14370668BE42AA
:100D50001DD01E4F28370668BE4218D01B4F3C37A7
:100D60000668BE4213D0194F50370668BE420ED0F7
:100D7000164F64370668BE4209D0144F78370668AC
:100D8000BE4204D0114F8C370668BE4201D1012605
:100D900000E00026A6B190F85C6006F01F0701266F
:100DA000BE406660066873608668402E04D106689F
:100DB000B2600668F16003E00668B1600668F26040
:100DC000F0BD000010000240100402400854025818
:100DD000704710B5002210E002EB4204036903EBF8
:100DE000C40100230B604B608B60CB600B614B61D7
:100DF00000F1440343F82210521C042AECD30024CF
:100E000044658465C465446604660324036803F589
:100E10008053C3F83041036803F580530469C3F875
:100E20001C4103694833046804F58054C4F8283130
:100E300010BD10B500220EE002EB4204C36803EBC4
:100E4000C40100230B604B608B60CB6000F1180382
:100E500043F82210521C042AEED300248462032497
:100E6000036803F58053C3F82C41036803F58053EE
:100E7000C468C3F81441036803F58053C468C3F819
:100E8000204110BD10B5A2B0044601208DF83300FA
:100E9000002012908DF841008DF8430001208DF85C
:100EA00028008DF856008DF8320000208DF84C0097
:100EB00001208DF8840040030F9000208DF85C0025
:100EC00018908DF885008DF886004FF4C360169059
:100ED00000208DF830000B9001208DF835000020A7
:100EE0008DF836008DF840001D901B9014908DF801
:100EF00064008DF87A0001208DF8420020202090B7
:100F000001208DF8440000208DF855004FF040502E
:100F100009904FF480400E9000208DF8310002209F
:100F20001F9000208DF878008DF879008DF854001E
:100F300001208DF8340000201A9001208DF87000F7
:100F400009A9204600F0AEFA01208DF804000290B5
:100F5000002000908DF81C008DF80D008DF80C001D
:100F60004FF40010069000208DF814004FF400108C
:100F7000049000208DF81D004FF40670089069461B
:100F8000204600F031FA22B010BD000070B50646D0
:100F90003068D0F8004224F4706405F0B5FA0546D4
:100FA0001348854205D31348854202D244F40074A5
:100FB0001AE01048854205D30F48854202D244F416
:100FC000407411E00C48854203D30C48854200D29E
:100FD0000AE00A48854205D30948854202D244F412
:100FE000807401E044F480643068C0F8004270BD51
:100FF000002D3101C00E16020087930300E1F505B4
:1010000080D1F0080020704710B503F001F910BD41
:1010100010B5024802F0AAFE002010BD740400249E
:1010200070B504460D46164633462A462146044806
:1010300002F04EFE10B14FF0FF3070BD0020FCE713
:101040007404002470B504460D46164633462A46FD
:101050002146044802F076FF10B14FF0FF3070BD1A
:101060000020FCE7740400242DE9F04F06460B46EF
:10107000914606F118042269D4F810C0002754F8EC
:1010800022109D68BA46C86800F00040B0F1004FD9
:1010900004D004F1140050F8220010B10220BDE881
:1010A000F08F187800F00400C8B3C8686FF30F0021
:1010B000D3F824B040EA0B00C860C86840F4803020
:1010C000C8603068006E40F48010D6F800B0CBF8ED
:1010D0006000187800F0080008B3B3F82CB08868F6
:1010E0006BF31F408860C86840F40030C860C8686F
:1010F00020F44020D3F830B040EA0B00C8603068DC
:10110000406E40F48010D6F800B0CBF86400306830
:10111000006D40F08060D6F800B0CBF85000187831
:1011200000F0100058B188686FF30D00D3F818B0C4
:1011300040EA0B008860C86840F08060C86018789A
:1011400000F0040018B9187800F01000F0B1C86879
:1011500040F08040C860C86840F00040C86000BFF0
:10116000521C042A00D3121F00BF54F822107F1C07
:10117000C86800F00040B0F1004F07D154F82C10BF
:10118000C86820F00040C860022088E77F1C2868FB
:10119000086088686FF30D00D5F804B040EA0B00D2
:1011A0008860A86868B1AD68286848608868DFF81A
:1011B00034B200EA0B00B5F804B040EA0B40886096
:1011C00007E0002048608868DFF818B200EA0B00EA
:1011D0008860187800F01000A0B1C86820F4F00012
:1011E000B3F820B040EACB40C860C8686FF3110084
:1011F000D3F81CB040EA0B00C860C86840F48020F7
:10120000C8601FE0C8686FF30E00D3F804B040EA6E
:101210000B00C860187800F0010038B1C86820F4ED
:101220004030D3F814B040EA0B00C860187800F0E2
:10123000200038B1C86820F04060D3F810B040EA10
:101240000B00C860187800F0040038B1886820F4FA
:101250004040D3F828B040EA0B008860C86840F0EE
:101260000050C860C86820F08040C860C86840F07E
:101270000040C860187800F0020038B1C86820F05B
:101280006070D3F80CB040EA0B00C86085E0C86815
:1012900020F08050C86000BF521C042A00D3121FE7
:1012A00000BF54F82210C86820F00050C860C86819
:1012B00000F00040B0F1004F04D004F1140050F8E9
:1012C0002200B8B1624654F822104FF000080DE039
:1012D000C86820F00040C86000BF521C042A00D338
:1012E000121F00BF54F8221008F10108B845EFD3CF
:1012F0000220D4E67F1CAD682868086088686FF318
:101300000D00D5F804B040EA0B008860A86868B109
:10131000AD68286848608868DFF8C8B000EA0B004C
:10132000B5F804B040EA0B40886007E00020486050
:101330008868DFF8B0B000EA0B008860187800F029
:10134000100060B1C8686FF31100D3F81CB040EA18
:101350000B00C860C86840F48020C86013E0C8680B
:101360006FF30E00D3F804B040EA0B00C8601878A1
:1013700000F0010038B1C86820F44030D3F814B050
:1013800040EA0B00C8600AF1010AC86840F000405A
:10139000C860C86820F08040C860A86800287FF452
:1013A00076AFB9F1000F04D0886840F00040886043
:1013B00003E0886820F000408860C86840F08050F2
:1013C000C86004F11400D4F824B040F822B02261BF
:1013D00072B60AF10100D4F828B05844A06262B68F
:1013E00000205CE6FFFF00C010B5036803F58053E2
:1013F0001B6847F60204A3430C682343046804F502
:10140000805423600C798B6843EA04330C7B43EAF5
:10141000C432036803F580535B684DF20104A343B3
:101420001343046804F5805463604C7B0B6A43EA01
:101430000442036803F58053D3F80031164C23406F
:101440001343046804F58054C4F800310C7D0B6923
:1014500043EA04134C7F43EA0432036803F58053E4
:10146000D3F804310D4C23401343046804F5805431
:10147000C4F804310C7F8B6943EAC472036803F536
:101480008053D3F80831064C23401343046804F515
:101490008054C4F8083110BD00C0FEFFEFEFC0FF5C
:1014A000FFFFC07F10B50C688B6823430C7943EABB
:1014B000C4630C7B43EAC4534C7B43EA84538C7B68
:1014C00043EA4453CC7B43EA04530C7C0CB901241B
:1014D00000E0002443EAC4434C7C0CB9012400E042
:1014E000002443EA44438C7C43EA04434C6923438D
:1014F0008C6923430C7F43EA04334C7F43EAC423C3
:101500008C7F0CB9012400E0002443EA8423CC7FC3
:1015100043EA442391F820400CB9012400E0002460
:1015200043EA042351F8244F23430C7943EA04137C
:101530008C6843EA040203681B683D4C2340134354
:10154000046823600B7E5B060C7D43EA04630C7B1E
:1015500043EA84434C7B43EA44438C7B24390CB9F3
:10156000012400E0002443EA04434C6B43EA0402F4
:1015700003685B682F4C234013430468636091F851
:1015800040404B6C43EA04220368DB6840F20F14CE
:10159000A34313430468E36091F854400B6D43EA9E
:1015A000440391F84C400CB9012400E0002443EAC4
:1015B000C41331F8484F43EA044203681B6F4FF6E7
:1015C0000D7423401343046823678B7B4C7B43EAF1
:1015D00044020368D3F8903023F0030313430468F4
:1015E000C4F890300368D3F8003D23F072030C690F
:1015F00023430468C4F8003D0C7E4B6948390CB99C
:10160000012400E0002443EA841391F8614043EA96
:10161000041391F8624043EAC4020368D3F8303DF2
:1016200023F07B0313430468C4F8303D10BD000071
:10163000838004000080F8C070B50446B3F5804F85
:1016400013D1D1E9000540EA05108D6840EA052074
:101650008D6928438D8940EA054054F82250064E92
:101660003540284344F8220003E06FF0704044F80E
:101670002200002070BD00000000F0CF70B50246CF
:10168000086852F8200020F001000E6842F8260099
:101690008868082801D1402500E0002548682843D3
:1016A0008E683043CE6830430E6930434E69304314
:1016B0008E693043CE6930430E6A30434E6A304300
:1016C0008E6A3043CE6A40EA0603086B0343486BD8
:1016D0000343886B0343114C44F4801444F4001416
:1016E00044F4E024086852F82000A04318430E6830
:1016F00042F82600086BB0F5801F07D1086828B1B2
:10170000106820F480100E6B30431060086818B128
:1017100010684E6B30431060002070BD7FFB0800E6
:1017200030B50346D1E9000540EA05108D6840EA6E
:1017300005208D8940EA0545088A401E45EA005586
:10174000087D801E45EA00608D692843551C53F8CA
:10175000255005F040452843551C43F825001868DE
:1017600000F48010B0F5801F0BD1586820F470048D
:10177000088A401E44EA0054586820F47000204350
:101780005860002030BD02460868B0B9D1E90103B5
:101790001843CB6818430B6918434B6918438B698E
:1017A0001843CB6918430B6A18434B6A18431368F4
:1017B0006FF30E031843106019E0D1E907031843D3
:1017C0004B6A1843136823F4F84318431060D1E9B7
:1017D00001031843CB6818430B6918434B6918433E
:1017E0008B69184353686FF30E0318435060002051
:1017F00070470246506943F6FE73984340EA410041
:1018000050610020704710B50346D1E90004204321
:101810008C68641E40EA4410CC6840EA44201C698D
:101820006FF3150420431861002010BD30B5034646
:10183000FAB90868401E4C68641E40EA04148868BF
:10184000401E44EA0024C868401E44EA0034088A66
:10185000401E44EA0044888A401E44EA0054087E40
:10186000401E44EA00609C6804F070442043986085
:1018700022E0C868401E0403888A401E44EA0050E3
:101880009C680E4D2C40204398600868401E4C68B0
:10189000641E40EA04148868401E44EA0024088A52
:1018A000401E44EA0044087E401E44EA0060DC68B2
:1018B00004F070442043D860002030BDFF0F0FFFBC
:1018C000F8B504460D4616460020009000BF94F877
:1018D0005000012801D10220F8BD012084F85000F9
:1018E00000BF2046FEF7F6FE0746A7BB606D20F45A
:1018F000885040F002006065206805F4803141F0B6
:10190000004106F0804211438268194B1A4011438E
:10191000816000BF13E00098401C009015490098BA
:1019200088420CD3606D20F0020040F0100060652A
:1019300000BF002084F8500000BF0120CCE72068E1
:101940008168C90F0029E6D1606D20F0020040F0E7
:101950000100606504E0FFE7606D40F01000606525
:1019600000BF002084F8500000BF3846B4E70000F4
:10197000C0FFFE3F00F8C3252DE9F84F04460D4691
:101980004FF0000A0020009094F83800012800D1A0
:1019900000E000BFF849E868884200D00EE0F7494F
:1019A0002068884200D100BFF5492068884200D1F4
:1019B00000BFF4492068884200D100BF00BF94F8FE
:1019C0005000012802D10220BDE8F88F012084F8E0
:1019D000500000BF206806F02AF800287ED1206859
:1019E000C1692868C0F3130018B92868C0F384607F
:1019F00004E0286890FAA0F0B0FA80F000F01F022E
:101A00000120904001432068C1612168D5E9002090
:101A100001F1300CC0F3012B0CEB8B03D3F800C0A9
:101A200000F01F0E4FF01F0B0BFA0EFB2CEA0B0CF5
:101A300000F01F0BC2F3846E0EFA0BFE4CEA0E0C84
:101A4000C3F800C000BF206805F0F1FF81462068A0
:101A500005F0D9FF8046B9F1000F6FD1B8F1000F42
:101A6000FBD1AA682968206805F0F8FFC64800681D
:101A700000F07040B0F1805F07D168692168C968E3
:101A8000C1F382014900884014E02068C06800F07A
:101A9000100038B968692168C968C1F3820149003A
:101AA000884007E068692168C96801F01001890869
:101AB0004900884007462869042840D020682A68E1
:101AC000296900F1600C0CEB8103D3F800C00CF025
:101AD000004C02F0F84B4BEA070B00E0CCE14CEA7B
:101AE0000B0CC3F800C000BF20686A7E2969012A78
:101AF00001D1D20700E00022134600F1600C0CEB8C
:101B00008102D2F800C02CF0004C4CEA030CC2F861
:101B100000C000BF20682B7E2969012B01D1DB02A8
:101B200000E000231A46036923F4F04301F01F0C80
:101B300002FA0CFC43EA0C03036100BF37E02068A3
:101B4000006E00F0F8402978B0EB816F05D1206875
:101B5000006E20F00040216808662068406E00F0AA
:101B6000F8402978B0EB816F05D12068406E20F0F5
:101B70000040216848662068806E00F0F8402978AF
:101B8000B0EB816F05D12068806E20F000402168A5
:101B900088662068C06E00F0F8402978B0EB816F4D
:101BA00005D12068C06E20F000402168C86620681A
:101BB00005F033FF002872D12068EA682968D0F860
:101BC000C030C1F3130C23EA0C0302F0180BDFF84A
:101BD000BCC12CFA0BFC0CEA010C43EA0C03C0F864
:101BE000C03000BF6449E86888427DD12B68C3F3E8
:101BF00013031BB92B68C3F3846304E02B6893FAC7
:101C0000A3F3B3FA83F35B1C03F01F03092B3ED845
:101C10002B68C3F313031BB92B68C3F3846304E07D
:101C20002B6893FAA3F3B3FA83F35B1C03F01F034F
:101C30004FF0010C0CFA03FC2B68C3F313031BB920
:101C40002B68C3F3846304E02B6893FAA3F3B3FA1D
:101C500083F35B1C03F01F034CEA836C2B68C3F314
:101C600013031BB92B68C3F3846304E02B6893FA56
:101C7000A3F3B3FA83F35B1C03F01F0303EB4303EB
:101C80004FF0000B4BEA03534CEA030341E02B688F
:101C9000C3F3130323B92B68C3F3846305E0A9E0FE
:101CA0002B6893FAA3F3B3FA83F35B1C03F01F03CF
:101CB0004FF0010C0CFA03FC2B68C3F313031BB9A0
:101CC0002B68C3F3846304E02B6893FAA3F3B3FA9D
:101CD00083F35B1C03F01F034CEA836C2B68C3F394
:101CE00013032BB92B6800E018E0C3F3846304E00E
:101CF0002B6893FAA3F3B3FA83F35B1C03F01F037F
:101D00000A3B03EB43034FF0007B4BEA03534CEADF
:101D100003031946AA68206805F0A0FE286800F0B1
:101D20000040002866D0154A2168914203D0144A29
:101D30002168914201D1164900E0164908468168A0
:101D400001F0E07600BF0D492068884203D00C49BD
:101D50002068884201D10E4800E00E480C498842B4
:101D60001AD1064805F059FE8346054805F055FE90
:101D70004BEA000013E000000000FF470020024093
:101D800000210240006002580010005CFFFF0F00BD
:101D900000230240006302583E4805F03EFEE8BBC7
:101DA0003D492868884226D106F4000018BB39490D
:101DB0002068884266D1394B22689A4203D0384B5A
:101DC00022689A4201D1374A00E0374A104646F469
:101DD000000105F057FE354800683549B0FBF1F0C9
:101DE000401C4000009002E00098401E00900098C7
:101DF0000028F9D146E02F492868884219D106F019
:101E00008070B0B92349206888423BD1234B2268B7
:101E10009A4205D0224B22689A4200E025E001D187
:101E2000204A00E0204A104646F0807105F02AFE64
:101E300028E021492868884224D106F4800008BBA4
:101E40001449206888421DD1144B22689A4203D05D
:101E5000134B22689A4201D1124A00E0124A1046FE
:101E600046F4800105F00EFE0CE0606D40F02000AD
:101E700060654FF0010A05E0606D40F0200060658C
:101E80004FF0010A00BF002084F8500000BF504608
:101E90009AE5000000600258000084CB0020024058
:101EA0000021024000230240006302580000002489
:101EB000400D0300000052C70000B8CF70477047C4
:101EC000704700002DE9F84F04464FF0000900204C
:101ED000009014B90120BDE8F88FE06818B1207FA8
:101EE000012800D100BF606D30B9204600F030F904
:101EF0000020A06584F8500020688168C1F340711B
:101F000031B120688168874A1140816000BF00BFFD
:101F1000206805F087FDA8B920688168824A1140D1
:101F200041F08051816000BF804800688049B0FB6B
:101F3000F1F0401C009002E00098401E00900098D4
:101F40000028F9D1206805F06DFD48B9606D40F0BA
:101F500010006065A06D40F00100A0654FF0010920
:101F6000206805F064FD0646606D00F01000002852
:101F70007ED1002EFCD1606D20F4807040F0020014
:101F80006065206805F049FD78BB6A492068884291
:101F900003D069492068884201D1684800E0684858
:101FA0006649884209D1634805F037FD8246624898
:101FB00005F033FD4AEA000002E0624805F02DFD1D
:101FC00098B95C4B22689A4203D05B4B22689A42D4
:101FD00001D15A4A00E05A4A10466168826822F4E8
:101FE0007C120A43826000BF00BF02F00BF941F28D
:101FF000030188420ED9A06810280BD1607D216BA7
:1020000041EA4030A168084340F00C01207F41EADA
:10201000004508E0607D216B41EA4030A16808433B
:10202000217F40EA0145207F012803D1208C401EFA
:1020300045EA4045606A28B1A08C00F47870A16A36
:10204000084305432068C0683F4908402843216889
:10205000C860206805F0EBFC8046206805F0D3FCE2
:102060000746B8F1000F3BD1D7BB207DE16A00E005
:1020700050E041EA80352068C06844F2030188439B
:1020800028432168C86094F83800012817D1606A95
:1020900008B1A06A00B900BFA08F401E012141EA2B
:1020A0000041206C0843616C0843A16C084321681F
:1020B0000969264A114008432168086105E0206843
:1020C000006920F00100216808612068006920F0A3
:1020D0007040616B0843216808612046FEF7EAF909
:1020E000E068012809D12068006B20F00F00A16989
:1020F000491E08432168086305E02068006B20F052
:102100000F0021680863606D20F0020040F00100BC
:10211000606505E0606D40F0100060654FF00109FA
:102120004846D8E6C0FFFF5FC0FFFF7F00000024E5
:10213000400D030000200240002102400023024025
:10214000006302580060025803C0F0FF1EF800FC54
:1021500010B586B004461E492068884236D100BFBB
:1021600000BF1C48006840F020001A49086008467B
:10217000006800F02000009000BF00BF00BF00BF5B
:1021800000BF14480830006840F0010011490831D0
:1021900008600846006800F00100009000BF00BF22
:1021A00000BF0C488038006820F4403040F4003014
:1021B0000849803908602020019003200290002007
:1021C000039001A9044801F007FF00BF06B010BD4D
:1021D00000200240D8440258000002582DE9F04186
:1021E00004460F469046434A2168914203D0424A32
:1021F0002168914201D1414900E04149084605F07A
:10220000FDFB0646206805F012FC00286ED100BFD9
:1022100094F85000012802D10220BDE8F08101208D
:1022200084F8500000BF1EB1052E01D0092E57D1F1
:102230002046FEF799FA0546002D4CD1606D40F618
:102240000161884340F4807060652B4920688842B2
:1022500001D1284800E020682168884200D01EB9DA
:10226000606D20F480106065606D00F4805020B1D6
:10227000A06D20F00600A06501E00020A0652148C7
:10228000E16CC8632048E16C08642048E16CC864D4
:102290001C202168086000BF002084F8500000BFA7
:1022A0002068406840F0100021684860E16A2068BA
:1022B000C26822F003020A43C26000BF226802F132
:1022C000400143463A46E06C00F0ECFE05462068CB
:1022D00005F0BCFB0BE000BF002084F8500006E0D6
:1022E000012500BF002084F8500000E002252846A8
:1022F00093E700000020024000210240002302403A
:102300000063025815060008C5060008A706000865
:102310002DE9F041044601F07BFF804614B901200D
:10232000BDE8F08194F83500022808D0802060656F
:1023300000BF002084F8340000BF0120F0E7FE4910
:102340002068884249D0FC4918312068884244D02E
:10235000F9493031206888423FD0F7494831206838
:1023600088423AD0F44960312068884235D0F24939
:1023700078312068884230D0EF4990312068884217
:102380002BD0ED49A8312068884226D0EB4920683F
:10239000884222D0E9491831206888421DD0E74997
:1023A00030312068884218D0E4494831206888429A
:1023B00013D0E2496031206888420ED0DF4978317D
:1023C0002068884209D0DD4990312068884204D0D5
:1023D000DA49A8312068884201D1012000E00020BC
:1023E00068B12068006820F01E002168086020683D
:1023F000406920F0800021684861256806E0206877
:10240000006820F00E00216808602568CA4920682D
:10241000884270D0C8491831206888426BD0C649BC
:1024200030312068884266D0C349483120688842EC
:1024300061D0C1496031206888425CD0BE497831A2
:102440002068884257D0BC4990312068884252D0D9
:10245000B949A831206888424DD0B84920688842DF
:1024600049D0B64918312068884244D0B349303148
:10247000206888423FD0B1494831206888423AD02C
:10248000AE4960312068884235D0AC497831206847
:10249000884230D0A9499031206888422BD0A74982
:1024A000A8312068884226D0A5492068884222D0D9
:1024B000A3491431206888421DD0A14928312068E1
:1024C000884218D09E493C312068884213D09C49EC
:1024D0005031206888420ED0994964312068884282
:1024E00009D0974978312068884204D094498C31CA
:1024F0002068884201D1012000E0002028B1206E30
:10250000006820F48070216E08608B492068884242
:1025100049D0894918312068884244D086493031F1
:10252000206888423FD084494831206888423AD0A8
:10253000814960312068884235D07F4978312068F0
:10254000884230D07C499031206888422BD07A492B
:10255000A8312068884226D078492068884222D055
:1025600076491831206888421DD07449303120687E
:10257000884218D0714948312068884213D06F4989
:102580006031206888420ED06C49783120688842DA
:1025900009D06A4990312068884204D06749A8313F
:1025A0002068884206D12068006820F00100216878
:1025B000086005E02068006820F0010021680860DC
:1025C00011E001F025FEA0EB080005280BD9202022
:1025D0006065032084F8350000BF002084F83400D3
:1025E00000BF01209CE6286800F001000028E8D127
:1025F00051492068884249D04F49183120688842A3
:1026000044D04D493031206888423FD04A49483152
:10261000206888423AD0484960312068884235D0E5
:10262000454978312068884230D04349903120684C
:1026300088422BD04049A8312068884226D03F49A3
:102640002068884222D03D491831206888421DD038
:102650003A4930312068884218D0384948312068DA
:10266000884213D035496031206888420ED0334902
:1026700078312068884209D03049903120688842FA
:1026800004D02E49A8312068884201D1012000E001
:10269000002040B1A66D94F85C0000F01F013F20BF
:1026A0008840B06007E0A76D94F85C0000F01F015F
:1026B00001208840786020492068884276D01E49F1
:1026C00018312068884271D01B4930312068884217
:1026D0006CD0194948312068884267D0164960316A
:1026E0002068884262D014497831206888425DD0E1
:1026F000114990312068884258D00F49A83120688C
:10270000884253D00D49206888424FD00B49183178
:10271000206888424AD0094930312068884245D033
:10272000064948312068884240D004496031206819
:1027300088423BD0014905E01000024010040240ED
:10274000085402587831206888422FD025492068E3
:1027500088422BD0234918312068884226D022494C
:102760002068884222D020491431206888421DD038
:102770001D4928312068884218D01B493C31206807
:10278000884213D018495031206888420ED016492B
:1027900064312068884209D0134978312068884222
:1027A00004D011498C312068884201D1012000E019
:1027B000002068B1D4E919104860E06E40B1E06EC5
:1027C000006820F48070E16E0860D4E91C10486055
:1027D000012084F8350000BF002084F8340000BFD9
:1027E00000BF9DE5A00402400854025870B504469D
:1027F0000CB9012070BD94F83500022803D0802068
:1028000060650120F6E7DC492068884249D0DA4952
:1028100018312068884244D0D74930312068884236
:102820003FD0D5494831206888423AD0D2496031FA
:102830002068884235D0D04978312068884230D02D
:10284000CD499031206888422BD0CB49A8312068EF
:10285000884226D0C9492068884222D0C749183109
:10286000206888421DD0C54930312068884218D080
:10287000C24948312068884213D0C049603120687D
:1028800088420ED0BD4978312068884209D0BB49C2
:1028900090312068884204D0B849A8312068884225
:1028A00001D1012000E00020F0B3042084F83500BD
:1028B000B149206888424BD0AF491831206888421E
:1028C00046D0AD4930312068884241D0AA494831CC
:1028D000206888423CD0A84960312068884237D0BF
:1028E000A54978312068884232D0A34990312068C8
:1028F00088422DD0A049A8312068884228D09F491D
:102900002068884224D09D491831206888421FD011
:102910009A493031206888421AD098494831206855
:10292000884215D0954900E020E060312068884257
:102930000ED0924978312068884209D08F49903171
:102940002068884204D08D49A8312068884206D189
:102950002068006820F001002168086009E1206813
:10296000006820F001002168086002E1206800682A
:1029700020F00E00216808607F492068884249D015
:102980007D4918312068884244D07B493031206825
:1029900088423FD078494831206888423AD0764909
:1029A00060312068884235D0734978312068884288
:1029B00030D071499031206888422BD06E49A831BF
:1029C0002068884226D06D492068884222D06B4911
:1029D0001831206888421DD068493031206888420B
:1029E00018D0664948312068884213D06349603165
:1029F000206888420ED0614978312068884209D029
:102A00005E4990312068884204D05C49A831206832
:102A1000884206D12068006820F001002168086023
:102A200005E02068006820F0010021680860524934
:102A30002068884270D050491831206888426BD095
:102A40004D4930312068884266D04B494831206872
:102A5000884261D048496031206888425CD046494C
:102A600078312068884257D04349903120688842A5
:102A700052D04149A831206888424DD03F49206852
:102A8000884249D03D4918312068884244D03B49AA
:102A90003031206888423FD0384948312068884228
:102AA0003AD0364960312068884235D03349783190
:102AB0002068884230D031499031206888422BD03C
:102AC0002E49A8312068884226D02D4920688842A6
:102AD00022D02B491431206888421DD02849283142
:102AE0002068884218D026493C312068884213D09B
:102AF00023495031206888420ED021496431206832
:102B0000884209D01E4978312068884204D01C4987
:102B10008C312068884201D1012000E00020D8B12A
:102B2000206E006820F48070216E0860A56D94F816
:102B30005C0000F01F01012088406860D4E9191092
:102B40004860E06E40B1E06E006820F48070E16E95
:102B50000860D4E91C104860012084F8350000BFEB
:102B6000002084F8340000BF206D10B12046216D94
:102B7000884700203EE6000010000240100402409A
:102B8000085402582DE9F041044601F041FB80460B
:102B900014B90120BDE8F081FE492068884249D07F
:102BA000FC4918312068884244D0FA493031206805
:102BB00088423FD0F7494831206888423AD0F549E9
:102BC00060312068884235D0F249783120688842E7
:102BD00030D0F0499031206888422BD0ED49A8319F
:102BE0002068884226D0EC492068884222D0EA49F1
:102BF0001831206888421DD0E7493031206888426A
:102C000018D0E54948312068884213D0E249603144
:102C1000206888420ED0E04978312068884209D087
:102C2000DD4990312068884204D0DB49A831206812
:102C3000884201D1012000E00020002873D0606AA2
:102C400000B100BF022084F8350000BF002084F8E6
:102C5000340000BFCF492068884249D0CD4918319F
:102C60002068884244D0CB493031206888423FD028
:102C7000C8494831206888423AD0C6496031206846
:102C8000884235D0C34978312068884230D0C14964
:102C90009031206888422BD0BE49A83120688842F4
:102CA00026D0BD492068884222D0BB49183120680F
:102CB00088421DD0B84930312068884218D0B649C2
:102CC00048312068884213D0B34960312068884277
:102CD0000ED0B14978312068884209D0AE49903190
:102CE0002068884204D0AC49A8312068884206D1C7
:102CF0002068006820F001002168086005E0206875
:102D0000006820F00100216808600DE001F080FA01
:102D1000A0EB0800052807D920206065032084F86F
:102D20003500012036E76AE02068006800F0010005
:102D30000028EBD12068056898480540D4E90201D5
:102D400008432169084361690843A1690843E169AF
:102D50000843216A08430543606A042803D1D4E983
:102D60000B01084305438E4800686FF30F00B0F174
:102D7000005F1DD36068292802D360682E2811D90E
:102D800060683F2802D3606842280BD960684728F2
:102D900002D36068482805D960684F2804D360686A
:102DA000522801D8012000E0002008B145F4801528
:102DB000206805602068456925F00705606A0543BD
:102DC000606A04280DD1A06A0543E06A48B1204634
:102DD000FDF76CFE28B140206065012084F83500C5
:102DE000D8E6206845612046FDF73CFD064694F88C
:102DF0005C0000F01F013F208840B0609EE0694900
:102E00002068884222D067491431206888421DD04A
:102E1000644928312068884218D062493C312068D2
:102E2000884213D05F495031206888420ED05D49F6
:102E300064312068884209D05A4978312068884234
:102E400004D058498C312068884201D1012000E02B
:102E50000020E0B353492068884222D05149143100
:102E6000206888421DD04F4928312068884218D0F8
:102E70004C493C312068884213D04A49503120687F
:102E800088420ED0474964312068884209D04549BC
:102E900078312068884204D042498C3120688842C9
:102EA00001D1012000E0002000B100BF022084F821
:102EB000350000BF002084F8340000BF206805689A
:102EC00039480540A068402802D1102106E02EE0D4
:102ED000A068802801D1C10100E00021E06841EA3A
:102EE000D001206941EAD001606941EAD001A069BE
:102EF00041EAD001E06941EAD001206A41EA1010BC
:102F000005432068056027492068401A1421B0FB5A
:102F1000F1F08000E0652046FDF7A4FC074694F838
:102F20005C0000F01F0101208840786006E040202E
:102F30006065032084F8350001202BE615492068E0
:102F400088427FD013491831206888427AD01149CD
:102F500030312068884275D00E4948312068884257
:102F600070D00C496031206888426BD009497831B3
:102F70002068884266D0074990312068884261D035
:102F80000449A831206888425CD0034920688842FF
:102F900058D00BE010000240100402403F8010FEA9
:102FA0000010005C085402580F00FEFF3B49183126
:102FB0002068884246D0394930312068884241D063
:102FC00036494831206888423CD034496031206815
:102FD000884237D0314978312068884232D02F4931
:102FE0009031206888422DD02C49A8312068884231
:102FF00028D02B492068884224D0294914312068E0
:1030000088421FD026492831206888421AD0244996
:103010003C312068884215D02149503120688842CF
:1030200010D01F496431206888420BD01C49783188
:103030002068884206D01A498C312068884200E016
:1030400000E001D1012000E0002000B32046FDF7A0
:103050007FFCA068802801D1002060602079216E6B
:103060000860D4E919104860606860B16068082899
:1030700009D82046FDF7CEFC0020E16E0860D4E9B7
:103080001C10486003E00020E066206760670020B5
:103090006065012084F8350000207BE510040240C3
:1030A000085402582DE9F04104460D4616461F46C5
:1030B0004FF0000814B90120BDE8F08100BF94F87A
:1030C0003400012801D10220F6E7012084F8340001
:1030D00000BF94F8350001287ED1022084F8350025
:1030E00000206065E4492068884249D0E2491831EF
:1030F0002068884244D0E0493031206888423FD07F
:10310000DD494831206888423AD0DB496031206887
:10311000884235D0D84978312068884230D0D649A5
:103120009031206888422BD0D349A831206888424A
:1031300026D0D2492068884222D0D0491831206850
:1031400088421DD0CD4930312068884218D0CB4903
:1031500048312068884213D0C849603120688842CD
:103160000ED0C64978312068884209D0C3499031D1
:103170002068884204D0C149A8312068884206D11D
:103180002068006820F001002168086005E02068E0
:10319000006820F00100216808603B46324629465D
:1031A0002046FDF7DBFCB449206888424BD0B24989
:1031B00018312068884246D0AF49303120688842B3
:1031C00041D0AD494831206888423CD0AA4960319D
:1031D0002068884237D000E042E1A7497831206872
:1031E000884230D0A4499031206888422BD0A2492F
:1031F000A8312068884226D0A0492068884222D081
:103200009E491831206888421DD09C493031206881
:10321000884218D0994948312068884213D097498C
:103220006031206888420ED0944978312068884205
:1032300009D0924990312068884204D08F49A83142
:103240002068884201D1012000E0002080B1206880
:10325000006820F01E0040F0160021680860206C15
:10326000B0B12068006840F00800216808600FE0F5
:103270002068006820F00E0040F00A002168086015
:10328000206C28B12068006840F0040021680860C4
:1032900079492068884270D077491831206888427F
:1032A0006BD0754930312068884266D07249483108
:1032B0002068884261D070496031206888425CD0C3
:1032C0006D4978312068884257D06B499031206829
:1032D000884252D06849A831206888424DD0674959
:1032E0002068884249D0654918312068884244D016
:1032F00062493031206888423FD0604948312068B7
:1033000088423AD05D4960312068884235D05B49B7
:1033100078312068884230D05849903120688842FE
:103320002BD05649A8312068884226D054492068BD
:10333000884222D052491431206888421DD0504919
:1033400028312068884218D04D493C312068884295
:1033500013D04B495031206888420ED0484964311F
:103360002068884209D0464978312068884204D0D4
:1033700043498C312068884201D1012000E00020BF
:1033800090B1206E006800F4803028B1206E006893
:1033900040F48070216E0860E06E28B1E06E006835
:1033A00040F48070E16E086033492068884249D05B
:1033B000314918312068884244D02F493031206883
:1033C00088423FD02C494831206888423AD02A4967
:1033D00060312068884235D027497831206888429A
:1033E00030D025499031206888422BD02249A8311D
:1033F0002068884226D021492068884222D01F496F
:103400001831206888421DD01C493031206888421C
:1034100018D01A4948312068884213D017496031C2
:10342000206888420ED0154978312068884209D03A
:10343000124990312068884204D01049A831206890
:10344000884206D12068006840F0010021680860C9
:1034500010E02068006840F001002168086009E081
:103460004FF40060606500BF002084F8340000BFA6
:103470004FF0010840461FE61000024010040240D1
:1034800008540258F0B5044604F14402536952F856
:1034900023109669906908B90120F0BDD06900B188
:1034A000761C002522E0086908604FF08070C86033
:1034B000486928B148698860C86840F00070C860F1
:1034C000C86840F00040C860106A18B1C86840F091
:1034D0008040C860701EA84207D900BF5B1C042B47
:1034E00000D31B1F00BF52F823106D1CB542DAD366
:1034F000206800F58050C0F8281100209061002756
:10350000276600BFC9E730B504460D4604F1440004
:1035100050F825100AB1042D02D30120606730BD98
:103520000A600A61C86840F08070C8602BB18B6087
:103530004B61C86840F00070C860C86840F0004047
:10354000C8600020EBE7024609B901207047106807
:10355000006800F00C00C86210680068C0F300103A
:1035600081F828001068006800F060004862106868
:103570000068C0F3002080F0010081F8200010688E
:103580000068C0F34020C87710680068C0F380204E
:1035900080F00100887710680068C0F3C020487789
:1035A00010680068C0F3003008771068006800F405
:1035B000005088611068006800F48040486110681D
:1035C0000068C0F30040887410680068C0F3404091
:1035D00080F00100487410680068C0F3C04080F0BB
:1035E0000100087410680068C0F30050C8731068C8
:1035F0000068C0F34050887310680068C0F38050C2
:10360000487310680068C0F3C05008731068006801
:1036100000F0E060886010680068C0F3C060087166
:103620001068006800F0E040086010684068C0F36F
:103630000D00486310684068C0F3004080F001004E
:1036400081F8320010684068C0F3404081F83100D2
:1036500010684068C0F3804081F83000106840680E
:10366000C0F3006081F8380010684068C0F344601F
:10367000C8631068C068C0F3002081F8400010687B
:10368000C06800F00F0048641068006FC0F340008D
:1036900081F854001068006FC0F3C01080F0010082
:1036A00081F84C001068006F00F070000865106829
:1036B000006F000C88641068D0F8900000F00100E2
:1036C00081F856001068D0F89000C0F3400081F8EF
:1036D00055001068D0F8000D00F072008865106881
:1036E000D0F8300D00F02300C8651068D0F8300D18
:1036F000C0F3C00081F862001068D0F8300DC0F34C
:10370000001081F861001068D0F8300DC0F380100F
:1037100080F0010081F86000002017E72DE9F84FE4
:1037200005468A4605F14407D7F81480002000902A
:1037300057F8286054461CB901206867BDE8F88F27
:10374000B86948B9284600F011F908B90120F5E731
:10375000D7F8148057F828604FF0000B1CE0306950
:10376000206068696060706920B1A4687069206039
:1037700068696060F068C0F30E00009000BF08F157
:103780000108B8F1040F01D3A8F1040800BF57F8ED
:103790002860A4680BF1010BB869401E5845DED8BB
:1037A000F068C0F30E010098A1EB000930692060B9
:1037B0006869484502D3C4F804900DE0706948B1C7
:1037C00068696060A468706920606869A9EB00009E
:1037D000606001E00120B1E70020AFE72DE9F04192
:1037E00080460E4608F144046569A06930B9404638
:1037F00000F0BCF810B90120BDE8F08100BFA0695D
:10380000401E0544042D00D32D1F00BF54F8257021
:10381000F868C0F30E0030600020EDE738B50446CC
:103820000CB9012038BDE06E10B9204600F028F92F
:103830002320E06600BF4B48006840F00200494981
:1038400008600846006800F00200009000BF00BF5A
:10385000207A18B9002003F037FD03E04FF4000090
:1038600003F032FD206800F58050006840F001014F
:10387000206800F58050016000F0CAFC05460BE0AE
:1038800000F0C6FC401BB0F5FA7F05D90420606744
:10389000E020E0660120C5E7206800F58050006860
:1038A00000F001000028EBD12046FDF76FFB02F08D
:1038B0002BFE2D49B0FBF1F0401E2168C1F8DC0061
:1038C0002046FDF7DFFA206800F58050D0F80001AF
:1038D00020F4E01040F40021206800F58050C0F88A
:1038E0000011207D00F0030028B101206067E02076
:1038F000E066012096E7206800F58050D0F80801C6
:1039000047F6FE718843616940EA4101206800F58D
:103910008050C0F808112046FDF78BFA2046FDF7CD
:1039200058FA606800796168497940EA01202168A5
:10393000C1F800036068C07800066168897840EAD1
:1039400001406168497840EA0120616809780843CC
:103950002168C1F80403002060671020E06620673A
:1039600000205FE7F444025840420F00F0B50746DC
:1039700007F14403196953F821200025002400268B
:10398000986908B10020F0BD3DE06D1CD06800F0E2
:10399000805000B3641C012C00D10E4600BF491CAE
:1039A000042900D3091F00BF53F82120D06800F07C
:1039B000004058B9D06800F0804038B10120D8618B
:1039C00000BF491C042900D3091F00BF19615E61B3
:1039D0009C610120D7E7D06800F0005050B10E463E
:1039E000012400BF491C042900D3091F00BF53F85C
:1039F000212008E0641C00BF491C042900D3091FD2
:103A000000BF53F82120D06800F0004008B9042D11
:103A1000BBD384B319615E61314653F82120002580
:103A200022E0106910604FF08070D060506928B1BA
:103A300050699060D06840F00070D060D06840F06D
:103A40000040D060186A18B1D06840F08040D06063
:103A5000601EA84207D900BF491C042900D3091FD2
:103A600000BF53F821206D1CA542DAD3386800F559
:103A70008050C0F828210020986100BF83E7000033
:103A800030B587B0054600BF00BF8C48006840F0E5
:103A900001008A4908600846006800F001000190B2
:103AA00000BF00BF00BF00BF00BF0846006840F075
:103AB000010008600846006800F00100019000BFA6
:103AC00000BF00BF00BF00BF0846006840F0010013
:103AD00008600846006800F00100019000BF00BFC8
:103AE00000BF00BF00BF0846006840F00400086047
:103AF0000846006800F00400019000BF00BF00BF4E
:103B000000BF00BF0846006840F004000860084697
:103B1000006800F00400019000BF00BF00BF00BFBC
:103B200000BF0846006840F00400086008460068CE
:103B300000F00400019000BF00BF00BF00BF00BF45
:103B40000846006840F0020008600846006800F07F
:103B50000200019000BF00BF00BF00BF00BF0846C9
:103B6000006840F0400008600846006800F040002F
:103B7000019000BF00BF00BF00BF00BF0846006843
:103B800040F0400008600846006800F040000190E6
:103B900000BF00BF00BF00BF48480838006840F4BD
:103BA00000404649083908600846006800F40040B3
:103BB000019000BF00BF00BF0846006840F480309D
:103BC00008600846006800F48030019000BF00BF24
:103BD00000BF0846006840F40030086008460068EE
:103BE00000F40030019000BF00BF0220029003905B
:103BF00000200490032005900B20069002A9304875
:103C000000F0EAF90420029002A92D4800F0E4F93E
:103C10008020029002A92A4800F0DEF902200290DA
:103C200002A9284800F0D8F91020029002A92548DE
:103C300000F0D2F92020029002A9224800F0CCF92D
:103C40004FF40060029002A91F4800F0C5F94FF43C
:103C50000050029002A91D4800F0BEF94FF48040C8
:103C6000029002A9194800F0B7F910F013FA0220E7
:103C700007F0E4F804467CB100BF012107200FF0F3
:103C8000CEFE642005F0C0FD002107200FF0C7FE26
:103C9000642005F0B9FD0DE0002107200FF0BFFE04
:103CA000642005F0B1FD012107200FF0B8FE64206B
:103CB00005F0AAFD10F0F0F907B030BDE04402585D
:103CC0000000025800080258000402580018025868
:103CD0002DE9F04704460F46904699462068D0F8F3
:103CE000000200F0010010B10120BDE8F08720685B
:103CF000D0F8005225F0787040EA475525F4F810C6
:103D000040EA084545F00C0545F001052068C0F87B
:103D1000005200F07DFA064607E000F079FA801BB9
:103D2000B0F57A7F01D90120DFE72068D0F80002E2
:103D300000F001000028F0D12068D0F8040280B221
:103D4000C9F800000020D0E770B504460D460DB953
:103D5000012070BD206F102805D129462046FDF7AF
:103D6000A1FB0020F5E70120F3E7000070B506464F
:103D70003068D0F8004224F4706402F0C5FB0546B8
:103D80001348854205D31348854202D244F4007497
:103D90001AE01048854205D30F48854202D244F408
:103DA000407411E00C48854203D30C48854200D290
:103DB0000AE00A48854205D30948854202D244F404
:103DC000807401E044F480643068C0F8004270BD43
:103DD000002D3101C00E16020087930300E1F505A6
:103DE00080D1F0080146C86E10283FD12320C86654
:103DF0000868006840F002000A68106008680068FF
:103E000040F001000A6810600868D0F8000D40F02A
:103E100001000A68C2F8000D086800F58050D0F86B
:103E2000040140F00102086800F58050C0F8042148
:103E3000086800F58050D0F8080140F001020868D9
:103E400000F58050C0F80821086800F58050D0F8CF
:103E5000600140F48172086800F58050C0F860216C
:103E60001020C86622200867002070470120FCE768
:103E70002DE9F04104460F46154637B9606F40F012
:103E8000010060670120BDE8F081E06E102856D186
:103E9000002239462046FDF7E7F828B1606F40F070
:103EA000020060670120EEE704F11800A16A50F8F3
:103EB000218000BFA06A401CA062A06A042802D32F
:103EC000A06A001FA06200BF04F11800A16A50F8A8
:103ED0002110206800F58050C0F8201100F098F9FA
:103EE000064625E0206800F58050D0F8600100F417
:103EF000805068B1606F40F008006067206800F58E
:103F00008050D0F86001A067E020E0660120BAE7A9
:103F1000681C68B100F07CF9801BA84200D83DB94C
:103F2000606F40F004006067E020E0660120AAE7CF
:103F3000D8F80C0000F000400028D3D1A3E70120FE
:103F4000A1E700002DE9F04705460F469046994647
:103F50002868D0F8000200F0010010B10120BDE88F
:103F6000F0872868D0F8004224F0787040EA47547F
:103F700024F4F81040EA084424F00C00041D44F036
:103F800001041FFA89F00D4908600D48C0F800428D
:103F900000F03EF9064607E000F03AF9801BB0F564
:103FA0007A7F01D90120DAE72868D0F8000200F012
:103FB00001000028F0D100BFD1E7000004820240D8
:103FC000008002400348006840F001000149086099
:103FD0007047000020040058F8B502460B46002147
:103FE0006F4DD7E001278F401E6806EA0704002CBA
:103FF00072D01E7906F00306012E04D01E7906F059
:104000000306022E13D190684F000326BE40B04332
:104010004F00DE68BE4030439060506801268E40FD
:10402000B0431E79C6F300168E40304350601E79AF
:1040300006F00306032E09D0D0684F000326BE40C9
:10404000B0434F009E68BE403043D0601E7906F0FA
:104050000306022E13D1CF0802F1200656F82700DE
:104060004E07F70E0F26BE40B0434F07FF0E1E69E6
:10407000BE403043CF0802F1200646F82700106802
:104080004F000326BE40B0431E7906F003064F00E2
:10409000BE40304310605E6806F44036002E78D093
:1040A00000BF404E366846F002063E4F3E603E4638
:1040B000366806F00206009600BF00BF3A4E8F0831
:1040C00056F827008E07370F0F26BE40B043374EF5
:1040D000B24202D100262EE05BE0354EB24201D161
:1040E000012628E0334EB24201D1022623E0324EAF
:1040F000B24201D103261EE0304EB24201D1042665
:1041000019E02F4EB24201D1052614E02D4EB242E5
:1041100001D106260FE02C4EB24201D107260AE05B
:104120002A4EB24201D1082605E0294EB24201D101
:10413000092600E00A268F073F0FBE4030431A4E83
:104140008F0846F827004FF0B0463068A0435E68FD
:1041500006F4801606B120434FF0B0463060706818
:10416000A0435E6806F4001606B120434FF0B04647
:1041700070606868A0435E6806F4003606B12043AC
:1041800068602868A0435E6806F4803606B1204364
:104190002860491C1E68CE40002E7FF423AFF8BD76
:1041A00080000058F44402580804005800000258E7
:1041B0000004025800080258000C0258001002586F
:1041C0000014025800180258001C0258002002581F
:1041D00000240258024613690B400BB1012000E095
:1041E0000020704710B5426921EA020302EA010487
:1041F00043EA0443836110BD0AB1816101E00B040D
:104200008361704701480068000C70470010005C33
:10421000014800687047000014000024034800684B
:1042200003490978084401490860704714000024D4
:104230001C00002410B5052000F002FB02F0AEF9CE
:1042400010490968C1F303210F4A515C01F01F01B5
:1042500020FA01F40B48006800F00F001146085CDA
:1042600000F01F0024FA00F00849086008480460C4
:104270000F2000F00FF808B1012010BD00F08EFAF9
:104280000020FAE718440258F8AA010804000024A4
:104290000000002470B504461148007808B90120D8
:1042A00070BD0F4800784FF47A71B1FBF0F00D4902
:1042B0000968B1FBF0F5284603F024F808B10120A5
:1042C000EEE7102C07D200222146501E00F07BFAA8
:1042D0000548046001E00120E2E70020E0E700007B
:1042E0001C000024000000241800002470B50446BF
:1042F0000E46154600BF94F8A000012801D1022007
:1043000070BD012084F8A00000BF022084F8A10045
:1043100005EB850101EBC50204F1380101EB8200D8
:1043200034223146FCF722F82A463146204603F073
:10433000AFFB01202168486284F8A10000BF002083
:1043400084F8A00000BF00BFDAE7000070B50446A3
:104350000CB9012070BD94F8A10028B9002084F8A0
:10436000A000204600F07EF8022084F8A10020681A
:10437000806920F0704021688861D4E90101084318
:10438000E168084321690843216889690843216875
:104390008861206880683249084021688860A08A66
:1043A000050420688068A169294308432168886062
:1043B0002068C0682A4908402168C860A08B0504AD
:1043C0002068C068216A294308432168C8602068C2
:1043D00000692349084021680861A08C0504206811
:1043E0000069A16A2943084321680861206840697F
:1043F0001B49084021684861A08D05042068406978
:10440000216B294308432168486194F8350005026F
:1044100094F8360006042068C06A00F07F402168E6
:10442000C86246EA050094F8341008432168C96A56
:1044300008432168C8622068406B40F0060021688C
:1044400048632068806940F001002168886100208D
:10445000C4F8A400012084F8A10000207AE700003D
:1044600000F800F010B586B0044600BF5D48006853
:1044700040F008005B4908600846006800F008004A
:10448000009000BF00BF00BF56481038006840F0E1
:1044900010005449103908600846006800F0100008
:1044A000009000BF00BF00BF00BF4E48001F006863
:1044B00040F002004B49091F08600846006800F000
:1044C0000200009000BF00BF00BF00BF00BF084651
:1044D000006840F0200008600846006800F02000F6
:1044E000009000BF00BF00BF00BF00BF08460068CB
:1044F00040F4807008600846006800F48070009006
:1045000000BF00BF00BF00BF00BF0846006840F406
:10451000807008600846006800F48070009000BF5A
:1045200000BF00BF00BF00BF0846006840F0400069
:1045300008600846006800F04000009000BF00BF1F
:1045400000BF00BF0846006840F0800008600846D1
:10455000006800F08000009000BF00BF20200190A4
:104560000120029003900320049001A91E48FFF748
:1045700033FD4FF4806001900220029000200390F0
:10458000032004900E20059001A91848FFF724FD90
:104590004FF40070019001A91548FFF71DFD4FF47D
:1045A0008060019001A91248FFF716FD802001905C
:1045B00001A91048FFF710FD4FF40460019001A914
:1045C0000C48FFF709FD4FF47E40019001A90A480D
:1045D000FFF702FDF720019001A90548FFF7FCFC59
:1045E00006B010BDE44402580004025800140258FA
:1045F0000020025800180258001C02582DE9F04112
:1046000004460E461746984600BF94F8A0000128BD
:1046100002D10220BDE8F081012084F8A00000BF93
:10462000022084F8A10008EB880000EBC80104F127
:10463000380000EB81052E60A86A30446860AF60E6
:10464000E86A3844E86042462946204603F020FAEA
:1046500001202168486284F8A10000BF002084F88E
:10466000A00000BF00BFD5E72DE9F04104460E468B
:104670001746984600BF94F8A000012802D10220F6
:10468000BDE8F081012084F8A00000BF022084F87A
:10469000A10008EB880000EBC80104F1380000EB32
:1046A0008105286830446860A8683844E860AE62D4
:1046B000EF6242462946204603F0EAF901202168CC
:1046C000486284F8A10000BF002084F8A00000BF69
:1046D00000BFD5E74178154A11600178F9B1121D84
:1046E00041681160017B0907C27A41EA0261827A5E
:1046F00041EAC241427B41EA8241827B41EA424136
:10470000C27B41EA0241427A41EA0221027A41EA4D
:10471000420102781143054A0832116005E0002188
:10472000024A121D1160121D1160704798ED00E0E1
:1047300000BF00BF00BFBFF35F8F00BF00BF00BF5F
:104740000548006820F480300349086000200249D1
:10475000703108607047000024ED00E040F0010176
:104760000D4A11600C497039096841F480310A4AD8
:10477000703A116000BF00BF00BFBFF34F8F00BF92
:1047800000BF00BF00BF00BF00BFBFF36F8F00BFFF
:1047900000BF00BF7047000094ED00E07047014685
:1047A000084600280DDB00BF00BF00F01F030122F8
:1047B0009A4043099B0003F1E023C3F8002100BFA6
:1047C00000BF00BF70472DE9F05F80460D461646DA
:1047D00004F056FC074639462A46334601F00700E6
:1047E000C0F1070ABAF1040F02D94FF0040A01E040
:1047F000C0F1070AD14600F1040ABAF1070F02D24C
:104800004FF0000A01E0A0F1030AD4464FF0010A7C
:104810000AFA09FAAAF1010A0AEA020A0AFA0CFAE1
:104820004FF0010B0BFA0CFBABF1010B0BEA030B86
:104830004AEA0B042146404604F02AFCBDE8F09FFA
:1048400000BF00F00702064B19684FF6FF0319403E
:10485000044B0B4343EA0221014B196000BF704730
:104860000CED00E00000FA050348006840F080709D
:1048700001490860704700000C48025810B501F06B
:1048800043FE05490968C1F30211044A515C01F075
:104890001F01C84010BD000020440258F8AA0108BA
:1048A00070B50146844D2D6805F00303824D2D68D7
:1048B000C5F30510804D2D1D2D6805F001047E4DBA
:1048C0000C352D68C5F3CC0515FB04F501EE105A27
:1048D000B8EE411AF0EE410A00286FD023B1012B47
:1048E0004ED0022B6BD16BE0734D283D2D68C5F384
:1048F00040153DB3704D283D2D68C5F3C1066F4D81
:1049000025FA06F201EE102AF8EE411A01EE100A1D
:10491000B8EE411A81EE812A9FED691AC0EE811A24
:10492000654D08352D68C5F3080501EE105AB8EE3F
:10493000411A31EE811AF7EE001A31EE211A22EEF9
:10494000010A1CE001EE100AB8EE411ADFED5D1A13
:1049500081EE812A9FED5A1AC0EE811A564D083514
:104960002D68C5F3080501EE105AB8EE411A31EE74
:10497000811AF7EE001A31EE211A22EE010A5BE0ED
:1049800001EE100AB8EE411ADFED4F1A81EE812ACE
:104990009FED4B1AC0EE811A474D08352D68C5F3BF
:1049A000080501EE105AB8EE411A31EE811AF7EE01
:1049B000001A31EE211A22EE010A3DE077E01DE0F7
:1049C00001EE100AB8EE411A9FED402AC2EE011A1C
:1049D0009FED3B1A80EE812A374D08352D68C5F3CF
:1049E000080501EE105AB8EE411A32EE011AB7EE80
:1049F000002A31EE021A21EE810A1DE001EE100AB2
:104A0000B8EE411ADFED2F1A81EE812A9FED2C1AA4
:104A1000C0EE811A284D08352D68C5F3080501EE52
:104A2000105AB8EE411A31EE811AF7EE001A31EE43
:104A3000211A22EE010A00BF00BF1F4D08352D6864
:104A4000C5F3462501EE105AB8EE411AF7EE001AEA
:104A500031EE211AC0EE011ABCEEE11A81ED001A06
:104A6000154D08352D68C5F3064501EE105AB8EE10
:104A7000411AF7EE001A31EE211AC0EE011ABCEE0F
:104A8000E11A81ED011A0C4D08352D68C5F3066554
:104A900001EE105AB8EE411AF7EE001A31EE211A63
:104AA000C0EE011ABCEEE11A81ED021A03E0002506
:104AB0000D604D608D6070BD284402580090D00399
:104AC000000000460024744C0024744A20BCBE4BF5
:104AD00070B50146844D2D6805F00303824D2D68A5
:104AE000C5F30530804D2D1D2D68C5F300147E4D96
:104AF00014352D68C5F3CC0515FB04F501EE105AED
:104B0000B8EE411AF0EE410A00286FD023B1012B14
:104B10004ED0022B6BD16BE0734D283D2D68C5F351
:104B200040153DB3704D283D2D68C5F3C1066F4D4E
:104B300025FA06F201EE102AF8EE411A01EE100AEB
:104B4000B8EE411A81EE812A9FED691AC0EE811AF2
:104B5000654D10352D68C5F3080501EE105AB8EE05
:104B6000411A31EE811AF7EE001A31EE211A22EEC7
:104B7000010A1CE001EE100AB8EE411ADFED5D1AE1
:104B800081EE812A9FED5A1AC0EE811A564D1035DA
:104B90002D68C5F3080501EE105AB8EE411A31EE42
:104BA000811AF7EE001A31EE211A22EE010A5BE0BB
:104BB00001EE100AB8EE411ADFED4F1A81EE812A9C
:104BC0009FED4B1AC0EE811A474D10352D68C5F385
:104BD000080501EE105AB8EE411A31EE811AF7EECF
:104BE000001A31EE211A22EE010A3DE077E01DE0C5
:104BF00001EE100AB8EE411A9FED402AC2EE011AEA
:104C00009FED3B1A80EE812A374D10352D68C5F394
:104C1000080501EE105AB8EE411A32EE011AB7EE4D
:104C2000002A31EE021A21EE810A1DE001EE100A7F
:104C3000B8EE411ADFED301A81EE812A9FED2C1A71
:104C4000C0EE811A284D10352D68C5F3080501EE18
:104C5000105AB8EE411A31EE811AF7EE001A31EE11
:104C6000211A22EE010A00BF00BF1F4D10352D682A
:104C7000C5F3462501EE105AB8EE411AF7EE001AB8
:104C800031EE211AC0EE011ABCEEE11A81ED001AD4
:104C9000154D10352D68C5F3064501EE105AB8EED6
:104CA000411AF7EE001A31EE211AC0EE011ABCEEDD
:104CB000E11A81ED011A0C4D10352D68C5F306651A
:104CC00001EE105AB8EE411AF7EE001A31EE211A31
:104CD000C0EE011ABCEEE11A81ED021A03E00025D4
:104CE0000D604D608D6070BD284402580090D00367
:104CF000000000460024744C0024744A20BCBE4BC3
:104D000070B50146844D2D6805F00303824D2D6872
:104D1000C5F30550804D2D1D2D68C5F300247E4D33
:104D20001C352D68C5F3CC0515FB04F501EE105AB2
:104D3000B8EE411AF0EE410A00286FD023B1012BE2
:104D40004ED0022B6BD16BE0734D283D2D68C5F31F
:104D500040153DB3704D283D2D68C5F3C1066F4D1C
:104D600025FA06F201EE102AF8EE411A01EE100AB9
:104D7000B8EE411A81EE812A9FED691AC0EE811AC0
:104D8000654D18352D68C5F3080501EE105AB8EECB
:104D9000411A31EE811AF7EE001A31EE211A22EE95
:104DA000010A1CE001EE100AB8EE411ADFED5D1AAF
:104DB00081EE812A9FED5A1AC0EE811A564D1835A0
:104DC0002D68C5F3080501EE105AB8EE411A31EE10
:104DD000811AF7EE001A31EE211A22EE010A5BE089
:104DE00001EE100AB8EE411ADFED4F1A81EE812A6A
:104DF0009FED4B1AC0EE811A474D18352D68C5F34B
:104E0000080501EE105AB8EE411A31EE811AF7EE9C
:104E1000001A31EE211A22EE010A3DE077E01DE092
:104E200001EE100AB8EE411A9FED402AC2EE011AB7
:104E30009FED3B1A80EE812A374D18352D68C5F35A
:104E4000080501EE105AB8EE411A32EE011AB7EE1B
:104E5000002A31EE021A21EE810A1DE001EE100A4D
:104E6000B8EE411ADFED301A81EE812A9FED2C1A3F
:104E7000C0EE811A284D18352D68C5F3080501EEDE
:104E8000105AB8EE411A31EE811AF7EE001A31EEDF
:104E9000211A22EE010A00BF00BF1F4D18352D68F0
:104EA000C5F3462501EE105AB8EE411AF7EE001A86
:104EB00031EE211AC0EE011ABCEEE11A81ED001AA2
:104EC000154D18352D68C5F3064501EE105AB8EE9C
:104ED000411AF7EE001A31EE211AC0EE011ABCEEAB
:104EE000E11A81ED011A0C4D18352D68C5F30665E0
:104EF00001EE105AB8EE411AF7EE001A31EE211AFF
:104F0000C0EE011ABCEEE11A81ED021A03E00025A1
:104F10000D604D608D6070BD284402580090D00334
:104F2000000000460024744C0024744A20BCBE4B90
:104F30002DE9F0418AB00646B6F5807F70D1FE4873
:104F4000006800F00708B8F1050F65D2DFE808F047
:104F5000031221623000F8485038006800F00070F9
:104F6000B0F1007F04D107A8FFF79AFC089C00E08D
:104F7000002453E0F0485038006800F00060B0F1C1
:104F8000006F04D104A8FFF7A3FD049C00E00024F7
:104F900044E0E9485038006800F00050B0F1005F8C
:104FA00004D101A8FFF7ACFE019C00E0002435E02D
:104FB000E148001F006800F04055DF4850380068A5
:104FC00000F00400042809D145B9DB4850380068D6
:104FD000C0F3C101D94820FA01F41AE0D64850388C
:104FE000006800F48070B0F5807F04D1B5F1805F77
:104FF00001D1D34C0DE0D0485038006800F40030A7
:10500000B0F5003F04D1B5F1005F01D1CD4C00E017
:10501000002403E0CC4C01E0002400BF24E3FFE7C0
:10502000B6F5007F7AD1C448006800F4E078B8F1A2
:10503000800F2CD006DCB8F1000F0AD0B8F1400F79
:1050400069D115E0B8F1C00F63D0B8F5807F62D1A7
:105050002CE0B9485038006800F00070B0F1007FD3
:1050600004D107A8FFF71CFC089C00E0002454E0D2
:10507000B1485038006800F00060B0F1006F04D112
:1050800004A8FFF725FD049C00E0002445E0AA48A1
:105090005038006800F00050B0F1005F04D101A862
:1050A000FFF72EFE019C00E0002436E0A248001F1E
:1050B000006800F04055A0485038006800F0040037
:1050C000042809D145B99C4850380068C0F3C10193
:1050D0009A4820FA01F41BE097485038006800F421
:1050E0008070B0F5807F04D1B5F1805F01D1944C20
:1050F0000EE091485038006800F40030B0F5003FF1
:1051000005D1B5F1005F02D18E4C01E006E000242C
:1051100003E08D4C01E0002400BFA5E2B6F5806FEE
:105120007BD185480830006800F46008B8F5800F2E
:105130002CD006DCB8F1000F0AD0B8F5001F69D1F9
:1051400015E0B8F5C00F63D0B8F5000F62D12CE0C0
:1051500079485038006800F00070B0F1007F04D149
:1051600007A8FFF79DFB089C00E0002454E072486C
:105170005038006800F00060B0F1006F04D104A85E
:10518000FFF7A6FC049C00E0002445E06A48503884
:10519000006800F00050B0F1005F04D101A8FFF7F3
:1051A000AFFD019C00E0002436E06348001F00686A
:1051B00000F0405560485038006800F004000428B2
:1051C00009D145B95C4850380068C0F3C1015B485B
:1051D00020FA01F41BE058485038006800F4807051
:1051E000B0F5807F04D1B5F1805F01D1544C0EE061
:1051F00051485038006800F40030B0F5003F05D148
:10520000B5F1005F02D14F4C01E006E0002403E05D
:105210004D4C01E0002400BF26E2B6F5006F7BD1C3
:1052200045480830006800F0E068B8F1007F2CD0F5
:1052300006DCB8F1000F0AD0B8F1807F69D115E023
:10524000B8F1407F63D0B8F1806F62D12CE03A486A
:105250005038006800F00070B0F1007F04D107A85A
:10526000FFF71EFB089C00E0002454E03248503851
:10527000006800F00060B0F1006F04D104A8FFF7EF
:1052800027FC049C00E0002445E02B4850380068CF
:1052900000F00050B0F1005F04D101A8FFF730FD2D
:1052A000019C00E0002436E02348001F006800F065
:1052B000405521485038006800F00400042809D106
:1052C00045B91D4850380068C0F3C1011B4820FA99
:1052D00001F41BE018485038006800F48070B0F505
:1052E000807F04D1B5F1805F01D1154C0EE01248EA
:1052F0005038006800F40030B0F5003F05D1B5F13A
:10530000005F02D10F4C01E006E0002403E00E4CE8
:1053100001E0002400BFA7E1B6F5805F7CD106481C
:10532000006800F4E047B7F5005F32D00EDCA7B1AB
:10533000B7F5805F6DD11EE0504402580090D00355
:1053400000093D0040787D010080BB00B7F5405F5B
:105350005DD0B7F5804F5CD129E0C548006800F00A
:105360000070B0F1007F04D107A8FFF799FA089CFC
:1053700000E000244FE0BE48006800F00060B0F19B
:10538000006F04D104A8FFF7A3FB049C00E00024F5
:1053900041E0B748006800F00050B0F1005F04D170
:1053A00001A8FFF7ADFC019C00E0002433E0B04809
:1053B0004C30006800F04055AD48006800F0040033
:1053C000042808D13DB9AA480068C0F3C101A94822
:1053D00020FA01F41AE0A648006800F48070B0F5E5
:1053E000807F04D1B5F1805F01D1A34C0EE0A048CD
:1053F000006800F40030B0F5003F06D1B5F1005F61
:1054000003D19E4C02E007E003E0002403E09C4C43
:1054100001E0002400BF27E1B6F5002F59D19448E0
:105420005830006800F4403737B1B7F5803F11D0ED
:10543000B7F5003F4AD11BE08D48006800F00060DE
:10544000B0F1006F04D104A8FFF742FB049C00E018
:1054500000243DE08648006800F00050B0F1005F95
:1054600004D101A8FFF74CFC039C00E000242FE0CE
:105470007F484C30006800F040557D48006800F0DF
:105480000400042808D13DB979480068C0F3C1017F
:10549000784820FA01F418E07548006800F480703C
:1054A000B0F5807F04D1B5F1805F01D1724C0CE082
:1054B0006F48006800F40030B0F5003F04D1B5F14A
:1054C000005F01D16D4C00E0002401E0002400BF2A
:1054D000CAE0B6F5803F28D165484C30006800F43A
:1054E00080371FB1B7F5803F1CD10DE060480068E0
:1054F00000F00070B0F1007F04D107A8FFF7D0F9E9
:10550000089C00E000240FE05948006800F00060AB
:10551000B0F1006F04D104A8FFF7DAFA069C00E0AE
:10552000002401E0002400BF9EE0B6F5804F60D16A
:105530004F485830006800F0E047B7F1405F2FD087
:1055400007DC6FB1B7F1805F0ED0B7F1005F4DD1CE
:1055500018E0B7F1804F33D0B7F1A04F46D13AE011
:10556000FFF78CF9044643E04148006800F0006012
:10557000B0F1006F04D104A8FFF7AAFA059C00E07F
:10558000002435E03A48006800F00050B0F1005FB8
:1055900004D101A8FFF7B4FB029C00E0002427E03F
:1055A0003348006800F00400042807D13048006840
:1055B000C0F3C1012F4820FA01F400E0002417E0F5
:1055C0002B48006800F48070B0F5807F01D12A4C30
:1055D00000E000240CE02648006800F40030B0F53C
:1055E000003F01D1254C00E0002401E0002400BF71
:1055F0003AE0B6F5004F36D11D485030006800F053
:10560000405737B1B7F1805F0ED0B7F1005F27D1B7
:1056100018E01748006800F40030B0F5003F01D1F1
:10562000164C00E000241DE01148006800F00070F6
:10563000B0F1007F04D107A8FFF732F9089C00E021
:1056400000240FE00A48006800F00060B0F1006F2D
:1056500004D104A8FFF73CFA059C00E0002401E017
:10566000002400BF00E0002420460AB0BDE8F0811D
:10567000004402580090D00300093D0040787D01AD
:105680000080BB002DE9F04104460025A8462068B3
:1056900000F00060B0F1006F30D1606E48B1B0F53D
:1056A000801F0DD0B0F5001F10D0B0F5401F15D1F0
:1056B00013E0F948006840F40030F74908600FE053
:1056C0000221201D02F01CFB054609E0022104F125
:1056D000240002F0C7FB054602E001E0012500BFFF
:1056E00000BF55B9EC482430006820F44010616ECA
:1056F0000843E9492431086000E0A846208800F406
:105700008070B0F5807F2DD1606D05281AD2DFE85A
:1057100000F0030A10171800DF48006840F400305A
:10572000DD49086010E00021201D02F0E9FA05467D
:105730000AE0002104F1240002F094FB054603E096
:1057400002E001E0012500BF00BF55B9D248243076
:10575000006820F00700616D0843CF4924310860DC
:1057600000E0A846208800F40070B0F5007F33D137
:10577000A06D802817D003DC40B140281CD10CE07C
:10578000C02817D0B0F5807F16D114E0C248006859
:1057900040F40030C049086010E00021201D02F0F4
:1057A000AFFA05460AE0002104F1240002F05AFB9A
:1057B000054603E002E001E0012500BF00BF55B946
:1057C000B5482430006820F4E070A16D0843B24968
:1057D0002431086000E0A846208800F48060B0F51D
:1057E000806F38D1D4F8A400B0F5800F19D004DC54
:1057F00050B1B0F5001F1DD10DE0B0F5C00F17D0AE
:10580000B0F5000F16D114E0A348006840F4003052
:10581000A149086010E00021201D02F071FA054640
:105820000AE0002104F1240002F01CFB054603E01D
:1058300002E001E0012500BF00BF5DB996482C30B1
:10584000006820F46000D4F8A410084392492C3179
:10585000086000E0A846208800F40060B0F5006F02
:1058600038D1D4F8A800B0F1007F19D004DC50B1D1
:10587000B0F1807F1DD10DE0B0F1407F17D0B0F1C5
:10588000806F16D114E08448006840F400308249EB
:10589000086010E00021201D02F032FA05460AE0FF
:1058A000002104F1240002F0DDFA054603E002E0E5
:1058B00001E0012500BF00BF5DB977482C300068CA
:1058C00020F0E060D4F8A810084373492C31086038
:1058D00000E0A846206800F00070B0F1007F27D1FA
:1058E000A06CA0B1102804D0202809D030280FD1F6
:1058F0000CE06948006840F400306749086009E03E
:105900000221201D02F0FCF9054603E002E001E05F
:10591000012500BF00BF55B95F482030006820F066
:105920003000A16C08435C492031086000E0A846C3
:10593000208800F48050B0F5805F36D1E06DB0F57E
:10594000005F19D004DC50B1B0F5805F1DD10DE0CF
:10595000B0F5405F17D0B0F5804F16D114E04E4837
:10596000006840F400304C49086010E00021201D20
:1059700002F0C6F905460AE0002104F1240002F015
:1059800071FA054603E002E001E0012500BF00BF17
:1059900055B941482430006820F4E040E16D0843E7
:1059A0003D492431086000E0A846208800F40050FA
:1059B000B0F5005F34D1206EB0F5403F1DD007DC5C
:1059C00068B1B0F5803F0BD0B0F5003F18D10DE0C5
:1059D000B0F5802F12D0B0F5A02F11D10FE011E05B
:1059E0000121201D02F08CF905460BE0012104F194
:1059F000240002F037FA054604E003E002E001E08B
:105A0000012500BF00BF55B923482430006820F4A9
:105A1000E020216E084320492431086000E0A846B8
:105A2000208800F48040B0F5804F38D1D4F8AC0025
:105A3000B0F1405F1DD007DC68B1B0F1805F0BD0E2
:105A4000B0F1005F18D10DE0B0F1804F12D0B0F18D
:105A5000A04F11D10FE011E00121201D02F050F9FB
:105A600005460BE0012104F1240002F0FBF9054694
:105A700004E003E002E001E0012500BF00BF6DB9D2
:105A800005482C30006820F0E040D4F8AC10084302
:105A900001492C31086002E02C440258A8462088B5
:105AA00000F40040B0F5004F26D1E06E98B1B0F19F
:105AB000805F03D0B0F1005F0ED106E0F9480068C6
:105AC00040F40030F749086008E00121201D02F091
:105AD00017F9054602E001E0012500BF00BF55B9F6
:105AE000F0482430006820F04050E16E0843ED4952
:105AF0002431086000E0A846206800F08070B0F112
:105B0000807F27D1606CA0B1012804D0022809D081
:105B100003280FD10CE0E348006840F40030E1496D
:105B2000086009E00221201D02F0EAF8054603E0C2
:105B300002E001E0012500BF00BF55B9D94820307F
:105B4000006820F00300616C0843D64920310860EA
:105B500000E0A846206800F48000B0F5800F7DD1F9
:105B6000D148006840F48070CF490860FEF750FBD0
:105B7000064606E0FEF74CFB801B642801D903258E
:105B800005E0C948006800F480700028F2D000BF2A
:105B900085BBC4484430006800F44070B4F8B010CD
:105BA00001F44071884213D0BE484430006820F4AC
:105BB0004077BC484430006840F48030B9494431F3
:105BC00008600846006820F48030086008460760D6
:105BD000D4F8B000B0F5807F15D1FEF719FB06466A
:105BE00009E0FEF715FB801B41F28831884202D99B
:105BF000032507E038E0AB4844300068C0F34000BC
:105C00000028EED000BF55BB00BFB4F8B00000F4D0
:105C10004070B0F5407F0ED1A2481C38006820F4D7
:105C20007C51A24AD4F8B000104041EA10109D49BE
:105C30001C39086007E09B481C38006820F47C5041
:105C400098491C390860974844300068B4F8B0108F
:105C5000C1F30B0108439349443101E005E001E041
:105C6000086002E0A84600E0A846207800F00100A5
:105C700068B3A06F182819D005DC48B1082808D0EF
:105C8000102816D10BE0202811D0282811D10FE0C0
:105C900011E00121201D02F033F805460BE001213F
:105CA00004F1240002F0DEF8054604E003E002E01F
:105CB00001E0012500BF00BF55B97A4828300068CF
:105CC00020F03800A16F084376492831086000E0D1
:105CD000A846207800F00200022828D1606F06282C
:105CE00015D2DFE800F003040A11121311E00121BC
:105CF000201D02F005F805460BE0012104F1240007
:105D000002F0B0F8054604E003E002E001E00125FE
:105D100000BF00BF55B963482830006820F0070075
:105D2000616F08435F492831086000E0A846207889
:105D300000F0040004282AD1D4F89000062815D2D7
:105D4000DFE800F003040A11121311E00121201D05
:105D500001F0D6FF05460BE0012104F1240002F01A
:105D600081F8054604E003E002E001E0012500BF00
:105D700000BF5DB94B482C30006820F00700D4F814
:105D80009010084347492C31086000E0A84620786D
:105D900000F02000202836D1D4F88C00B0F1405F0C
:105DA0001DD007DC68B1B0F1805F0BD0B0F1005FAF
:105DB00018D10DE0B0F1804F12D0B0F1A04F11D149
:105DC0000FE011E00021201D01F09AFF05460BE0D5
:105DD000022104F1240002F045F8054604E003E046
:105DE00002E001E0012500BF00BF5DB92D48283069
:105DF000006820F0E040D4F88C100843294928318D
:105E0000086000E0A846207800F04000402836D125
:105E1000D4F89800B0F5406F1DD007DC68B1B0F53C
:105E2000806F0BD0B0F5006F18D10DE0B0F5805F3A
:105E300012D0B0F5A05F11D10FE011E00021201DBC
:105E400001F05EFF05460BE0022104F1240002F0A0
:105E500009F8054604E003E002E001E0012500BF87
:105E600000BF5DB90F482C30006820F4E050D4F832
:105E7000981008430B492C31086000E0A8462078B0
:105E800000F0800080283AD1D4F89C00B0F5C04FD3
:105E900023D00DDC98B1B0F5005F11D0B0F5804F84
:105EA0001ED113E02C44025800480258FFFCFF0F9B
:105EB000B0F5004F12D0B0F5204F11D10FE011E036
:105EC0000021201D01F01CFF05460BE0022104F11A
:105ED000240001F0C7FF054604E003E002E001E012
:105EE000012500BF00BF4DB9BE48006820F46040E6
:105EF000D4F89C100843BB49086000E0A84620780D
:105F000000F00800082817D1D4F88000B0F5805FB1
:105F100007D1022104F1240001F0A4FF08B14FF0E1
:105F20000108B048001F006820F44050D4F88010E9
:105F30000843AC49091F0860207800F010001028C1
:105F400015D1D4F89400B0F5807F07D1022104F177
:105F5000240001F087FF08B14FF00108A148006854
:105F600020F44070D4F8941008439E4908602068DB
:105F700000F40020B0F5002F26D1D4F8A00030B1F5
:105F8000B0F5803F09D0B0F5003F0ED10CE0002104
:105F9000201D01F0B5FE054609E0022104F12400B0
:105FA00001F060FF054602E001E0012500BF00BFEF
:105FB0004DB98C48006820F44030D4F8A010084354
:105FC0008849086000E0A846206800F48020B0F509
:105FD000802F2DD1D4F88400B0F5801F06D0B0F505
:105FE000001F0CD0B0F5401F11D10FE07D482C38B8
:105FF000006840F400307B492C39086009E0012139
:1060000004F1240001F02EFF054602E001E0012525
:1060100000BF00BF5DB97348001F006820F4401046
:10602000D4F8841008436F49091F086000E0A846AF
:10603000206800F48030B0F5803F24D1E06C18B1C6
:10604000B0F5803F0FD108E066482C38006840F476
:10605000003064492C39086007E00221201D01F05E
:106060004FFE054601E0012500BF00BF55B95D4860
:106070000C38006820F48030E16C084359490C3931
:10608000086000E0A846206800F00050B0F1005F12
:1060900007D1022104F1240001F0E4FE08B14FF021
:1060A0000108206800F40030B0F5003F27D1E06F10
:1060B000A0B1B0F5807F06D0B0F5007F0CD0B0F570
:1060C000407F0CD109E047482C38006840F400308C
:1060D00044492C39086004E003E002E001E00125B6
:1060E00000BF00BF55B93F48001F006820F4407052
:1060F000E16F08433B49091F086000E0A84620689B
:1061000000F48010B0F5801F09D1364808380068C7
:1061100020F00040216F08433249083908602068A8
:1061200000F08050B0F1805F0AD12E4848380068F6
:1061300020F48040D4F8B41008432A494839086054
:10614000206800F40010B0F5001F09D12548083878
:10615000006820F08070A16E084322490839086069
:10616000206800F08040B0F1804F11D100BF1D4881
:106170004838006820F400401A4948390860084649
:106180000068D4F8B810084316494839086000BFC1
:10619000206800F00040B0F1004F09D111480C38E0
:1061A000006820F04050216D08430E490C3908600A
:1061B000206800F40000B0F5000F0AD10948001F64
:1061C000006820F44000D4F8881008430549091FEE
:1061D0000860B8F1000F02D10020BDE8F081012075
:1061E000FBE70000584402582DE9F04104460D46F3
:1061F00014B90120BDE8F081BD48006800F00F002F
:10620000A8420ED2BA48006820F00F002843B849CF
:1062100008600846006800F00F00A84201D0012085
:10622000E8E7207800F0040004280ED1B149206985
:10623000096801F07001884207D9AE48006820F073
:10624000700021690843AB490860207800F008001D
:10625000082811D1A749091D6069096801F070017A
:10626000884209D9A348001D006820F070006169C8
:106270000843A049091D0860207800F0100010288C
:1062800011D19C49091DA069096801F4E0618842A7
:1062900009D99848001D006820F4E060A16908430E
:1062A0009449091D0860207800F02000202811D1B1
:1062B00090490831E069096801F07001884209D904
:1062C0008C480830006820F07000E1690843894973
:1062D00008310860207800F0020002280ED18549BC
:1062E000E068096801F00F01884207D98148006819
:1062F00020F00F00E16808437E490860207800F034
:106300000100002850D07B48006820F47060A1682C
:106310000843784908606068022807D17548183832
:106320000068C0F34040F8B9012063E760680328C3
:1063300007D1704818380068C0F34060A0B9012048
:1063400058E76068012807D16A4818380068C0F328
:10635000002048B901204DE7664818380068C0F3AE
:10636000800008B9012045E762480838006820F03D
:106370000700616808435F4908390860FDF748FF76
:10638000064608E0FDF744FF801B41F28831884251
:1063900001D903202EE757480838006800F038007C
:1063A0006168B0EBC10FEDD1207800F00200022847
:1063B0000ED15049E068096801F00F01884207D208
:1063C0004C48006820F00F00E16808434949086024
:1063D0004748006800F00F00A8420ED94448006802
:1063E00020F00F002843424908600846006800F08A
:1063F0000F00A84201D00120FCE6207800F0040044
:1064000004280ED13B492069096801F070018842D7
:1064100007D23848006820F07000216908433549E8
:106420000860207800F00800082811D13149091DC2
:106430006069096801F07001884209D22D48001D89
:10644000006820F07000616908432A49091D08604E
:10645000207800F01000102811D12649091DA069EC
:10646000096801F4E061884209D22248001D0068F1
:1064700020F4E060A16908431E49091D08602078E6
:1064800000F02000202811D11A490831E06909687C
:1064900001F07001884209D216480830006820F0E7
:1064A0007000E169084313490831086000F076F88C
:1064B00010490968C1F303210F4A515C01F01F0123
:1064C00020FA01F70B48006800F00F001146085C45
:1064D00000F01F0027FA00F008490860084807602C
:1064E00008480068FDF7D6FE8046404682E6000078
:1064F0000020005218440258F8AA010804000024A1
:10650000000000241800002410B500F047F80D49E1
:106510000968C1F303210C4A515C01F01F0120FA04
:1065200001F40848006800F00F001146085C00F014
:106530001F0024FA00F00549086005480460084679
:10654000006810BD18440258F8AA0108040000248D
:106550000000002400B5FFF7D7FF05490968C1F323
:106560000211044A515C01F01F01C84000BD000047
:106570001C440258F8AA010800B5FFF7C5FF0549F9
:106580000968C1F30221044A515C01F01F01C840AF
:1065900000BD00001C440258F8AA0108F0B5824E64
:1065A000366806F0380636B1082E15D0102E15D0F4
:1065B000182E7DD114E07C4E103E3668C6F340168E
:1065C00046B1794E103E3668C6F3C107774E26FABB
:1065D00007F000E07548E5E07548E3E07548E1E064
:1065E000714E1836366806F003046F4E183636685A
:1065F000C6F305116C4E1C36366806F001056A4E6E
:1066000024363668C6F3CC0616FB05F601EE106A92
:10661000B8EE410A002971D024B1012C50D0022CCF
:106620006DD16DE0604E103E3668C6F340163EB345
:106630005D4E103E3668C6F3C1075C4E26FA07F37E
:1066400001EE103AF8EE411A01EE101AB8EE411AB6
:1066500081EE812A9FED581AC0EE011A524E203663
:106660003668C6F3080601EE106AB8EE411A31EE3C
:10667000811AF7EE001A31EE211A62EE010A1EE0CD
:1066800001EE101AB8EE411ADFED4C1A81EE812AA4
:106690009FED491AC0EE011A434E20363668C6F304
:1066A000080601EE106AB8EE411A31EE811A00E0D8
:1066B00076E0F7EE001A31EE211A62EE010A5BE095
:1066C00001EE101AB8EE411A9FED3D2AC2EE011AF2
:1066D0009FED391A80EE012A334E20363668C6F314
:1066E000080601EE106AB8EE411A32EE011AB7EE52
:1066F000002A31EE021A61EE810A3DE04EE01DE013
:1067000001EE101AB8EE411ADFED2E1A81EE812A41
:106710009FED291AC0EE011A234E20363668C6F3C3
:10672000080601EE106AB8EE411A31EE811AF7EE52
:10673000001A31EE211A62EE010A1DE001EE101A74
:10674000B8EE411A9FED1E2AC2EE011A9FED1A1AE9
:1067500080EE012A144E20363668C6F3080601EE94
:10676000106AB8EE411A32EE011AB7EE002A31EE85
:10677000021A61EE810A00BF00BF0B4E2036366858
:10678000C6F34626721C01EE102AB8EE411AC0EE7E
:10679000811ABCEEE11A11EE100A00E0002001E0BF
:1067A000034800BF00BFF0BD104402580090D00362
:1067B00000093D0040787D01000000460024744C33
:1067C0000024744A20BCBE4B2DE9F047044614B99E
:1067D0000120BDE8F087207800F00100002872D089
:1067E000FC48006800F03808FA481830D0F80090EB
:1067F000B8F1100F06D0B8F1180F0FD109F003004F
:1068000002280BD1F34810380068C0F3404000283C
:106810006ED0606800286BD10120DAE700BF6068A5
:10682000B0F5803F08D1EB481038006840F4803064
:10683000E849103908602EE0606868B9E54810380A
:10684000006820F48030E349103908600846006889
:1068500020F4802008601EE06068B0F5A02F0DD104
:10686000DC481038006840F48020DA4910390860AC
:106870000846006840F4803008600CE0D5481038C5
:10688000006820F48030D349103908600846006859
:1068900020F48020086000BF6068A8B1FDF7B8FC54
:1068A000054608E0FDF7B4FC401B41F28831884200
:1068B00001D903208DE7C74810380068C0F3404075
:1068C0000028EFD014E014E0FDF7A2FC054608E034
:1068D000FDF79EFC401B41F28831884201D903201C
:1068E00077E7BC4810380068C0F340400028EFD17B
:1068F00000BF207800F00200022874D1B54800687B
:1069000000F03808B3481830D0F80090B8F1000F04
:1069100005D0B8F1180F56D109F00300D0BBAD482F
:1069200010380068C0F3800018B1E06808B9012091
:106930004FE7A8481038006820F01900E1680843C4
:10694000A44910390860FDF763FC054606E0FDF731
:106950005FFC401B022801D903203AE79D4810380C
:106960000068C0F380000028F1D000BFFDF74AFCAA
:1069700041F2030188421AD8206940280BD195487A
:106980000C38006820F47C3040F4003091490C3918
:10699000086017E017E08F480C38006820F47C305E
:1069A000216940EA01308B490C3908600AE08948C6
:1069B0000C38006820F0FE40217C40EA01608549E7
:1069C0000C39086066E0E06888B3824810380068D7
:1069D00020F01900E16808437E4910390860FDF78E
:1069E00017FC054607E056E0FDF712FC401B0228A5
:1069F00001D90320EDE6774810380068C0F3800025
:106A00000028F1D000BFFDF7FDFB41F203018842F1
:106A10001AD8206940280BD16E480C38006820F441
:106A20007C3040F400306B490C39086017E017E007
:106A300068480C38006820F47C30216940EA013055
:106A400064490C3908600AE062480C38006820F09C
:106A5000FE40217C40EA01605E490C39086019E083
:106A60005C481038006820F001005A49103908606D
:106A7000FDF7CEFB054606E0FDF7CAFB401B0228EA
:106A800001D90320A5E6534810380068C0F3800000
:106A90000028F1D100BF207800F0100010287CD130
:106AA0004C48006800F038084A481830D0F8009088
:106AB000B8F1080F06D0B8F1180F3DD109F0030066
:106AC000012839D1434810380068C0F3002020B1B4
:106AD000E069802801D001207BE600BFFDF792FB32
:106AE00041F2030188421AD8206A20280AD1394885
:106AF0000C38006820F0F84040F0804035490C39EF
:106B0000086018E033480C38006820F0F84094F82A
:106B1000201040EA81602F490C3908600BE02D48B5
:106B2000001F006820F07C5094F8201040EA0160BB
:106B30002849091F086066E0E06978B325481038E5
:106B4000006840F08000234910390860FDF760FBC1
:106B5000054606E0FDF75CFB401B022801D9032037
:106B600037E61C4810380068C0F300200028F1D038
:106B700000BFFDF747FB41F2030188421CD8206AA1
:106B800020280CD113480C38006820F0F84040F061
:106B9000804010490C3908601AE035E01CE00D48CF
:106BA0000C38006820F0F84094F8201040EA81602A
:106BB00008490C3908600BE00648001F006820F007
:106BC0007C5094F8201040EA01600249091F0860D7
:106BD00019E0000010440258FA48006820F08000D4
:106BE000F8490860FDF714FB054606E0FDF710FBC9
:106BF000401B022801D90320EBE5F2480068C0F3EE
:106C000000200028F2D100BF207800F008000828FA
:106C100036D16069D0B1EB487430006840F00100B3
:106C2000E84974310860FDF7F3FA054606E0FDF720
:106C3000EFFA401B022801D90320CAE5E14874306D
:106C40000068C0F340000028F1D019E0DD4874303E
:106C5000006820F00100DB4974310860FDF7D8FAC4
:106C6000054606E0FDF7D4FA401B022801D90320AF
:106C7000AFE5D44874300068C0F340000028F1D17B
:106C8000207800F02000202830D1A069B8B1CD488C
:106C9000006840F48050CB490860FDF7B9FA05461A
:106CA00006E0FDF7B5FA401B022801D9032090E564
:106CB000C4480068C0F340300028F2D016E0C14854
:106CC000006820F48050BF490860FDF7A1FA05462E
:106CD00006E0FDF79DFA401B022801D9032078E564
:106CE000B8480068C0F340300028F2D1207800F0A6
:106CF000040004287DD1B448006840F48070B24993
:106D00000860FDF785FA054606E0FDF781FA401BAD
:106D1000642801D903205CE5AB48006800F480706A
:106D20000028F2D000BFA068012808D1A548703023
:106D3000006840F00100A349703108602DE0A068B0
:106D400068B9A0487030006820F001009D4970319A
:106D500008600846006820F0040008601DE0A06894
:106D600005280DD197487030006840F0040095491F
:106D7000703108600846006840F0010008600CE0CF
:106D800090487030006820F001008E497031086032
:106D90000846006820F00400086000BFA068A0B1A9
:106DA000FDF736FA054608E0FDF732FA401B41F2DE
:106DB0008831884201D903200BE582487030006891
:106DC000C0F340000028EFD013E0FDF721FA05469C
:106DD00008E0FDF71DFA401B41F28831884201D9D5
:106DE0000320F6E4774870300068C0F340000028C4
:106DF000EFD1606A00287DD072481030006800F042
:106E00003800182877D0606A022875D16D4800686C
:106E100020F080706B490860FDF7FAF9054606E03E
:106E2000FDF7F6F9401B022801D90320D1E465489B
:106E30000068C0F340600028F2D100BFD4E90A1016
:106E400041EA00105F492831096840F2F33291436A
:106E500008435C4928310860208E401EC0F30800BA
:106E6000616B491E4FF47E4202EA41210843218FA3
:106E7000491ED20102EA014108433C21095D491E35
:106E8000120202EA016108434E493031086000BF36
:106E9000081F006820F00100091F086049483430CD
:106EA00000684FF6F8718843A16C40EAC10045497B
:106EB0003431086043482C30006820F00C00216C0D
:106EC000084340492C3108600846006820F0020061
:106ED000616C08433B492C3108600846006840F467
:106EE000803008600846006840F4003008600846BA
:106EF000006802E06AE038E01FE040F480200860AB
:106F00000846006840F0010008602E48006840F024
:106F100080702C490860FDF77BF9054606E0FDF717
:106F200077F9401B022801D9032052E42548006864
:106F3000C0F340600028F2D048E02248006820F00A
:106F4000807020490860FDF763F9054606E0FDF70B
:106F50005FF9401B022801D903203AE41948006870
:106F6000C0F340600028F2D130E0164828300768AE
:106F7000144830300668606A012821D007F0030108
:106F8000A06A81421CD1C7F30511E06A884217D17B
:106F9000C6F30801206B401E814211D1606B401E78
:106FA000C6F3462188420BD1A06B401EC6F30641B2
:106FB000884205D1E06B401EC6F30661884205D0C9
:106FC000012006E40044025800480258002000E472
:106FD00070B504460D460CB9012070BD94F82C0024
:106FE00028B9002084F82D00204600F019F802206E
:106FF00084F82C00211D2068FAF7C5FB2946D4E946
:107000000002FAF713FC0548006840F0004003490D
:107010000860012084F82C000020DEE700400052C8
:1070200010B586B0044600BF3E48006840F480506A
:107030003C4908600846006800F48050009000BF9A
:1070400000BF00BF37480C30006840F004003549ED
:107050000C3108600846006800F00400009000BF92
:1070600000BF00BF0846006840F0080008600846FE
:10707000006800F00800009000BF00BF00BF084695
:10708000006840F0100008600846006800F010003A
:10709000009000BF00BF00BF0846006840F020001D
:1070A00008600846006800F02000009000BF00BFA4
:1070B00000BF0846006840F04000086008460068CD
:1070C00000F04000009000BF00BF0D2001900220A2
:1070D000029001200390032004900C20059001A948
:1070E0001148FCF779FF4CF20370019001A90F4899
:1070F000FCF772FF4FF68370019001A90C48FCF772
:107100006BFF4FF63F00019001A90A48FCF764FFAE
:1071100048F23710019001A90748FCF75DFF06B05F
:1071200010BD0000D444025800080258000C025858
:1071300000100258001402580018025870B5044696
:107140000D4694F82C00022800D170BD94F82C0054
:1071500001280AD1022084F82C0029462068FAF779
:1071600048FB012084F82C0001E00120EDE700201D
:10717000EBE72DE9F04104460E46174694F82C50F3
:10718000022D02D10220BDE8F081012D01D0052D94
:1071900012D1022084F82C003A4631462068FAF7D2
:1071A00032FB3068022803D1052084F82C0005E06A
:1071B000012084F82C0001E00120E4E70020E2E750
:1071C00070B504460E4615460CB9012070BD94F802
:1071D000450028B9002084F84400204600F028F833
:1071E00004F108012068FAF749FA3146A2682068DC
:1071F000FAF796FA2946E36AD4E90102FAF71CFA8B
:10720000A168206850F8210040F00100A2682168C0
:1072100041F822000548006840F00040034908603A
:10722000012084F845000020D0E700000040005213
:1072300010B586B0044600BF2048006840F4805076
:107240001E4908600846006800F48050009000BFA6
:1072500000BF00BF19480C30006840F00800174913
:107260000C3108600846006800F00800009000BF7C
:1072700000BF00BF0846006840F0100008600846E4
:10728000006800F01000009000BF00BF4EF2B37025
:1072900001900220029001200390022004900C2013
:1072A000059001A90648FCF797FE4FF68070019003
:1072B00001A90448FCF790FE06B010BDD444025862
:1072C000000C0258001002580349096821F46001BB
:1072D0000143014A1160704704040058042808D192
:1072E0004FF0E021096941F004014FF0E022116103
:1072F00007E04FF0E021096921F004014FF0E0229E
:107300001161704770B504462546681EB0F1807F54
:1073100001D301200FE0681E4FF0E02148610F21EA
:107320004FF0FF3001F0B4FE00204FF0E021886103
:1073300007200861002070BD704770477047704794
:10734000704700002DE9F04704462068C5692068B1
:1073500006682068876840F60F0005EA0009B9F161
:10736000000F0FD105F0200060B106F0200010B929
:1073700007F0805030B1206F10B12046216F884750
:10738000BDE8F087B9F1000F7ED0F948384018B950
:10739000F84830400028F7D005F0010058B106F455
:1073A000807040B1012021680862D4F88C0040F060
:1073B0000100C4F88C0005F0020058B107F001008C
:1073C00040B1022021680862D4F88C0040F004002B
:1073D000C4F88C0005F0040058B107F0010040B17A
:1073E000042021680862D4F88C0040F00200C4F840
:1073F0008C0005F0080070B106F0200010B9DC48E0
:10740000384040B1082021680862D4F88C0040F070
:107410000800C4F88C0005F4006060B106F08060DC
:1074200048B14FF4006021680862D4F88C0040F045
:107430002000C4F88C00D4F88C0000284ED005F051
:10744000200050B106F0200010B907F0805020B1A4
:10745000206F10B12046216F8847D4F88CA0206897
:10746000806800F04000402802D00AF0280070B385
:10747000204600F0F1FE2068806800F040004028BF
:1074800021D100BF00BF00E029E02168083151E8A8
:10749000001F21F040002168083141E80002002A65
:1074A000F1D100BFE06F50B1B348E16F0865E06F04
:1074B000FBF79CF990B1E06F016D88470EE0204624
:1074C000FFF73EFF0AE02046FFF73AFF06E0FFE73E
:1074D0002046FFF735FF0020C4F88C0050E7E06E2F
:1074E000012872D105F0100000286ED006F01000BF
:1074F0000028FAD01020216808622068806800F017
:10750000400040287ED1E06F00689C49884258D0F6
:10751000E06F006899491831884252D0E06F0068E6
:107520009649303188424CD0E06F00689349483129
:10753000884246D0E06F006890496031884240D070
:10754000E06F00688D49783188423AD0E06F00687A
:107550008A499031884234D0E06F00688749A83169
:1075600088422ED0E06F00688549884229D0E06FBC
:10757000006883491831884223D0E06F0068804951
:10758000303188421DD0E06F00687D494831884223
:1075900017D0E06F00687A496031884211D0E06FFF
:1075A00000687749783188420BD0E06F00687449F1
:1075B0009031884205D0E06F00687149A831884257
:1075C00004D1E06F0068406803E0A0E0E06F00686D
:1075D00040681FFA80F8B8F1000F55D0B4F85C008D
:1075E000404551DDA4F85E80E06FC069B0F5807F52
:1075F00041D000BF00BF216851E8001F21F4807016
:10760000226800E041E042E800010029F3D100BF18
:1076100000BF00BF2168083151E8001F21F00100C0
:107620002168083141E80002002AF3D100BF00BF01
:1076300000BF2168083151E8001F21F04000216897
:10764000083141E80002002AF3D100BF2020C4F82D
:1076500088000020E06600BF00BF216851E8001FDD
:1076600021F01000226842E800010029F5D100BF96
:10767000E06FFAF74DFEB4F85C00B4F85E20801AB3
:1076800081B22046FFF758FE7AE634F85C0F618835
:10769000401A1FFA80F860885C3CB8B3B8F1000F5C
:1076A00034D000BF00BF216851E8001F21F4907062
:1076B000226842E800010029F5D100BF00BF00BFE9
:1076C0002168083151E8001F294AD24301EA02002B
:1076D0002168083141E80002002AF1D100BF2020D2
:1076E000C4F888000020E066206700BF00BF216862
:1076F00051E8001F21F01000226842E80001002933
:10770000F5D100BF41462046FFF716FE38E605F4E6
:10771000801050B107F4800038B14FF48010216818
:1077200008622046FFF70BFE2AE605F0800058B1FC
:1077300006F0800010B907F4000028B1606F10B1A6
:107740002046616F88471BE605F0400030B106F027
:10775000400018B1204600F0B5FD11E605F4000028
:1077600080B106F0804068B12046FFF7E7FD07E6EC
:1077700001000010200100043F82000810000240B8
:107780001004024005F0807030B106F0004018B1DE
:107790002046FFF7D2FDF3E500BFF1E510B5044642
:1077A0000CB9012010BDA06900B100E000BFD4F801
:1077B000840028B9002084F88000204600F02AF8D0
:1077C0002420C4F884002068006820F001002168AB
:1077D0000860204601F028F8012800D1E2E7A06AFD
:1077E00010B1204600F074FC2068406820F49040FE
:1077F000216848602068806820F02A00216888603D
:107800002068006840F0010021680860204600F010
:10781000DBFCC7E710B586B004462B4920688842D8
:1078200050D100BF00BF2948006840F01000274930
:1078300008600846006800F01000009000BF00BF1C
:1078400000BF00BF00BF21481038006840F00100B1
:107850001E49103908600846006800F001000090D9
:1078600000BF00BF00BF00BF00BF0846006840F077
:10787000010008600846006800F00100009000BFA9
:1078800000BF00BF4FF40070019002200290012061
:107890000390022004900720059001A90C48FCF7F2
:1078A0009BFB4FF4806001900720059001A90848D8
:1078B000FCF792FB2520FCF772FF032211462520DE
:1078C000FCF781FF06B010BD00100140F0440258E3
:1078D0000000025870B504460D461646D4F88800DC
:1078E00020282CD105B10EB9012070BD00BF94F83D
:1078F0008000012801D10220F7E7012084F88000F0
:1079000000BF0020E0660F492068884211D020683F
:10791000406800F4000060B100BF00BF216851E87A
:10792000001F41F08060226842E800010029F5D183
:1079300000BF32462946204601F03CFAD5E7022036
:10794000D3E70000000C005810B504462049206819
:1079500088423BD11F48008800F4004088BB1D4886
:10796000008800F4804070B11B4800780A2803D0DA
:1079700000201849088024E01648008840F40040A0
:10798000144908801DE0144800780D2806D11148DC
:10799000008840F480400F49088012E00E480078CB
:1079A0000C490988C1F30D010C4A5054094800885C
:1079B000401C0849088008460088C72801DD0020CF
:1079C0000880012204490648FFF784FF10BD00002B
:1079D0000010014010000024120000245C0100246B
:1079E00024020024704700BFFEE700008168024ABD
:1079F0001140491C81607047C0FFFF7F01468868C5
:107A000000F01F00704701468868C0F3C00070474F
:107A100001468868C0F3400070470146886800F05E
:107A20000100704701468868C0F300707047014646
:107A30008868C0F3800070470146C86800F4406061
:107A400008B9012070470020FCE700008168024A65
:107A50001140091D81607047C0FFFF7F70B500F1C4
:107A60001404C1F3406504EB85031C68C1F304569C
:107A70000725B540AC43C1F3045502FA05F52C4384
:107A80001C6070BD826822F0E0720A438260704719
:107A9000F0B58E880768FF68C7F30B473E44330490
:107AA00006688436802707FB0266766806F470470E
:107AB000066884364FF0800C0CFB026677600E6817
:107AC0000768FF68C7F30B473E44761C1E430768F0
:107AD00084370CFB02777E608E890768FF68C7F3E6
:107AE0000A073E44330406688436802707FB026693
:107AF000B66806F47047066884360CFB0266B76009
:107B00008E680768FF68C7F30A073E44761C46EA9A
:107B10000307066884360CFB0266B7600668843685
:107B2000802707FB0266366926F007070668843659
:107B30000CFB026637610F69066884360CFB02662F
:107B400037613126765C33023226765C34040E7E51
:107B5000350606688436802707FB0266B66900276B
:107B6000066884360CFB0266B76191F830601E43EC
:107B7000264346EA0507066884360CFB0266B761B1
:107B800006688436802707FB0266766926F0FF07C1
:107B9000066884360CFB026677614F690668843696
:107BA0000CFB0266776106688436802707FB026655
:107BB000F66940F20777BE43076884370CFB02770B
:107BC000FE61D1E907763743066884360CFB02660E
:107BD000F76106688436802707FB0266B66A0027CD
:107BE000066884360CFB0266B7624F6A0668843604
:107BF0000CFB0266B7620E690EB9042313E00E692E
:107C0000012E01D103230EE00E69042E08D00E6967
:107C1000022E05D00E69032E02D00E69072E01D167
:107C2000022300E0012306688436802707FB0266F2
:107C3000F66A06F0E027066884364FF0800C0CFBED
:107C40000266F762D1E90076F61B5E43F61D0F8DE2
:107C50005F4346EA0747066884360CFB0266F76214
:107C600006688436802707FB0266366BF70AFF0238
:107C7000066884360CFB02663763CF6A0668843672
:107C80000CFB0266376306688436D701F65946F066
:107C90000107066884364FEAC21C46F80C70F0BD36
:107CA00000BFFEE71FB5FCF743FD01208DF8000083
:107CB0001048019007208DF8080003208DF80B0074
:107CC00001208DF80F0000208DF80E0001208DF8A6
:107CD0000D0005208DF8010000208DF80A008DF8B8
:107CE00009008DF80C006846FCF7F4FC0420FCF752
:107CF00035FD1FBD0000043000BFFEE770470000E7
:107D00002DE9F04104460E4600275548006800F072
:107D10000300032802D10120BDE8F0815048283833
:107D2000006820F080604E4928390860FCF770FA3E
:107D3000054606E0FCF76CFA401B022801D9032037
:107D4000EAE7474828380068C0F3C0600028F1D14E
:107D500000BF4348006820F47C30216840EA0130CD
:107D60003F490860A088401EC0F30800A168491E72
:107D70004FF47E4202EA41210843A189491ED20103
:107D800002EA01410843217C491E120202EA016114
:107D9000084333491031086000BF3148001D0068B6
:107DA00020F0C000616908432D49091D086008469C
:107DB000006820F02000A16908432949091D0860D6
:107DC0000846006820F0100008602548143000685C
:107DD0004FF6F8718843E16940EAC1002049143147
:107DE00008601F48001D006840F010001C49091D74
:107DF00008602EB90846006840F40020086012E0D0
:107E0000012E08D11648001D006840F48010144966
:107E1000091D086007E01248001D006840F40010CA
:107E20000F49091D08600E482838006840F080603E
:107E30000B4928390860FCF7EBF9054606E0FCF72A
:107E4000E7F9401B022801D9032065E704482838D8
:107E50000068C0F3C0600028F1D038465CE700003D
:107E6000284402582DE9F04104460E4600275548A3
:107E7000006800F00300032802D10120BDE8F08172
:107E800050482838006820F080504E492839086052
:107E9000FCF7BEF9054606E0FCF7BAF9401B0228DC
:107EA00001D90320EAE7474828380068C0F340704A
:107EB0000028F1D100BF4348006820F07C70218881
:107EC00040EA01503F490860A088401EC0F3080006
:107ED000A168491E4FF47E4202EA41210843A1896C
:107EE000491ED20102EA01410843217C491E1202C7
:107EF00002EA0161084333491831086000BF314884
:107F0000001D006820F44060616908432D49091D87
:107F100008600846006820F40070A16908432949F8
:107F2000091D08600846006820F480700860254834
:107F30001C3000684FF6F8718843E16940EAC100DF
:107F400020491C3108601F48001D006840F4807003
:107F50001C49091D08602EB90846006840F48000DD
:107F6000086012E0012E08D11648001D006840F498
:107F700000001449091D086007E01248001D006850
:107F800040F080700F49091D08600E4828380068CD
:107F900040F080500B4928390860FCF739F9054654
:107FA00006E0FCF735F9401B022801D9032065E7FC
:107FB000044828380068C0F340700028F1D03846E3
:107FC0005CE7000028440258704710B5FCF726F91A
:107FD00010BD00003448006840F470003249086069
:107FE0003248006800F00F00072806D22F480068CA
:107FF00020F00F00C01D2D4908602D48006840F09A
:1080000001002B49086000202949103108602848E8
:10801000006828490840264908602448006800F0A4
:108020000F00072806D92148006820F00F00C01D66
:108030001E49086000201E4918310860091D0860AB
:10804000091D08601C481A49283108601B48091D91
:1080500008601B48091D08600020091D08601848B9
:10806000091D08600020091D08601548091D0860E9
:108070000020091D08600E48006820F480200C498B
:10808000086000200A49603108600E4800686FF3FC
:108090000F00B0F1005F02D201200B49086043F2EB
:1080A000D2000A490860704788ED00E000200052C5
:1080B000004402587FEDF6EA000202020000FF01D0
:1080C000800201010010005C088100510040005254
:1080D00090F8281001F0010139B10168496821F4D4
:1080E0000031C26A11430268516090F8281001F013
:1080F0000201022907D10168496821F48031026B2D
:1081000011430268516090F8281001F0040104291D
:1081100007D10168496821F48021426B114302684C
:10812000516090F8281001F00801082907D1016872
:10813000496821F40041826B11430268516090F854
:10814000281001F01001102907D10168896821F475
:108150008051C26B11430268916090F8281001F0C1
:108160002001202907D10168896821F40051026C9F
:1081700011430268916090F8281001F040014029F5
:1081800013D10168496821F48011426C11430268DF
:108190005160416CB1F5801F07D10168496821F435
:1081A000C001826C11430268516090F8281001F000
:1081B0008001802907D10168496821F40021C26C3F
:1081C000114302685160704738B504460020C4F876
:1081D0008C00FCF71DF805462068006800F00800D8
:1081E00008280CD16FF07E402B4600224FF400117E
:1081F0000090204600F096FE08B1032038BD2068AC
:10820000006800F0040004280CD16FF07E402B467B
:1082100000224FF480010090204600F083FE08B158
:108220000320EBE72020C4F88400C4F88800002075
:10823000E06600BF84F8800000BF00BFDEE770B5D5
:108240000546AC6B0020A4F85E00A4F8560020465A
:10825000FFF776F870BD000000BF00BF026852E86B
:10826000002F22F49071036843E80012002AF5D130
:1082700000BF00BF00BF0268083252E8002F104B59
:1082800002EA03010268083242E80013002BF2D12F
:1082900000BFC16E01290CD100BF00BF026852E8C7
:1082A000002F22F01001036843E80012002AF5D1E4
:1082B00000BF2021C0F888100021C1660167704707
:1082C000FEFFFFEF10B5044600BF00BF216851E874
:1082D000001F21F04000226842E800010029F5D18A
:1082E00000BF2020C4F88400002060672046FFF70C
:1082F00079FB10BD2DE9F0410446B4F86070D4F864
:108300008800222857D12068406A86B2A56D06EA07
:1083100007002880A06D801CA065B4F85E00401E98
:10832000A4F85E00B4F85E0000284AD100BF00BF88
:10833000216851E8001F21F49070226842E8000192
:108340000029F5D100BF00BF00BF2168083151E806
:10835000001F21F001002168083141E80002002AD5
:10836000F3D100BF2020C4F8880000202067E06E11
:1083700001281CD10020E06600BF00BF216851E841
:10838000001F21F01000226842E800010029F5D109
:1083900000BF2068C069C0F3001010B11020216830
:1083A0000862B4F85C102046FEF7C6FF09E02046DC
:1083B000FFF7CAFA05E02068806940F008002168EC
:1083C0008861BDE8F08100002DE9F84F0446B4F85B
:1083D00060B02068C5692068006800902068D0F807
:1083E00008A0D4F8880022287ED1B4F8689096E0DE
:1083F0002068406A1FFA80F8A76D08EA0B003880F1
:10840000A06D801CA065B4F85E00401EA4F85E005C
:108410002068C56905F00700B0B305F0010060B140
:10842000009800F4807040B1012021680862D4F8FF
:108430008C0040F00100C4F88C0005F0020058B137
:108440000AF0010040B1022021680862D4F88C00D3
:1084500040F00400C4F88C0005F0040058B10AF0A4
:10846000010040B1042021680862D4F88C0040F07B
:108470000200C4F88C00D4F88C0028B12046FEF726
:108480005FFF0020C4F88C00B4F85E0068BB00BF3A
:1084900000BF216851E8001F21F48070226842E883
:1084A00000010029F5D100BF00BF00BF21680831DD
:1084B00051E8001F344A01EA02002168083141E80E
:1084C0000002002AF2D100BF2020C4F8880000205A
:1084D0002067E06E01281FD10020E06600BF00BFCA
:1084E000216851E8001F01E046E018E021F010008B
:1084F000226842E800010029F2D100BF2068C0696B
:10850000C0F3001010B1102021680862B4F85C10AC
:108510002046FEF711FF02E02046FFF715FAB9F1F9
:10852000000F04D005F0200000287FF461AFB4F8FC
:108530005E6006B3B4F86800B04223DD00BF00BF40
:108540002168083151E8001F21F08050216808316E
:1085500041E80002002AF3D100BF0C48206700BFA9
:1085600000BF216851E8001F41F02000226842E866
:1085700000010029F5D105E02068806940F008007D
:1085800021688861BDE8F88FFEFFFFEFF5820008E3
:1085900070B50446B4F86060D4F88800222857D13A
:1085A0002068406A85B2F0B22840A16D0870A06DC5
:1085B000401CA065B4F85E00401EA4F85E00B4F84C
:1085C0005E0000284AD100BF00BF216851E8001FAB
:1085D00021F49070226842E800010029F5D100BF23
:1085E00000BF00BF2168083151E8001F21F00100E1
:1085F0002168083141E80002002AF3D100BF2020A1
:10860000C4F8880000202067E06E01281CD10020FB
:10861000E06600BF00BF216851E8001F21F0100094
:10862000226842E800010029F5D100BF2068C06936
:10863000C0F3001010B1102021680862B4F85C107B
:108640002046FEF779FE09E02046FFF77DF905E0B8
:108650002068806940F008002168886170BD0000D2
:108660002DE9F05F0446B4F860A02068C569206871
:10867000D0F800B02068D0F80890D4F888002228FC
:108680007DD1B4F8688095E02068406A87B20AF02E
:10869000FF003840A16D0870A06D401CA065B4F8C3
:1086A0005E00401EA4F85E002068C56905F0070062
:1086B000A8B305F0010058B10BF4807040B101205F
:1086C00021680862D4F88C0040F00100C4F88C00E6
:1086D00005F0020058B109F0010040B10220216804
:1086E0000862D4F88C0040F00400C4F88C0005F057
:1086F000040058B109F0010040B10420216808626B
:10870000D4F88C0040F00200C4F88C00D4F88C003F
:1087100028B12046FEF714FE0020C4F88C00B4F8FF
:108720005E0068BB00BF00BF216851E8001F21F454
:108730008070226842E800010029F5D100BF00BF27
:1087400000BF2168083151E8001F354A01EA0200E4
:108750002168083141E80002002AF2D100BF202040
:10876000C4F8880000202067E06E01281FD1002097
:10877000E06600BF00BF216851E8001F01E046E04D
:1087800018E021F01000226842E800010029F2D12F
:1087900000BF2068C069C0F3001010B1102021682C
:1087A0000862B4F85C102046FEF7C6FD02E02046E1
:1087B000FFF7CAF8B8F1000F04D005F02000002838
:1087C0007FF462AFB4F85E6006B3B4F86800B042FC
:1087D00023DD00BF00BF2168083151E8001F21F0F0
:1087E00080502168083141E80002002AF3D100BF1F
:1087F0000C48206700BF00BF216851E8001F41F00E
:108800002000226842E800010029F5D105E0206837
:10881000806940F0080021688861BDE8F09F000091
:10882000FEFFFFEF918500082DE9F04F89B0054666
:1088300000200890F8492868884200D100E000BF75
:108840002969A868084369690843E96940EA010899
:1088500028680068F149084040EA08002968086073
:108860002868406820F44050E96808432968486057
:10887000D5F81880E8492868884202D0286A40EA7A
:10888000080828688068E649084040EA0800296826
:1088900088602868C06A20F00F00696A0843296868
:1088A000C86200BFDF492868884220D1DE480068DE
:1088B00000F03800182811D005DC48B1082809D08C
:1088C000102811D108E020280AD028280CD109E06E
:1088D00001240BE0042409E0082407E0102405E04B
:1088E000202403E0402401E0802400BFF8E0CF49C9
:1088F0002868884219D1CC48006800F00700062893
:1089000010D2DFE800F0030507090B0D00240BE08F
:10891000042409E0082407E0102405E0202403E0F3
:10892000402401E0802400BFDAE0C1492868884281
:1089300019D1BD48006800F00700062810D2DFE812
:1089400000F0030507090B0D00240BE0042409E0E7
:10895000082407E0102405E0202403E0402401E07F
:10896000802400BFBCE0B3492868884219D1AE48D2
:10897000006800F00700062810D2DFE800F00305C9
:1089800007090B0D00240BE0042409E0082407E08C
:10899000102405E0202403E0402401E0802400BFEF
:1089A0009EE0A5492868884219D19F48006800F0D8
:1089B0000700062810D2DFE800F0030507090B0DB9
:1089C00000240BE0042409E0082407E0102405E05B
:1089D000202403E0402401E0802400BF80E0974988
:1089E0002868884220D19048006800F03800182894
:1089F00011D005DC48B1082809D0102811D108E0B1
:108A000020280AD028280CD109E001240BE00424F6
:108A100009E0082407E0102405E0202403E04024B6
:108A200001E0802400BF5BE085492868884219D1B5
:108A30007D48006800F00700062810D2DFE800F04B
:108A4000030507090B0D00240BE0042409E00824AA
:108A500007E0102405E0202403E0402401E0802406
:108A600000BF3DE077492868884219D16E48006808
:108A700000F00700062810D2DFE800F00305070920
:108A80000B0D00240BE0042409E0082407E0102467
:108A900005E0202403E0402401E0802400BF1FE023
:108AA0005D49286888421AD15F48001D006800F0BF
:108AB0000700062810D2DFE800F0030507090B0DB8
:108AC00002240BE0042409E0082407E0102405E058
:108AD000202403E0402401E0802400BF00E0802443
:108AE00000BF4D49286888427DD1102C1AD006DC81
:108AF000022C09D0042C0BD0082C29D10DE0202CFD
:108B000021D0402C24D120E0FBF7B8FE064623E01C
:108B100005A8FBF7DDFF069E1EE002A8FCF7F0F8B3
:108B2000039E19E0404854380068C0F3401040B13B
:108B30003D4854380068C0F3C101434820FA01F6AB
:108B400000E0414E08E0414E06E04FF4004603E0ED
:108B500000260120089000BF00BF002E10D03C4925
:108B6000686A31F81000B6FBF0F9686800EB400065
:108B7000484503D868680003484502D201200890A0
:108B800003E13349686A31F810C062460023304679
:108B90001946F7F7A7FB4FF4807300228446ACFB1D
:108BA000030B01FB03B10CFB021C69684908034677
:108BB00059184CEB0200CDE90010D5F804C062460C
:108BC000002308460199F7F78DFB0746B7F5407F6C
:108BD00006D3B7F5801F03D22868C760D5E002E04E
:108BE00001200890D1E0E869B0F5004F7BD1082C56
:108BF00039D005DC5CB1012C2CD0042C4CD12DE0FB
:108C0000102C35D0202C42D0402C45D141E0FDF72E
:108C1000A1FC064644E00000000C0058F369FFCFB9
:108C2000FFF4FF110010014054440258004400407A
:108C300000480040004C004000500040001401403B
:108C400000780040007C00400090D00300093D0007
:108C500010AB0108FDF790FC064621E005A8FBF7E4
:108C600037FF069E1CE002A8FCF74AF8039E17E0B7
:108C70004C480068C0F3401038B14A480068C0F35F
:108C8000C101494820FA01F600E0474E08E0474E8E
:108C900006E04FF4004603E000260120089000BFE4
:108CA00000BFFEB14249686A31F81000B6FBF0F02F
:108CB0004000696800EB5100B0FBF1F7102F0FD3B3
:108CC000B7F5803F0CD24FF6F07007EA000AC7F301
:108CD00042004AEA000A2868C0F80CA055E002E009
:108CE0000120089051E0082C1AD005DC5CB1012C61
:108CF0000DD0042C2DD10EE0102C16D0202C23D01A
:108D0000402C26D122E0FDF725FC064625E0FDF7A4
:108D100033FC064621E005A8FBF7DAFE069E1CE0C0
:108D200002A8FBF7EDFF039E17E01E480068C0F3A2
:108D3000401038B11B480068C0F3C1011A4820FA3E
:108D400001F600E0184E08E0184E06E04FF4004629
:108D500003E000260120089000BF00BFAEB1144917
:108D6000686A31F81000B6FBF0F0696800EB51005A
:108D7000B0FBF1F7102F06D3B7F5803F03D2B8B29E
:108D80002968C86001E0012008900120A5F86A0068
:108D9000A5F86800002028676867089809B0BDE852
:108DA000F08F0000004402580090D00300093D00FD
:108DB00010AB010830B503469965A3F85C20A3F811
:108DC0005E200020186700BF9868B0F5805F0AD168
:108DD000186920B940F2FF10A3F8600020E0FF20DE
:108DE000A3F860001CE0986848B9186918B9FF201A
:108DF000A3F8600014E07F20A3F8600010E09868FA
:108E0000B0F1805F09D1186918B97F20A3F860001C
:108E100006E03F20A3F8600002E00020A3F8600015
:108E200000BF0020C3F88C002220C3F8880000BFD8
:108E300000BF1C68083454E8004F44F001001C686F
:108E4000083444E80005002DF3D100BF586EB0F19E
:108E5000005F31D1B3F8680090422DDC9868B0F51E
:108E6000805F04D1186910B92A48186701E02A48C0
:108E7000186700BF002083F8800000BF186960B148
:108E800000BF00BF1C6854E8004F44F480701D68A8
:108E900045E80004002CF5D100BF00BF00BF1C68EE
:108EA000083454E8004F44F080501C68083444E80B
:108EB0000005002DF3D12BE09868B0F5805F04D158
:108EC000186910B91548186701E01548186700BF00
:108ED000002083F8800000BF186960B100BF00BFA8
:108EE0001C6854E8004F44F490701D6845E8000485
:108EF000002CF5D10CE000BF00BF1C6854E8004F07
:108F000044F020001D6845E80004002CF5D100BFA6
:108F1000002030BDC983000861860008F582000882
:108F2000918500082DE9F04104460D461746984604
:108F3000069E6AE0701C002867D0FBF769F9A0EB79
:108F40000800B04200D846BB00BF00BF216851E80E
:108F5000001F21F4D070226842E800010029F5D1F9
:108F600000BF00BF00BF2168083151E8001F21F099
:108F700001002168083141E80002002AF3D100BF56
:108F80002020C4F88400C4F8880000BF002084F8C2
:108F9000800000BF0320BDE8F0812068006800F079
:108FA000040088B32068C069C0F3C02060B34FF4E8
:108FB00000602168086200BF00BF216851E8001FFF
:108FC00021F4D070226842E800010029F5D100BFE9
:108FD00000BF00BF2168083151E8001F21F00100E7
:108FE0002168083141E80002002AF3D100BF2020A7
:108FF00044F8840F6060A060843C00BF002084F8C7
:10900000800000BF0320C6E7FFE72068C069284052
:10901000A84201D1012000E00020B8428AD00020FF
:10902000B9E7000010B50248FEF78CF910BD00004A
:109030002402002400BFFEE70FB4054B10B503A9BE
:10904000044A029800F048F810BC5DF814FB0000D8
:1090500025AF00080C0000240FB4084B10B504A97C
:1090600002AA039800F038F8044602A9002000F094
:109070005EFA204610BC5DF814FB00002F95000836
:1090800002480068C0F30220704700000CED00E0C9
:1090900010B5002804DB0A07130E054A135406E036
:1090A0000A07140E034A00F00F031B1FD45410BD0F
:1090B00000E400E018ED00E002E008C8121F08C15B
:1090C000002AFAD170477047002001E001C1121F49
:1090D000002AFBD1704700002DE9FF4F8DB00F46ED
:1090E0000546002606E025280BD0DDE90F12904743
:1090F0006D1C761C28780028F5D111B03046BDE8EB
:10910000F08F0024A246A1460122E94900E0044371
:1091100015F8013F203B02FA03F00842F7D1287806
:109120002A2810D06FF02F022878A0F130010929E9
:1091300014D80AEB8A0102EB410144F0020400EB6F
:10914000010A6D1CF0E701CF5FEA000A03D544F481
:109150000054CAF1000A44F002046D1C28782E283D
:1091600017D115F8010F44F004042A280ED06FF02F
:109170002F022878A0F1300109290AD809EB8901CA
:1091800002EB410100EB01096D1CF2E757F8049B6B
:109190006D1C28786C280FD006DC4C2817D0682866
:1091A0000DD06A2814D104E0742810D07A280FD189
:1091B0000DE044F400140AE044F4801401E044F4A7
:1091C00040146978814202D104F580146D1C6D1C35
:1091D00028786E281ED00CDC632830D004DC0028F0
:1091E0008BD0582811D19FE0642867D069280CD112
:1091F00064E073282DD004DC6F2872D0702804D16D
:1092000094E075286ED078286DD0DDE90F12904774
:10921000761C4BE1C4F30250022806D0032809D083
:10922000042801CF09D0066040E101CFF117C0E961
:1092300000613BE101CF068038E1067036E117F8A6
:10924000040B8DF8000000208DF80100EB46012092
:1092500003E057F804BB4FF0FF3061074FF0000107
:1092600002D40DE008F10101884649450FDA804536
:10927000F8DB1BF808100029F4D108E008F101011F
:1092800088468142FADB1BF808100029F6D1DDE997
:109290000F23AAEB08008146214600F031F9304443
:1092A00000EB080604E0DDE90F121BF8010B904704
:1092B000B8F10108F7D221464846F2E00A21C4F38A
:1092C00002524FF0000B0891022A04D001CFC117BF
:1092D000032A09D00AE0FF1D27F00707F7E802017B
:1092E00008E02CE01EE01FE000B2C117042A01D103
:1092F00040B2C117021E71F1000206DA0023D0EB62
:10930000030063EB01012D2202E0220504D52B228C
:109310008DF82420012203E0E20701D02022F7E7A4
:10932000904653E00A210BE0102109E010214FF094
:10933000000B44F004044FF00809089103E00821F1
:109340004FF0000B0891C4F30252022A04D001CF5F
:109350000021032A06D006E0FF1D27F00707F7E8E3
:10936000020103E080B2042A00D1C0B24FF000082D
:1093700022072BD52A78702A07D0DDF820C08CF080
:10938000100C5CEA0B0C05D00EE040228DF8242076
:10939000012208E050EA010306D030238DF8243082
:1093A0008DF8252002229046089B83F0080353EA9B
:1093B0000B030BD150EA010201D1620706D530221E
:1093C0008DF824204FF00108A9F101092A78582AC4
:1093D00004D038A20B9208AA0A920BE03AA2F9E74D
:1093E0005B46089AF6F77EFF0B9B9B5C0A9A521E1F
:1093F0000A92137050EA0102F2D10A98ADEB000014
:1094000000F1200B600702D524F4803401E04FF016
:109410000109D94502DDA9EB0B0000E0002000EBBB
:109420000B0141440890AAEB010AE00306D4DDE9F0
:109430000F232146504600F063F806444FF0000920
:1094400008E009A911F80900DDE90F12904709F1B8
:109450000109761CC145F4DBE0030CD5DDE90F23DF
:109460002146504600F04CF8064404E0DDE90F12B6
:1094700030209047761C0899481E08900029F5DC9A
:1094800008E00A980A990078491C0A91DDE90F1250
:109490009047761CBBF10001ABF1010BF1DC2146DA
:1094A0005046DDE90F2300F019F806446D1C21E653
:1094B00009280100303132333435363738396162AA
:1094C000636465660000000030313233343536376E
:1094D0003839414243444546000000002DE9F0413F
:1094E000044600251E461746880404D405E0394684
:1094F0002020B0476D1C641EF9D52846BDE8F081D8
:109500002DE9F041044600251E469046C80301D5CA
:10951000302700E02027880404D505E0414638467E
:10952000B0476D1C641EF9D52846BDE8F0810A6875
:10953000531C0B60107070471649896821F00101B7
:10954000144A91601449096821F00101124AB83A9D
:10955000C2F8B81000BF1049096801F001010029E4
:10956000F9D10D49091D08600B49B839D1F8B81077
:1095700041F00101084AB83AC2F8B81005498968B3
:1095800041F00101034A91601146896841F00401EC
:109590009160704700200240B800024013B58EB0C1
:1095A00004461C2102A8F6F708FF00BF65480068C2
:1095B00040F00100634908600846006800F00100BF
:1095C000019000BF00BF00BF00BF5E4808380068C0
:1095D00040F020005B49083908600846006800F048
:1095E0002000019000BF00BF00BF00BF0846006818
:1095F00040F0010008600846006800F0010001909A
:1096000000BF00BF4F488838006820F4403040F465
:1096100000304C49883908603920099003200A90AD
:1096200000200B9009A94848FAF7D6FC474848495A
:10963000086009204860002145488160C1604FF4FE
:109640008061016149004161890081610021C1613E
:109650004FF48031016200214162F9F793FA00BFB3
:109660003B483C49C86408463949886300BF3A48CA
:10967000384908604FF480204860002135488160F7
:109680000121C160042101610021017501214175A1
:1096900004218161002101770162416281624FF4FE
:1096A00080510163002180F8381041630121C162BB
:1096B000F8F708FC40F2FF7200212648F8F700F99D
:1096C00026480290062003900720049040F2FF7085
:1096D000059004200690002007908DF820008DF85A
:1096E000210002A91B48F8F747F91D4802900C20F9
:1096F000039002A91748F8F73FF91A480290122080
:10970000039002A91348F8F737F917480290182078
:10971000039002A90F48F8F72FF9032211462F20D2
:10972000FBF751F82F20FBF73AF8002321460848B1
:109730000F9AF9F7B7FC00220FA90648F8F74EFD7B
:1097400010B010BDE044025800000258B8000240BA
:109750003C060024B40600240020024000002143FF
:109760000080F03E0000844B0000B84F0048704776
:109770000CDC01080348006808B101207047002094
:10978000FCE700005401002470B504460D4629464C
:10979000204600F095F870BD70B505460C4611489E
:1097A000006808B105B114B94FF0FF3070BD0D4825
:1097B0000068B0F86400A04202DA6FF00100F5E73B
:1097C0000123224629460748006810F027FA10B105
:1097D0006FF00200EAE7034800680CF0BFFE0020CB
:1097E000E4E70000540100240149086070470000CC
:1097F0005401002410B504460420FDF76FFD014814
:10980000048010BD0800002470B504461E2094FB9F
:10981000F0F594FBF0F100FB114604E047F2305004
:1098200000F00CF86D1E002DF8D12EB14FF47A71B6
:1098300006FB01F000F002F870BD000070B50346B1
:1098400000224FF0E02675690D4E368803FB06F4C2
:109850004FF0E026B16910E04FF0E026B069884291
:109860000BD0884202D20E1A324402E02E1A0E4465
:1098700032440146A24200D300E0EDE700BF70BDD4
:109880000800002470B504460D460A4804600A48E2
:109890000560FAF7BDFC094908600748006838B15F
:1098A00005480068006818B10349096808688047DE
:1098B00070BD0000480100244C0100245001002428
:1098C00070B504460D460948006828B1074800688D
:1098D000006808B104B105B970BD044800682946A4
:1098E00002682046904700BFF6E7000048010024C8
:1098F00010B5B6B01F48006870B11F48006858B175
:109900001C480068006838B11A480068406818B1FF
:1099100019480068406808B936B010BD1549096893
:109920004868804700B9F7E7FAF772FC13490968FD
:10993000401AB0F5FA7F00D2EEE7FAF769FC0F495A
:1099400008600D480068416830A8884700B1E3E727
:10995000C022694630A80AF071F90446002C07DDE0
:10996000C02C05DAA1B20348006802686846904737
:1099700000BFD1E7480100244C010024500100241D
:1099800070B504460D4600BF05F00300002808D05E
:1099900000BF08A34FF4B67210A118A0FFF74CFB4C
:1099A00000BF00BF2E46A06800683060A068066057
:1099B00070BD00002E2E5C2E2E5C4D6964646C65BB
:1099C00077617265735C6C7769705C7372635C63FA
:1099D0006F72655C6D656D702E6300006D656D70F6
:1099E0005F667265653A206D656D2070726F706597
:1099F000726C7920616C69676E6564004173736590
:109A00007274696F6E2022257322206661696C650D
:109A100064206174206C696E6520256420696E2065
:109A200025730A0070B50546A8680468002C13D099
:109A30002068A968086000BF04F00300002808D06F
:109A400000BF06A34FF48C720EA117A0FFF7F4FA23
:109A500000BF00BF204670BD0020FCE72E2E5C2E0C
:109A60002E5C4D6964646C6577617265735C6C77BC
:109A700069705C7372635C636F72655C6D656D7059
:109A80002E6300006D656D705F6D616C6C6F633A85
:109A9000206D656D702070726F7065726C792061D9
:109AA0006C69676E65640000417373657274696FF9
:109AB0006E2022257322206661696C6564206174C2
:109AC000206C696E6520256420696E2025730A006C
:109AD00038B50446002000906A4616490988636933
:109AE00020689847002802DA6FF0040038BD124958
:109AF00009880098084010490988884206D00F4913
:109B000009880098084008B10220EFE70A4909884F
:109B10000098084008490988884201D00320E5E7F9
:109B2000009800F48070B0F5807F01D00420DDE75C
:109B30000520DBE7380000243A0000243C00002424
:109B4000F8B50446002700200090002500266A464C
:109B50000221284663699847009820B1072836D02B
:109B60001C2841D124E06A460321284663699847AE
:109B70000098B0F5947F0ED111205049088044F22E
:109B800010004F4908804FF400504E4908800220D1
:109B90004D4908600BE010204849088022204849C0
:109BA00008800420474908800320474908601BE0DB
:109BB00000204249088042F22000414908804FF4C9
:109BC00080704049088001203F4908600CE01F2058
:109BD0003A49088004203A49088010203949088011
:109BE00000203949086000BF00BF6068002856D1D6
:109BF000A06808B1A068804720202060002514E0FC
:109C00006A462E480188284663699847002802DA88
:109C10006FF0040608E0009800F01F00A84202D18F
:109C20002560002603E000BF6D1C1F2DE8D900BF92
:109C300020681F2801D96FF0020656BB4FF400427E
:109C40000021236920689847002826DB6A46002106
:109C500063692068984700281CDBA0698047074695
:109C600012E0A0698047C01BB0F5FA7F09D86A46A8
:109C70000021636920689847002805DA6FF0040620
:109C800007E06FF0010604E0009800F400400028AF
:109C9000E7D104E06FF0040601E06FF003065EB95F
:109CA000A0698047074600BFA0698047C01BB0F588
:109CB000FA6FF9D9012060603046F8BD3800002401
:109CC0003A0000243C0000243400002402462AB15B
:109CD000C86818B1886808B1086910B94FF0FF303A
:109CE0007047086890604B68D360CB6853618B689D
:109CF00013610B6993610020F2E738B50446002038
:109D0000009000256A460021636920689847002872
:109D10000CDB009840F480500090236920680021FB
:109D2000009A9847002803DA2D1F01E06FF0040520
:109D3000284638BD70B50546002411E004EB440008
:109D4000094901EBC000067D4EB104EB440001EB74
:109D5000C0008068A84202D1204600F083F9641C4C
:109D60000A2CEBDB70BD00003CA107242DE9FF5F4E
:109D70000646894617464FF00A0AD346D0460024C5
:109D80000A200390002002900190009000BF73E031
:109D900004EB4400764901EBC000057DB8F10A0FE1
:109DA00002D10DB9A04665E0002D63D000BF012DA2
:109DB0000AD0022D08DA00BF6EA340F2231279A167
:109DC00088A0FFF739F900BF00BFAEB104EB440132
:109DD000674A02EBC1013068496888420CD13FB143
:109DE00004EB4400114601EBC0008068B84203D187
:109DF000204604B0BDE8F09F012D28D104EB4400BB
:109E00005B4951F8300080B104EB440001EBC00025
:109E1000418A029881422DDB039404EB44005449AB
:109E200001EBC000408A029024E004EB440050495A
:109E300001EBC000418A019881421BDBA24604EB82
:109E400044004B4901EBC000408A019012E0022D12
:109E500010DB04EB4400464901EBC000418A009846
:109E6000814207DBA34604EB4400414901EBC000FB
:109E7000408A0090601C04B20A2C89DB09F00200C1
:109E800028B9B8F10A0F05D109F0010010B94FF057
:109E9000FF30AEE7B8F10A0F01DA444631E0BBF11A
:109EA0000A0F11DA5C4600BF04EB4400304951F858
:109EB000300040B100BF2FA340F26D1253A149A062
:109EC000FFF7BAF800BF0CE0BAF10A0F01DA544606
:109ED00007E003980A2801DA039C02E04FF0FF3004
:109EE00087E700BF0A2C08DB00BF22A340F27F12E5
:109EF0004CA13CA0FFF7A0F800BF00BF204600F037
:109F0000B1F800BF0A2C08DB00BF1AA340F283128D
:109F100044A134A0FFF790F800BF00BF00BF04EBDE
:109F20004400134901EBC000007D40B100BF11A304
:109F30004FF4C27240A12BA0FFF77EF800BF00BF14
:109F400036B104EB44010A4A02EBC10130684860B3
:109F5000002004EB4401064A02EBC101488204EBF5
:109F60004400114601EBC0008760204641E7000035
:109F70003CA107242E2E5C2E2E5C4D6964646C651A
:109F800077617265735C6C7769705C7372635C6334
:109F90006F72655C697076345C6574686172702E8E
:109FA000630000007374617465203D3D2045544892
:109FB0004152505F53544154455F50454E44494EC1
:109FC00047207C7C207374617465203E3D2045549D
:109FD000484152505F53544154455F535441424CA1
:109FE00045000000417373657274696F6E2022250D
:109FF0007322206661696C6564206174206C696EEF
:10A000006520256420696E2025730A006172705FE7
:10A010007461626C655B695D2E71203D3D204E551B
:10A020004C4C000069203C204152505F5441424C4E
:10A03000455F53495A4500006172705F7461626CFC
:10A04000655B695D2E7374617465203D3D204554E8
:10A05000484152505F53544154455F454D50545907
:10A060000000000010B5044604EB44000C4951F810
:10A07000300060B104EB4401094A52F8310009F0A4
:10A080009DF9002004EB4401054A42F8310000200C
:10A0900004EB4401024A02EBC101087510BD000047
:10A0A0003CA10724F0B587B007460D4600BF0DB9A7
:10A0B00007B0F0BD00BF7C682088B0F5807F08D174
:10A0C0002079062805D16079042802D16088082803
:10A0D00003D0384609F072F9EAE7D4F80E0006908A
:10A0E000A0690590686808B9002607E005986968C6
:10A0F000884201D1012000E0002006460EB1012077
:10A1000000E00220034604F1080206A9284600F0F8
:10A1100093FCE088B0F5807F03D0B0F5007F15D1C7
:10A1200013E086B1022206AB04F10800291DCDE937
:10A130000232CDE9001005F12603024622312846FD
:10A1400000F02AFB00E000BF01E000E000BF00BF1C
:10A15000384609F033F900BFAAE700002DE9FE43B5
:10A1600004460F461546A94600BF44B900BF5DA38B
:10A1700040F21E3267A16BA0FEF75EFF00BF00BF7A
:10A1800000BF47B900BF57A340F21F326FA165A0BF
:10A19000FEF752FF00BF00BF00BF45B900BF51A38B
:10A1A0004FF448726CA15FA0FEF746FF00BF00BFEE
:10A1B0002146286801F035FA10B1DFF8AC8186E05D
:10A1C000287800F0F000E02816D101208DF8040076
:10A1D00000208DF805005E208DF80600687800F0FC
:10A1E0007F008DF80700A8788DF80800E8788DF8D2
:10A1F00009000DF1040869E02868A1680840D4E965
:10A200000112114088420ED0288880B24FF6A96111
:10A21000884208D0E06810B104F10C0903E06FF047
:10A220000300BDE8FE835148007800EB4000504930
:10A2300001EBC000007D02281BDB4C48007800EBDE
:10A24000400001EBC0008068A04212D14749097864
:10A2500001EB4101464A02EBC101D9F8000049680F
:10A26000884206D1414802783946204600F082F8FB
:10A27000D7E7002622E006EB46003D4901EBC0008F
:10A28000007D022818DB06EB460001EBC000806869
:10A29000A04211D106EB4601354A02EBC101D9F8C3
:10A2A00000004968884207D1304806703246394676
:10A2B000204600F05FF8B4E7701CC6B20A2EDADB65
:10A2C0003A464946204600F005F9AAE700BF4FF498
:10A2D0000060434604F1260239460090204600F013
:10A2E00031FD9EE72E2E5C2E2E5C4D6964646C65FC
:10A2F00077617265735C6C7769705C7372635C63C1
:10A300006F72655C697076345C6574686172702E1A
:10A31000630000006E6574696620213D204E554C37
:10A320004C000000417373657274696F6E202225C2
:10A330007322206661696C6564206174206C696EAB
:10A340006520256420696E2025730A007120213D57
:10A35000204E554C4C0000006970616464722021ED
:10A360003D204E554C4C0000F4DB01081801002440
:10A370003CA10724F8B505460E46144600BF04EB81
:10A380004400314901EBC000007D022808DA00BF1B
:10A390002EA340F2EE2239A144A0FEF74DFE00BFED
:10A3A00000BF04EB4400284901EBC000007D0228F7
:10A3B00039D104EB440001EBC000408AB0F58E7F38
:10A3C00011DD04EB44000A4602EBC000011D2846E3
:10A3D00000F0A2FA38BB032004EB44011A4A02EB56
:10A3E000C10108751FE004EB4400174901EBC000F0
:10A3F000408AB0F5877F16DB04EB44000B4603EB85
:10A40000C00000F10C0204EB440003EBC000011D8E
:10A41000284600F08DFA30B9032004EB44010A4AC3
:10A4200002EBC10108754FF40060009004EB44009A
:10A43000054901EBC00000F10C0305F1260231468D
:10A44000284600F07FFCF8BD3CA107242E2E5C2E90
:10A450002E5C4D6964646C6577617265735C6C77C2
:10A4600069705C7372635C636F72655C697076348B
:10A470005C6574686172702E630000006172705FC9
:10A480007461626C655B6172705F6964785D2E7384
:10A4900074617465203E3D204554484152505F53DD
:10A4A000544154455F535441424C450041737365D8
:10A4B0007274696F6E2022257322206661696C6553
:10A4C00064206174206C696E6520256420696E20AB
:10A4D00025730A002DE9FC5F81460F46164609F1F7
:10A4E000260001904FF0FF3A4FF0000B49463868C4
:10A4F00001F097F838B9387800F0F000E02802D081
:10A500000FB1386818B96FF00F00BDE8FC9F4A46DC
:10A5100001213846FFF72AFC8046B8F1000F02DA25
:10A520004FFA88F0F1E700BFB8F17F0F08D300BF02
:10A5300069A340F2C13274A177A0FEF77DFD00BF90
:10A5400000BF08F0FF0404EB44007D4901EBC000AC
:10A55000007D78B94FF0010B012004EB4401784AEB
:10A5600002EBC101087504EB4400114601EBC00089
:10A57000C0F8089000BF04EB4400714901EBC00033
:10A58000007D01280FD004EB440001EBC000007DEA
:10A59000022808DA00BF50A340F2CD3269A15EA0C4
:10A5A000FEF74AFD00BF00BFBBF1000F00D1E6B9C6
:10A5B0003946484600F0B0F98246BAF1000F11D191
:10A5C00004EB44005E4901EBC000007D012809D185
:10A5D000BBF1000F06D1002004EB4401584A02EB06
:10A5E000C10148820EB950468FE700BF46B900BF8F
:10A5F00039A340F2E9325DA147A0FEF71DFD00BF7F
:10A6000000BF04EB44004E4901EBC000007D02286E
:10A6100011DB594804704FF40060009004EB4400D3
:10A6200001EBC00000F10C0331464846019A00F0EE
:10A6300089FB82464EE004EB4400414901EBC00037
:10A64000007D012846D100200090354618E000BF6B
:10A650006889298988420AD1286840B100BF1EA3B1
:10A6600040F2F93245A12CA0FEF7E6FC00BF00BF86
:10A67000287B00F0400010B10120009002E02D681E
:10A68000002DE4D100BF009838B132464FF420715C
:10A690000E2008F01BFD054603E03546284609F06C
:10A6A00037F8A5B104EB4400254951F8300030B12A
:10A6B00004EB4401224A52F8310008F07FFE04EB1B
:10A6C00044001F4941F830504FF0000A01E04FF0BC
:10A6D000FF3A00BF504618E72E2E5C2E2E5C4D69C7
:10A6E00064646C6577617265735C6C7769705C73C8
:10A6F00072635C636F72655C697076345C65746804
:10A700006172702E6300000074797065206F766549
:10A7100072666C6F77000000417373657274696FC5
:10A720006E2022257322206661696C656420617445
:10A73000206C696E6520256420696E2025730A00EF
:10A740003CA107246172705F7461626C655B695D36
:10A750002E7374617465203D3D2050454E44494E32
:10A7600047206F7220535441424C45007120213DD7
:10A77000204E554C4C000000180100246E6F2070D4
:10A7800061636B65742071756575657320616C6CB0
:10A790006F776564210000002DE9FC5F06460F46D7
:10A7A00090469946DDE90CAB0020019000BF46B908
:10A7B00000BF31A340F25F423BA13FA0FEF73CFC4B
:10A7C00000BF00BF4FF420721C210E2008F028FAB1
:10A7D00005461DB94FF0FF30BDE8FC9F00BF6889FA
:10A7E0001C2808DA00BF24A340F26A423CA132A030
:10A7F000FEF722FC00BF00BF6C680F9806F0D1FC8A
:10A80000E08000BF96F82C00062808D000BF1AA3ED
:10A8100040F271423F4928A0FEF70EFC00BF00BF86
:10A82000D9F80000A060B9F80400A081DBF80000AE
:10A83000C4F81200BBF80400E082DAF80000C4F8A3
:10A840000E000E980068A0614FF4807020800820F0
:10A850006080062020710420607140F606004346A7
:10A860003A4629460090304600F06CFA284608F037
:10A87000A5FD00250198AFE72E2E5C2E2E5C4D69BC
:10A8800064646C6577617265735C6C7769705C7326
:10A8900072635C636F72655C697076345C65746862
:10A8A0006172702E630000006E6574696620213D40
:10A8B000204E554C4C000000417373657274696FF3
:10A8C0006E2022257322206661696C6564206174A4
:10A8D000206C696E6520256420696E2025730A004E
:10A8E000636865636B207468617420666972737451
:10A8F00020706275662063616E20686F6C642073DF
:10A900007472756374206574686172705F686472D4
:10A910000000000030DD010870B504460D46034A12
:10A920002946204600F004F870BD0000F4DB010861
:10A930007FB504460D4616460121074A201D04F145
:10A9400026038DE825000391324619462046FFF77D
:10A9500023FF04B070BD0000FADB010870B50024CD
:10A9600064E004EB4400334901EBC000057D002D99
:10A970005BD004EB440001EBC000408A401C04EBB8
:10A9800044012C4A02EBC101488204EB4400114609
:10A9900001EBC000408AB0F5967F0DDA04EB44006D
:10A9A00001EBC000007D01280AD104EB440001EB5B
:10A9B000C000408A052803DB2046FFF753FB34E044
:10A9C00004EB44001B4901EBC000007D032807D1C4
:10A9D000042004EB4401174A02EBC101087524E08E
:10A9E00004EB4400134901EBC000007D042807D1AB
:10A9F000022004EB44010F4A02EBC101087514E088
:10AA000004EB44000B4901EBC000007D01280CD190
:10AA100004EB44020B4603EBC202111D04EB44029B
:10AA200003EBC2029068FFF777FF641C0A2C98DBE7
:10AA300070BD00003CA107242DE9F84305460E46F1
:10AA40001746984600BF95F82C00062808D000BF8E
:10AA50002EA340F2A91239A141A0FEF7EDFA00BFE2
:10AA600000BF5EB1306848B12946306800F0D9FDBA
:10AA700020B9307800F0F000E02803D16FF00F002B
:10AA8000BDE8F8832A4641463046FFF76FF9044691
:10AA9000002C01DA60B2F3E7022004EB44013A4AE9
:10AAA00002EBC101087504EB4400114601EBC00044
:10AAB000856004EB440001EBC0003968C160B988CF
:10AAC0000182002004EB440102EBC101488204EB47
:10AAD0004400114651F83000B0B104EB440051F885
:10AAE0003090002004EB440142F831004FF4006044
:10AAF0003B4605F1260249460090284600F022F91F
:10AB0000484608F05BFC00BF0020B9E72E2E5C2E03
:10AB10002E5C4D6964646C6577617265735C6C77FB
:10AB200069705C7372635C636F72655C69707634C4
:10AB30005C6574686172702E630000006E657469F4
:10AB4000662D3E6877616464725F6C656E203D3D82
:10AB5000204554485F4857414444525F4C454E009D
:10AB6000417373657274696F6E20222573222066AB
:10AB700061696C6564206174206C696E6520256470
:10AB800020696E2025730A003CA1072410B51B48DC
:10AB9000006848B91A48008800F050F91949097846
:10ABA0000840C043C4B226E014480068012808D118
:10ABB0001348008800F042F9124909880840440B04
:10ABC00019E00E480068022808D10D48008800F0FE
:10ABD00035F90C4909880840840B0CE007480068E7
:10ABE000032808D10648008800F028F9054909889B
:10ABF0000840C0F34704204610BD00003400002484
:10AC0000380000243A0000241CB5FDF74BF8174823
:10AC100000788DF80000154840788DF80100134841
:10AC200080788DF802001148C0788DF803000F4835
:10AC300000798DF804000D4840798DF805000C4826
:10AC40000C490860C1F804D001210A4801720A4980
:10AC500001610A49C1604FF4BF614161F8F7DEFD4F
:10AC600008B900201CBD0120FCE700009CA30724BC
:10AC700000800240740400240000043060000430AE
:10AC80002DE9F04104460E464FF00E0860890E286B
:10AC900000DC4FE0E07B18B996F83000401CE07310
:10ACA0006568AF89287800F00100B0B128780128E4
:10ACB00009D1687888B9A8785E280ED1607B40F009
:10ACC0001000607309E006221D492846F5F787FB4E
:10ACD00018B9607B40F008006073082F03D0B7F507
:10ACE000C16F22D110E096F82D0000F0080000B9E5
:10ACF00020E04146204608F055FD00B11AE03146FB
:10AD0000204600F0FFFD11E096F82D0000F008004D
:10AD100000B90FE04146204608F044FD00B109E0CB
:10AD200031462046FFF7BEF900E003E000BF0020F7
:10AD3000BDE8F081204608F041FB0020F8E7000064
:10AD4000F4DB01082DE9F04705460E461746984604
:10AD5000DDF82090484606F024FA82460E2130465F
:10AD600007F0E5FE00B122E07468A4F80CA0D8F862
:10AD700000002060B8F80400A0803868C4F806001D
:10AD8000B888608100BF95F82C00062808D000BF65
:10AD900008A34FF4997212A11EA0FEF74DF900BF4F
:10ADA00000BF31462846AA699047BDE8F0876FF09A
:10ADB0000100FAE72E2E5C2E2E5C4D6964646C65F2
:10ADC00077617265735C6C7769705C7372635C6EDB
:10ADD000657469665C65746865726E65742E63007F
:10ADE0006E657469662D3E6877616464725F6C6538
:10ADF0006E206D757374206265203620666F722038
:10AE000065746865726E65745F6F757470757421B2
:10AE100000000000417373657274696F6E20222513
:10AE20007322206661696C6564206174206C696EB0
:10AE30006520256420696E2025730A0038B5044614
:10AE40006B46224600210248F8F742FF009838BDC1
:10AE50007404002410B5044600BF44B900BF0CA31D
:10AE60004FF4AD7215A119A0FEF7E6F800BF00BFC0
:10AE7000732084F82E0074212F2001551D48606135
:10AE80001D48A061204605F0DBF8002010BD000041
:10AE90002E2E5C2E2E5C4D6964646C657761726544
:10AEA000735C6C7769705C617263685C657468651B
:10AEB000726E657469662E63000000006E657469C9
:10AEC0006620213D204E554C4C00000041737365B7
:10AED0007274696F6E2022257322206661696C6529
:10AEE00064206174206C696E6520256420696E2081
:10AEF00025730A005DA10008E502010870B504464B
:10AF0000204605F075F9064606B970BD2146304663
:10AF10002269904705461DB1304608F04FFA0026D9
:10AF200000BFF2E700BF054AD26902F04002002AE2
:10AF3000F9D0C2B2014B9A62704700000010014084
:10AF400070B505460C4622460321284600F03CF920
:10AF500070BD00002DE9FF5F05468A46694880689C
:10AF60000390039800780007860E142E00DAC0E0E4
:10AF70006889042800D2BCE06868047814B1082C01
:10AF800073D100E0B0E0DFF87C9109F114095D486D
:10AF9000007D00F0F000E02800D1AEE0594A1168D1
:10AFA000506900F03EFB00B1A7E02889082800D2D4
:10AFB0009FE0284600F00AFB20B1284608F0FEF981
:10AFC000BDE8FF9F06F10E01284607F0B0FD0028FE
:10AFD00040D0288930441FFA80FB2889584500DD7D
:10AFE0008BE04FF4207259460E2007F019FE0746F9
:10AFF00007B982E0798906F10800814203D2384618
:10B0000008F0DCF979E0324678680399F5F7AEF993
:10B010003146384608F0C6FB00280DD000BF00BFFF
:10B0200039A3B62243A151A0FEF706F800BF00BF26
:10B03000384608F0C3F960E02946384608F09AF827
:10B0400018B1384608F0BAF957E0284608F0B6F9C2
:10B050003D4612E006F10E01284608F0A3FB60B160
:10B0600000BF00BF28A3C72200E02BE049A13FA0FA
:10B07000FDF7E2FF00BF00BF3FE0D5F80480314696
:10B08000284607F054FDE0B96F68D9F80000F86071
:10B090001C4800693861002088F80000A8F8020008
:10B0A000FF2038720020788101200021FF230A460A
:10B0B000CDE9010A00914946284600F00BFD834680
:10B0C00000BF11E0032C0ED00B2C0CD00C2C0AD09E
:10B0D000042C08D0052C06D00D2C04D00E2C02D048
:10B0E000112C00D000BF00BF00BF284608F066F951
:10B0F00066E7284608F062F962E7284608F05EF93C
:10B1000000BF5DE740AB06242E2E5C2E2E5C4D6901
:10B1100064646C6577617265735C6C7769705C738D
:10B1200072635C636F72655C697076345C69636DD1
:10B13000702E630069636D705F696E7075743A207C
:10B140006D6F76696E6720722D3E7061796C6F61EC
:10B150006420746F2069636D702068656164657236
:10B16000206661696C65640A0000000041737365C4
:10B170007274696F6E2022257322206661696C6586
:10B1800064206174206C696E6520256420696E20DE
:10B1900025730A0069636D705F696E7075743A207B
:10B1A000726573746F72696E67206F726967696E1A
:10B1B000616C20702D3E7061796C6F6164206661F6
:10B1C000696C65640A0000002DE9FF5F0646894648
:10B1D00092464FF01C083089404501DAB6F80880E5
:10B1E00008F1080081B24FF42072222007F018FD08
:10B1F00004460CB9BDE8FF9F00BF618908F1080053
:10B20000814208D200BF19A34FF4B77222A12DA02A
:10B21000FDF712FF00BF00BFD6F804B0656885F8DF
:10B22000009085F801A00020A880E880716862681D
:10B2300002F108004246F5F799F8DBF80C0003909C
:10B2400003A800F0A5FE07465FB10020688001203A
:10B250000021FF2303AACDE901070091204600F059
:10B2600039FC204608F0AAF800BFC3E72E2E5C2E5A
:10B270002E5C4D6964646C6577617265735C6C7794
:10B2800069705C7372635C636F72655C697076345D
:10B290005C69636D702E6300636865636B2074681E
:10B2A00061742066697273742070627566206361D0
:10B2B0006E20686F6C642069636D70206D657373B8
:10B2C00061676500417373657274696F6E20222532
:10B2D0007322206661696C6564206174206C696EFC
:10B2E0006520256420696E2025730A0070B5054627
:10B2F0000C4622460B212846FFF766FF70BD000072
:10B3000010B500BF002220211048F8F775FF00BFDC
:10B3100000F01EF800BF012210210C48F8F76CFF66
:10B3200000BF00F015F800BF002210210748F8F711
:10B3300063FF00BF00F00CF800BF0122202103488A
:10B34000F8F75AFF00BF00F003F810BD001C0258C8
:10B3500010B50220FEF772FA10BD000000B587B0EC
:10B3600000BF00BF1948006840F08000174908601E
:10B370000846006800F08000019000BF00BF00BFD9
:10B3800000BF00BF0846006840F080000860084623
:10B39000006800F08000019000BF00BF00BF1020D7
:10B3A00002900120039004900320059002A9084810
:10B3B000F8F712FE202002901120039002A9044801
:10B3C000F8F70AFE00F0B0F807B000BDE0440258FC
:10B3D000001C025810B500BF012220210C48F8F7CC
:10B3E0000BFF00BFFFF7B4FF00BF01221021084888
:10B3F000F8F702FF00BFFFF7ABFF00BF00221021EC
:10B400000348F8F7F9FE00BFFFF7A2FF10BD0000E8
:10B41000001C025870B50546002400261CE060069A
:10B42000040E00BF012210211048F8F7E5FE00BF0E
:10B43000FFF78EFF20210D48F8F7CCFE08B1601C05
:10B44000C4B200BF002210210848F8F7D5FE00BFA3
:10B45000FFF77EFF701CC6B2082EE0DB15B9FFF7C0
:10B46000B9FF01E0FFF74CFF204670BD001C0258F9
:10B4700070B50446002524E000BFE00928B1012290
:10B4800020211548F8F7B8FE04E0002220211248D8
:10B49000F8F7B2FE00BFFFF75BFF00BF01221021EB
:10B4A0000D48F8F7A9FE00BFFFF752FF00BF0022CA
:10B4B00010210948F8F7A0FE00BF6006040E681CC2
:10B4C000C5B2082DD8DB00BF012220210248F8F7C1
:10B4D00093FE00BF70BD0000001C025810B500BFF5
:10B4E000012220210F48F8F787FE00BF00BF01228C
:10B4F00010210C48F8F780FE00BFFFF729FF00BFBE
:10B50000002220210748F8F777FE00BFFFF720FF51
:10B5100000BF002210210348F8F76EFE00BFFFF7BE
:10B5200017FF10BD001C025810B500BF00222021DB
:10B530000C48F8F761FE00BFFFF70AFF00BF0122C9
:10B5400010210848F8F758FE00BFFFF701FF00BFC1
:10B55000012220210348F8F74FFE00BFFFF7F8FE55
:10B5600010BD0000001C025870B50024002500BF6B
:10B57000012220211448F8F73FFE00BFFFF7E8FE44
:10B5800000BF012210211048F8F736FE00BFFFF778
:10B59000DFFE07E0601CC4B2FA2C03DDFFF7C4FF36
:10B5A000012505E020210848F8F714FE0028F1D114
:10B5B00000BF00BF002210210348F8F71DFE00BFA6
:10B5C000FFF7C6FE284670BD001C0258F0B50646BF
:10B5D00000270024354619E06989686805F074FE83
:10B5E0000444A0B200EB1444688900EBD071491008
:10B5F000A0EB410149B10FB9012000E0002007464E
:10B60000E0B2C4F3072141EA00242D68002DE3D104
:10B6100027B1E0B2C4F3072141EA0024E04380B23D
:10B62000F0BD18B502460092D04300B10AB901201E
:10B6300018BD91F82D0000F0020008B90020F7E7CE
:10B640004868904201D10020F2E700988B681840CA
:10B65000D1E901342340984208D1886822EA0000E9
:10B660008C68E343984201D10120E1E70020DFE745
:10B670002DE9F74F8CB004460F464FF00008B98C07
:10B68000A1F11400C11700EB5171C1F3CF0A1420CE
:10B69000059060680990DDF8249099F8000000F0AA
:10B6A0000F001421B1EB800F04D06FF005000FB034
:10B6B000BDE8F08F00BF6089142802DA6FF0050042
:10B6C000F5E700BFB9F8060005F06BFD049004989B
:10B6D000C0F30C000790049800F4005003902089F8
:10B6E00014381FFA80FBBDE04FF6FF7000EACA0075
:10B6F000584501DD584603E04FF6FF7000EACA00E6
:10B7000008904FF4207214210E2007F089FA0546A4
:10B7100005B9ADE000BF6889142808DA00BF56A358
:10B720004FF4497260A168A0FDF786FC00BF00BF1E
:10B73000142268680999F4F719FED5F8049008985E
:10B740000A9054E061890598081A80B2029000BFFF
:10B7500061890598814208DA00BF47A340F22D3283
:10B7600063A159A0FDF768FC00BF00BF02990A98C9
:10B77000884201DA0A9800E002988046B8F1000F8A
:10B7800003D100200590246831E000F04BFC064610
:10B790001EB9284607F012FE6AE061680598084461
:10B7A000334641224146CDE90008002007F0DCFB8A
:10B7B0000B900B9830B9304600F03AFC284607F061
:10B7C000FDFD55E0204607F0A3FF74614C48306151
:10B7D00028460B9907F0F2FB0A98A0EB080080B20C
:10B7E0000A900A9810B100200590246800BF0A98BA
:10B7F0000028A7D10598404480B20590B88C143831
:10B80000584501DB012000E0002006900798C0F3B6
:10B810000C000490069808B1039818B1049840F4FD
:10B8200000500490049805F0BCFCA9F806000899A3
:10B83000143188B205F0B5FCA9F802000020A9F87F
:10B840000A007B69294638460E9A9847284607F031
:10B85000B5FD0898ABEB00001FFA80FB0798504439
:10B8600080B20790BBF1000F7FF43EAF00201EE7CF
:10B870004FF0FF301BE700002E2E5C2E2E5C4D6932
:10B8800064646C6577617265735C6C7769705C7316
:10B8900072635C636F72655C697076345C69703486
:10B8A0005F667261672E630074686973206E6565F8
:10B8B00064732061207062756620696E206F6E650A
:10B8C0002070696563652100417373657274696FE7
:10B8D0006E2022257322206661696C656420617484
:10B8E000206C696E6520256420696E2025730A002E
:10B8F000702D3E6C656E203E3D20706F66660000C8
:10B900004DC700082DE9F04707460E467D682878A8
:10B910000421B1EB201F05D0384607F04FFD002071
:10B92000BDE8F087287800074FEA9068688805F03E
:10B9300038FC81463989494503DD4946384607F0D8
:10B9400039FE7889404505DB3889484502DBB8F186
:10B95000140F04DA384607F031FD0020E0E72869CB
:10B960004D494861E86808610846007D00F0F00034
:10B97000E0280AD196F82D0000F0010018B1706897
:10B9800008B134461CE000241AE0304600F088F884
:10B9900008B1344614E000243F48007D7F280FD0D2
:10B9A0003E48046809E0B44200D105E0204600F0BA
:10B9B00077F800B103E000BF2468002CF3D100BF8A
:10B9C000354908693146FFF72CFE28B93248007C1A
:10B9D00000F0F000E02804D1384607F0EFFC00202A
:10B9E0009EE724B9384607F0E9FC002098E7E8888C
:10B9F0004FF63F71084038B1384600F051F907461C
:10BA00000FB900208CE77D6823480460466085609C
:10BA100028780007800E204988814146384607F083
:10BA2000C1FE687A01280DD0062806D011280ED153
:10BA3000314638460EF074FE22E03146384609F0B1
:10BA40000DFD1DE031463846FFF784FA18E0124933
:10BA500048692146FFF7E5FD70B90F48007D00F009
:10BA6000F000E02808D00FFA88F1384607F078FD9A
:10BA700002213846FFF764FA384607F09FFC00BF02
:10BA800000BF002004490860486088608881086120
:10BA9000486100BF44E7000040AB0624B00000242A
:10BAA00010B5044694F82D0000F0010070B16068F4
:10BAB00060B1074840696168884205D00449486917
:10BAC0002146FFF7AEFD08B1012010BD0020FCE7C4
:10BAD00040AB06242DE9FE4F07460C461546984616
:10BAE000DDE90C9A0E9EA34625B10CB1206808B979
:10BAF00006F1040B43462A4659463846CDE9009ADA
:10BB0000029600F003F8BDE8FE8F00002DE9F84F23
:10BB100005460F4690469A46DDF828B00C9E00BFB9
:10BB2000A87B012808D000BF37A34FF4557241A16C
:10BB300043A0FDF781FA00BF00BFB8F1000F46D067
:10BB40004FF014091421284606F0F1FF18B16FF0E8
:10BB50000100BDE8F88F6C6800BF6889142808D21E
:10BB600000BF29A34FF462723FA135A0FDF764FA2C
:10BB700000BF00BF84F808A00B986072D8F80000DE
:10BB8000206148464FEAE97109EB9171C1F38701E1
:10BB900041F04001217084F801B0288905F001FBD3
:10BBA00060800020E0803C48008805F0FAFAA08020
:10BBB00039480088401C384908801FB93748006858
:10BBC000E06001E03868E0600020608109E0688999
:10BBD000142802DA6FF00100BBE76C68206900905E
:10BBE000E846B08C48B12889B18C884205DD4246D0
:10BBF00031462846FFF73CFDABE742462946304632
:10BC000073699847A5E700002E2E5C2E2E5C4D69C7
:10BC100064646C6577617265735C6C7769705C7382
:10BC200072635C636F72655C697076345C697034F2
:10BC30002E630000702D3E726566203D3D20310070
:10BC4000417373657274696F6E20222573222066BA
:10BC500061696C6564206174206C696E652025647F
:10BC600020696E2025730A00636865636B20746821
:10BC700061742066697273742070627566206361F6
:10BC80006E20686F6C6420737472756374206970C1
:10BC90005F686472000000001A010024ECDB0108F8
:10BCA0002DE9F14F84B004984568287800F00F0022
:10BCB0001421B1EB800F00D011E1E88805F071FA92
:10BCC000C0F30C004FF6FF7101EAC00A688805F066
:10BCD00068FA074628780007810E02910299B94256
:10BCE00000DDFCE00298381A87B2049807F0E4F906
:10BCF00006467D48018888190A280ADD314628460B
:10BD000000F0C6FC20B17848008830440A2800DDE5
:10BD1000E5E07648046811E06069E968884209D185
:10BD2000A0692969884205D1A089A988884201D1E2
:10BD3000012000E0002000B102E02468002CEBD1DB
:10BD400000BF34B93146284600F08EFB044694B952
:10BD5000C5E0E88805F025FAC0F30C0058B9E08981
:10BD600005F01FFAC0F30C0028B11422294604F193
:10BD70000800F4F7FBFAE888012121EA501001904D
:10BD8000019850B10AEB070188B2504503DB4FF62A
:10BD9000EB71884200DD80E000BF2046019A0499E3
:10BDA00000F08CF983460BF1010000B975E04E48B4
:10BDB000008830444C490880019840B10AEB0701E3
:10BDC00088B2A083A17F41F00101A17700BFBBF140
:10BDD000010F60D1A08B143080B200906068406881
:10BDE000D0F8009060684568142204F108012846E4
:10BDF000F4F7BCFA009805F0D4F968800020E880D8
:10BE00006881606804900DE0D9F804000390142163
:10BE1000484607F0C7FC4946049807F0CFF8039856
:10BE2000D0F80090B9F1000FEED13048006884429C
:10BE300002D14FF000080EE02C48D0F8008006E058
:10BE4000D8F80000A04200D104E0D8F80080B8F192
:10BE5000000FF5D100BF4146204600F0A9FA049832
:10BE600007F02AF9064600BF1F480088B04208DAEA
:10BE700000BF1FA340F29B2229A130A0FDF7DCF8F0
:10BE800000BF00BF18480088801B1749088004982D
:10BE900005B0BDE8F08F0020FAE700BF44B900BF4D
:10BEA00013A34FF42A722FA124A0FDF7C5F800BFF9
:10BEB00000BF606890B900BF0C480068844208D099
:10BEC00000BF0BA340F2AB2229A11CA0FDF7B4F8E0
:10BED00000BF00BF0021204600F06AFA00BF0498AE
:10BEE00007F06CFA0020D3E7200100241C01002495
:10BEF0002E2E5C2E2E5C4D6964646C6577617265D4
:10BF0000735C6C7769705C7372635C636F72655CA1
:10BF1000697076345C6970345F667261672E6300A5
:10BF200069705F72656173735F70627566636F7568
:10BF30006E74203E3D20636C656E00004173736536
:10BF40007274696F6E2022257322206661696C65A8
:10BF500064206174206C696E6520256420696E2000
:10BF600025730A0069707220213D204E554C4C000B
:10BF70006E6F74206669727374616C74686F756734
:10BF800068206A75737420656E71756575656400E7
:10BF900010B502462148016821E091F82D0000F01B
:10BFA0000100D8B191F82D00C0F38000B0B148680D
:10BFB000A0B110688B681840D1E901342340984241
:10BFC00001D1084610BD91F82D0000F0020028B9FB
:10BFD0001068CB68984201D10846F3E70968002948
:10BFE000DBD10F480068A0B10D48006890F82D0023
:10BFF00000F0010068B10A48006890F82D00C0F315
:10C00000800030B106480068406810B110787F2881
:10C0100001D10020D6E702480068D3E7B000002431
:10C02000B400002410B5052006F07AF910BD000018
:10C0300010B5044600BF44B900BF07A34FF43172E6
:10C0400011A114A0FCF7F8FF00BF00BF2146052096
:10C0500006F0E2F810BD00002E2E5C2E2E5C4D691D
:10C0600064646C6577617265735C6C7769705C732E
:10C0700072635C636F72655C697076345C6970349E
:10C080005F667261672E63007020213D204E554C23
:10C090004C000000417373657274696F6E20222535
:10C0A0007322206661696C6564206174206C696E1E
:10C0B0006520256420696E2025730A002DE9F74F5D
:10C0C00084B006468846002501200190D8F8040077
:10C0D00002900299488805F064F883460298007837
:10C0E0000007800E03900398584503DD681E07B0D3
:10C0F000BDE8F08F0398ABEB00001FFA80FB0299BC
:10C10000C88805F04EF8C0F30C004FF6FF7101EA45
:10C11000C00A00BF00BFD8F8044000202060A4F887
:10C1200004A00AEB0B00E080E088504502DA4FF0F3
:10C13000FF30DCE7D6F804903EE0D9F80470A08820
:10C14000B988884220DAC4F800909DB1A088E988B7
:10C15000884203DBE088B988884202DD4FF0FF3077
:10C16000C5E7C5F80080E888A18888420BD0002088
:10C17000019008E0E088B988884202DD4FF0FF3086
:10C18000B5E7C6F804801AE0A088B988884202D1D1
:10C190004FF0FF30ABE7A088F988884202DA4FF011
:10C1A000FF30A4E72DB1E888B988884201D000208B
:10C1B0000190D7F800903D46B9F1000FBDD100BF06
:10C1C000B9F1000F27D1BDB100BFE888A18888422E
:10C1D00008DD00BF3DA34FF4DB7248A14FA0FCF780
:10C1E0002BFF00BF00BFC5F80080E888A188884207
:10C1F00011D0002001900EE000BF706840B100BF78
:10C2000032A34FF4DF724FA144A0FCF715FF00BF2B
:10C2100000BFC6F80480069820B9B07F00F0010086
:10C22000002851D00198002848D0706818B1706873
:10C230004068808810B1002001903FE02546D4F886
:10C2400000900BE0D9F80440E888A188884202D029
:10C250000020019005E02546D4F80090B9F1000FC8
:10C26000F0D100BF0198002828D000BF706840B905
:10C2700000BF16A340F2DF1240A128A0FCF7DCFEAD
:10C2800000BF00BF00BF70684068A04208D100BF77
:10C290000EA34FF4F07239A120A0FCF7CDFE00BF31
:10C2A00000BF00BF206840B100BF08A34FF4F17287
:10C2B00036A11AA0FCF7C0FE00BF00BF019808B16C
:10C2C000012014E7002012E7002010E72E2E5C2E3C
:10C2D0002E5C4D6964646C6577617265735C6C7724
:10C2E00069705C7372635C636F72655C69707634ED
:10C2F0005C6970345F667261672E630063686563B2
:10C300006B20667261676D656E747320646F6E2753
:10C3100074206F7665726C61700000004173736504
:10C320007274696F6E2022257322206661696C65C4
:10C3300064206174206C696E6520256420696E201C
:10C3400025730A006E6F2070726576696F757320B1
:10C35000667261676D656E742C2074686973206DF8
:10C3600075737420626520746865206669727374E1
:10C3700020667261676D656E7421000073616E697D
:10C38000747920636865636B0000000076616C69F6
:10C39000646174655F646174616772616D3A6E6552
:10C3A00078745F70627566213D4E554C4C000000FC
:10C3B00070B504460D460E480068A04203D10C49F2
:10C3C000206808600EE000BF002D08D100BF09A35F
:10C3D00040F2451213A11AA0FCF72EFE00BF00BFC9
:10C3E000206828602146042005F016FF70BD00007B
:10C3F0001C0100242E2E5C2E2E5C4D6964646C653D
:10C4000077617265735C6C7769705C7372635C638F
:10C410006F72655C697076345C6970345F667261F6
:10C42000672E630073616E69747920636865636B5E
:10C43000206C696E6B6564206C6973740000000089
:10C44000417373657274696F6E20222573222066B2
:10C4500061696C6564206174206C696E6520256477
:10C4600020696E2025730A0070B505460E4604202B
:10C4700005F056FF044664B93146284600F008F935
:10C48000B04203DB042005F04BFF04460CB900204A
:10C4900070BD20212046F3F790FF0F20E07706487B
:10C4A00000682060044804601422294604F1080052
:10C4B000F3F75CFF2046EBE71C0100242DE9F04771
:10C4C00004468846002500BFA04507D100BF40A311
:10C4D000AB224BA14DA0FCF7AFFD00BF00BFB8F1F0
:10C4E000000F0DD000BFD8F80000A04207D000BF59
:10C4F00037A3AD224FA145A0FCF79EFD00BF00BFB2
:10C500006068D0F80490B9F80400002824D1676866
:10C51000D9F800006060142204F108017868F3F78C
:10C5200025FF01213846FEF7E1FE384606F0C4FD3E
:10C53000064600BFA819B0F5803F07DB00BF24A363
:10C54000BC2241A131A0FCF777FD00BF00BFA819B4
:10C5500085B2384606F032FF67681CE0D7F80490D1
:10C56000BA46D9F80070504606F0A6FD064600BF50
:10C57000A819B0F5803F07DB00BF15A3CC2232A17C
:10C5800022A0FCF759FD00BF00BFA81985B2504694
:10C5900006F014FF00BF002FE0D141462046FFF710
:10C5A00007FF00BF30480088A84207DA00BF08A391
:10C5B000D2222EA115A0FCF73FFD00BF00BF2A48E4
:10C5C0000088401B284908802846BDE8F087000005
:10C5D0002E2E5C2E2E5C4D6964646C6577617265ED
:10C5E000735C6C7769705C7372635C636F72655CBB
:10C5F000697076345C6970345F667261672E6300BF
:10C600007072657620213D206970720041737365F8
:10C610007274696F6E2022257322206661696C65D1
:10C6200064206174206C696E6520256420696E2029
:10C6300025730A00707265762D3E6E657874203D14
:10C640003D2069707200000070627566735F6672EB
:10C65000656564202B20636C656E203C3D2030783E
:10C6600066666666000000002001002469705F7243
:10C67000656173735F70627566636F756E74203E7B
:10C680003D2070627566735F6672656564000000C8
:10C690002DE9F84F05468946002700BF0026B2461F
:10C6A0000020009083461B48046821E06069E96827
:10C6B000884207D1A0692969884203D1A089A98845
:10C6C000884201D0012000E0002068B10BF1010B8D
:10C6D0001EB92646CDF800A006E0E07FF17F884233
:10C6E00002DC2646CDF800A0206800B1A2462468EE
:10C6F000002CDBD12EB130460099FFF7DFFE8046DB
:10C7000047444F4502DABBF1010FC7DC3846BDE8AC
:10C71000F88F00001C01002470B500250A48046849
:10C720000FE0E07F002805DDE07F401EE077254632
:10C73000246806E02646246829463046FFF7BEFEF8
:10C7400000BF002CEDD170BD1C01002470B5054662
:10C750002C4600BF44B900BF0FA340F2CE221AA15D
:10C760001CA0FCF769FC00BF00BF00BFAC4208D0B2
:10C7700000BF09A340F2CF2220A116A0FCF75CFC69
:10C7800000BF00BF606910B1606906F017FE204667
:10C79000FFF74EFC70BD00002E2E5C2E2E5C4D6906
:10C7A00064646C6577617265735C6C7769705C73E7
:10C7B00072635C636F72655C697076345C69703457
:10C7C0005F667261672E630070637220213D204EA8
:10C7D000554C4C00417373657274696F6E2022254D
:10C7E0007322206661696C6564206174206C696ED7
:10C7F0006520256420696E2025730A00706372200D
:10C800003D3D20700000000000B587B000BF00BFB4
:10C810003648006840F080003449086008460068E7
:10C8200000F08000019000BF00BF00BF00BF00BF4C
:10C830000846006840F0800008600846006800F084
:10C840008000019000BF00BF00BF00BF00BF0846CE
:10C85000006840F0040008600846006800F004002A
:10C86000019000BF00BF00BF00BF00BF08460068C6
:10C8700040F0010008600846006800F001000190E7
:10C8800000BF00BF00BF08200290002003900120DD
:10C8900004900220059002A91548F7F79DFB04209B
:10C8A000029000200390012004900220059002A92C
:10C8B0000F48F7F791FB4FF40050029000200390CF
:10C8C000012004900220059002A90A48F7F784FB92
:10C8D000012002900020039002200490059002A9FC
:10C8E0000548F7F779FB07B000BD0000E0440258A7
:10C8F000001C0258000802580000025870B5044697
:10C90000002514B101202C4908702B48007800281C
:10C9100036D008212948F7F75DFC80B1042127486B
:10C92000F7F758FC58B14FF400512548F7F752FC7F
:10C9300028B101212348F7F74DFC012820D10A2016
:10C94000FCF762FF00201C49087008211B48F7F71C
:10C9500041FC00B9012504211848F7F73BFC00B958
:10C9600002254FF400511648F7F734FC00B90325AF
:10C9700001211448F7F72EFC01281BD1042519E0EA
:10C9800008210E48F7F726FC012813D104210B4893
:10C99000F7F720FC01280DD141030948F7F71AFCED
:10C9A000012807D101210748F7F714FC10B901202D
:10C9B00001490870284670BD28000024001C025858
:10C9C000000802580000025870B5044600260D48C1
:10C9D00005880D48006818B1204603F0CBFC0FE035
:10C9E0000848408845430021084603F02BF903F02E
:10C9F000CFFA002602E005480480761CAE42FAD346
:10CA000070BD0000000300245404002400000860EE
:10CA100010B50446604884716048006850B12046F3
:10CA200003F0D2FC5D48C08A5B4908805B48008BFC
:10CA3000488010BD002C58D1F020574908804FF491
:10CA4000A07048800846808845F21051884210D175
:10CA50004FF43050504908814FF4285048814FF42A
:10CA60002C5088814FF4F07008804FF44870488053
:10CA70001AE04948808841F6631188420DD12C2084
:10CA8000454908812B2048812A2088814FF4F07085
:10CA900008804FF44870488006E02C203E49088109
:10CAA0002A2048812B2088813B48808845F210311C
:10CAB000884205D03848808847F29671884206D16E
:10CAC0004FF4A070344908804FF4F0704880324829
:10CAD000808849F60601884258D14FF4F0702E49FB
:10CAE00008804FF44870488050E04FF4A0702A4905
:10CAF0000880F02048800846808845F2105188421E
:10CB000010D14FF43050244908814FF42850488107
:10CB10004FF42C5088814FF4487008804FF4F07027
:10CB2000488020E01C48808841F66311884205D087
:10CB30001948808849F6060188420DD12C201649F3
:10CB400008812A2048812B2088814FF44870088072
:10CB50004FF4F070488006E02C200F4908812A200D
:10CB600048812B2088810C48808845F2103188420A
:10CB700005D00948808847F29671884206D14FF463
:10CB8000F070054908804FF4A0704880002002F042
:10CB90003BFF00BF4DE700000003002454040024C5
:10CBA00070B505460E4614460848006828B122466E
:10CBB0003146284603F01EFC07E03146284603F0C4
:10CBC00041F803F0E5F902490C8070BD54040024DB
:10CBD0000000086010B5CF2003F0CEF9002003F06C
:10CBE000BFF9C12003F0BCF9302003F0B9F9ED2002
:10CBF00003F0C2F9642003F0B3F9032003F0B0F9A5
:10CC0000122003F0ADF9812003F0AAF9E82003F027
:10CC1000B3F9852003F0A4F9102003F0A1F97A20DC
:10CC200003F09EF9CB2003F0A7F9392003F098F91F
:10CC30002C2003F095F9002003F092F9342003F042
:10CC40008FF9022003F08CF9F72003F095F92020EA
:10CC500003F086F9EA2003F08FF9002003F080F951
:10CC6000002003F07DF9C02003F086F91B2003F0BB
:10CC700077F9C12003F080F9012003F071F9C52094
:10CC800003F07AF9302003F06BF9302003F068F9F3
:10CC9000C72003F071F9B72003F062F9362003F0E2
:10CCA0006BF9482003F05CF93A2003F065F9552050
:10CCB00003F056F9B12003F05FF9002003F050F9BA
:10CCC0001A2003F04DF9B62003F056F90A2003F0BC
:10CCD00047F9A22003F044F9F22003F04DF90020B7
:10CCE00003F03EF9262003F047F9012003F038F95C
:10CCF000E02003F041F90F2003F032F92A2003F07D
:10CD00002FF9282003F02CF9082003F029F90E2030
:10CD100003F026F9082003F023F9542003F020F94A
:10CD2000A92003F01DF9432003F01AF90A2003F0AB
:10CD300017F90F2003F014F9002003F011F9002077
:10CD400003F00EF9002003F00BF9002003F008F9BE
:10CD5000E12003F011F9002003F002F9152003F09F
:10CD6000FFF8172003F0FCF8072003F0F9F8112072
:10CD700003F0F6F8062003F0F3F82B2003F0F0F8A8
:10CD8000562003F0EDF83C2003F0EAF8052003F00C
:10CD9000E7F8102003F0E4F80F2003F0E1F83F205B
:10CDA00003F0DEF83F2003F0DBF80F2003F0D8F8A3
:10CDB0002B2003F0E1F8002003F0D2F8002003F06C
:10CDC000CFF8012003F0CCF83F2003F0C9F82A2067
:10CDD00003F0D2F8002003F0C3F8002003F0C0F8FD
:10CDE000002003F0BDF8EF2003F0BAF8112003F0A3
:10CDF000C3F87820FCF708FD292003F0BDF810BD2A
:10CE000010B5FF2003F0B8F8FF2003F0A9F8982030
:10CE100003F0A6F8062003F0A3F8BC2003F0ACF85A
:10CE2000012003F09DF80F2003F09AF8612003F031
:10CE300097F8FF2003F094F8012003F091F8012007
:10CE400003F08EF80B2003F08BF8102003F088F825
:10CE5000372003F085F8632003F082F8FF2003F009
:10CE60007FF8FF2003F07CF8012003F079F801201F
:10CE700003F076F8002003F073F8002003F070F858
:10CE8000FF2003F06DF8522003F06AF8012003F050
:10CE900067F8002003F064F8402003F061F8BD203B
:10CEA00003F06AF8012003F05BF8232003F058F840
:10CEB000452003F055F8672003F052F8012003F0F5
:10CEC0004FF8232003F04CF8452003F049F8672081
:10CED00003F046F8BE2003F04FF8002003F040F8BE
:10CEE000012003F03DF8AB2003F03AF8602003F096
:10CEF00037F8222003F034F8222003F031F8222002
:10CF000003F02EF8222003F02BF8222003F028F85B
:10CF1000C72003F031F8362003F022F8ED2003F0AB
:10CF20002BF87F2003F01CF80F2003F019F8C02025
:10CF300003F022F80F2003F013F80B2003F010F891
:10CF40000A2003F00DF8FC2003F016F8082003F087
:10CF500007F8DF2003F010F8002003F001F80020AC
:10CF600002F0FEFF002002F0FBFF002002F0F8FFBD
:10CF7000002002F0F5FF202002F0F2FFF32002F083
:10CF8000FBFF742002F0ECFFB42002F0F5FF00205C
:10CF900002F0E6FF002002F0E3FF002002F0E0FFD5
:10CFA000F72002F0E9FF822002F0DAFFB12002F060
:10CFB000E3FF002002F0D4FF132002F0D1FF132082
:10CFC00002F0CEFFF22002F0D7FF802002F0C8FF6F
:10CFD000042002F0C5FF402002F0C2FF282002F02A
:10CFE000BFFFC12002F0C8FF172002F0B9FF882060
:10CFF00002F0B6FF882002F0B3FF202002F0B0FF5D
:10D00000E02002F0B9FF002002F0AAFF0A2002F09F
:10D01000A7FF122002F0A4FF102002F0A1FF0E20B3
:10D0200002F09EFF202002F09BFFCC2002F098FF30
:10D03000072002F095FF062002F092FF0B2002F07D
:10D040008FFF0E2002F08CFF0F2002F089FF0D20D1
:10D0500002F086FF152002F083FF102002F080FF0F
:10D06000002002F07DFFE12002F086FF002002F0A8
:10D0700077FF0B2002F074FF132002F071FF0D20E8
:10D0800002F06EFF0E2002F06BFF1B2002F068FF23
:10D09000712002F065FF062002F062FF062002F018
:10D0A0005FFF0A2002F05CFF0F2002F059FF0E2004
:10D0B00002F056FF0F2002F053FF152002F050FF40
:10D0C0000C2002F04DFF002002F04AFF2A2002F05F
:10D0D00053FF002002F044FF002002F041FF012036
:10D0E00002F03EFFDF2002F03BFF2B2002F044FF66
:10D0F000002002F035FF002002F032FF032002F092
:10D100002FFF1F2002F02CFF3A2002F035FF5520A0
:10D1100002F026FF362002F02FFF002002F020FF51
:10D12000112002F029FF7820FCF76EFB292002F085
:10D1300023FF1420FCF768FB2C2002F01DFF10BD1C
:10D1400010B5ED2002F018FF012002F009FFFE20CB
:10D1500002F006FFEE2002F00FFFDE2002F000FFDB
:10D16000212002F0FDFEF12002F006FF012002F076
:10D17000F7FEDF2002F000FF102002F0F1FEC420D5
:10D1800002F0FAFE8F2002F0EBFEC62002F0F4FE61
:10D19000002002F0E5FEE22002F0E2FEE22002F0D2
:10D1A000DFFEE22002F0DCFEBF2002F0E5FEAA2056
:10D1B00002F0D6FEB02002F0DFFE0D2002F0D0FE1D
:10D1C000002002F0CDFE0D2002F0CAFE002002F089
:10D1D000C7FE112002F0C4FE002002F0C1FE19209B
:10D1E00002F0BEFE002002F0BBFE212002F0B8FEDD
:10D1F000002002F0B5FE2D2002F0B2FE002002F069
:10D20000AFFE3D2002F0ACFE002002F0A9FE5D2042
:10D2100002F0A6FE002002F0A3FE5D2002F0A0FEB8
:10D22000002002F09DFEB12002F0A6FE802002F058
:10D2300097FE002002F094FE8B2002F091FE002069
:10D2400002F08EFE962002F08BFE002002F088FE97
:10D25000B22002F091FE002002F082FE002002F0D7
:10D260007FFE022002F07CFE002002F079FE032007
:10D2700002F076FE002002F073FEB32002F07CFE86
:10D28000002002F06DFE002002F06AFE002002F095
:10D2900067FE002002F064FE002002F061FE002024
:10D2A00002F05EFE002002F05BFE002002F058FE5D
:10D2B000002002F055FE002002F052FE002002F095
:10D2C0004FFE002002F04CFE002002F049FE00203C
:10D2D00002F046FE002002F043FE002002F040FE75
:10D2E000002002F03DFE002002F03AFE002002F095
:10D2F00037FE002002F034FE002002F031FE002054
:10D3000002F02EFE002002F02BFE002002F028FE8C
:10D31000B42002F031FE8B2002F022FE002002F049
:10D320001FFE962002F01CFE002002F019FEA12034
:10D3300002F016FE002002F013FEB52002F01CFEE3
:10D34000022002F00DFE002002F00AFE032002F08F
:10D3500007FE002002F004FE042002F001FE00207F
:10D3600002F0FEFDB62002F007FE002002F0F8FDFC
:10D37000002002F0F5FDB72002F0FEFD002002F0D3
:10D38000EFFD002002F0ECFD3F2002F0E9FD00205F
:10D3900002F0E6FD5E2002F0E3FD002002F0E0FD79
:10D3A000642002F0DDFD002002F0DAFD8C2002F0A6
:10D3B000D7FD002002F0D4FDAC2002F0D1FD00200A
:10D3C00002F0CEFDDC2002F0CBFD002002F0C8FD13
:10D3D000702002F0C5FD002002F0C2FD902002F096
:10D3E000BFFD002002F0BCFDEB2002F0B9FD0020E3
:10D3F00002F0B6FDDC2002F0B3FD002002F0B0FD2B
:10D40000B82002F0B9FD002002F0AAFD002002F0D1
:10D41000A7FD002002F0A4FD002002F0A1FD0020E5
:10D4200002F09EFD002002F09BFD002002F098FD1E
:10D43000002002F095FDBA2002F09EFD242002F0AB
:10D440008FFD002002F08CFD002002F089FD0020FD
:10D4500002F086FDC12002F08FFD202002F080FD49
:10D46000002002F07DFD542002F07AFD002002F041
:10D4700077FDFF2002F074FD002002F071FDC22054
:10D4800002F07AFD0A2002F06BFD002002F068FD38
:10D49000042002F065FD002002F062FDC32002F0CE
:10D4A0006BFD3C2002F05CFD002002F059FD3A20AB
:10D4B00002F056FD002002F053FD392002F050FD2D
:10D4C000002002F04DFD372002F04AFD002002F05E
:10D4D00047FD3C2002F044FD002002F041FD3620D3
:10D4E00002F03EFD002002F03BFD322002F038FD4C
:10D4F000002002F035FD2F2002F032FD002002F066
:10D500002FFD2C2002F02CFD002002F029FD292007
:10D5100002F026FD002002F023FD262002F020FD6F
:10D52000002002F01DFD242002F01AFD002002F070
:10D5300017FD242002F014FD002002F011FD23202D
:10D5400002F00EFD002002F00BFD3C2002F008FD71
:10D55000002002F005FD362002F002FD002002F05E
:10D56000FFFC322002F0FCFC002002F0F9FC2F202E
:10D5700002F0F6FC002002F0F3FC2C2002F0F0FC9C
:10D58000002002F0EDFC292002F0EAFC002002F06D
:10D59000E7FC262002F0E4FC002002F0E1FC24205D
:10D5A00002F0DEFC002002F0DBFC242002F0D8FCBC
:10D5B000002002F0D5FC232002F0D2FC002002F073
:10D5C000CFFCC42002F0D8FC622002F0C9FC00208D
:10D5D00002F0C6FC052002F0C3FC002002F0C0FCF3
:10D5E000842002F0BDFC002002F0BAFCF02002F022
:10D5F000B7FC002002F0B4FC182002F0B1FC0020BF
:10D6000002F0AEFCA42002F0ABFC002002F0A8FC6B
:10D61000182002F0A5FC002002F0A2FC502002F02D
:10D620009FFC002002F09CFC0C2002F099FC0020E2
:10D6300002F096FC172002F093FC002002F090FC10
:10D64000952002F08DFC002002F08AFCF32002F00D
:10D6500087FC002002F084FCE62002F081FC002020
:10D6600002F07EFCC52002F087FC322002F078FC3C
:10D67000002002F075FC442002F072FC002002F051
:10D680006FFC652002F06CFC002002F069FC762043
:10D6900002F066FC002002F063FC882002F060FCCF
:10D6A000002002F05DFCC62002F066FC202002F0A3
:10D6B00057FC002002F054FC172002F051FC00201F
:10D6C00002F04EFC012002F04BFC002002F048FC6E
:10D6D000C72002F051FC002002F042FC002002F0C2
:10D6E0003FFC002002F03CFC002002F039FCC82086
:10D6F00002F042FC002002F033FC002002F030FC7B
:10D70000002002F02DFC002002F02AFCC92002F0CB
:10D7100033FC002002F024FC002002F021FC002059
:10D7200002F01EFC002002F01BFC002002F018FC9E
:10D73000002002F015FC002002F012FC002002F094
:10D740000FFC002002F00CFC002002F009FC00207D
:10D7500002F006FC002002F003FC002002F000FCB6
:10D76000002002F0FDFB002002F0FAFB002002F096
:10D77000F7FBE02002F000FC162002F0F1FB002095
:10D7800002F0EEFB1C2002F0EBFB002002F0E8FBB5
:10D79000212002F0E5FB002002F0E2FB362002F03F
:10D7A000DFFB002002F0DCFB462002F0D9FB00206A
:10D7B00002F0D6FB522002F0D3FB002002F0D0FB97
:10D7C000642002F0CDFB002002F0CAFB7A2002F0B8
:10D7D000C7FB002002F0C4FB8B2002F0C1FB00203D
:10D7E00002F0BEFB992002F0BBFB002002F0B8FB68
:10D7F000A82002F0B5FB002002F0B2FBB92002F035
:10D80000AFFB002002F0ACFBC42002F0A9FB00201B
:10D8100002F0A6FBCA2002F0A3FB002002F0A0FB4E
:10D82000D22002F09DFB002002F09AFBD92002F0EA
:10D8300097FB002002F094FBE02002F091FB002017
:10D8400002F08EFBF32002F08BFB002002F088FB3D
:10D85000E12002F091FB162002F082FB002002F092
:10D860007FFB1C2002F07CFB002002F079FB2220D1
:10D8700002F076FB002002F073FB362002F070FB12
:10D88000002002F06DFB452002F06AFB002002F050
:10D8900067FB522002F064FB002002F061FB642071
:10D8A00002F05EFB002002F05BFB7A2002F058FBE6
:10D8B000002002F055FB8B2002F052FB002002F00A
:10D8C0004FFB992002F04CFB002002F049FBA820FE
:10D8D00002F046FB002002F043FBB92002F040FBBF
:10D8E000002002F03DFBC42002F03AFB002002F0D1
:10D8F00037FBCA2002F034FB002002F031FBD220BB
:10D9000002F02EFB002002F02BFBD82002F028FBB7
:10D91000002002F025FBE02002F022FB002002F0B4
:10D920001FFBF32002F01CFB002002F019FBE22099
:10D9300002F022FB052002F013FB002002F010FB96
:10D940000B2002F00DFB002002F00AFB1B2002F06E
:10D9500007FB002002F004FB342002F001FB002052
:10D9600002F0FEFA442002F0FBFA002002F0F8FA7E
:10D970004F2002F0F5FA002002F0F2FA612002F0E6
:10D98000EFFA002002F0ECFA792002F0E9FA002028
:10D9900002F0E6FA882002F0E3FA002002F0E0FA52
:10D9A000972002F0DDFA002002F0DAFAA62002F059
:10D9B000D7FA002002F0D4FAB72002F0D1FA002002
:10D9C00002F0CEFAC22002F0CBFA002002F0C8FA30
:10D9D000C72002F0C5FA002002F0C2FAD12002F0FE
:10D9E000BFFA002002F0BCFAD62002F0B9FA0020FB
:10D9F00002F0B6FADD2002F0B3FA002002F0B0FA2D
:10DA0000F32002F0ADFA002002F0AAFAE32002F0BF
:10DA1000B3FA052002F0A4FA002002F0A1FA0A20CD
:10DA200002F09EFA002002F09BFA1C2002F098FA05
:10DA3000002002F095FA332002F092FA002002F062
:10DA40008FFA442002F08CFA002002F089FA50206C
:10DA500002F086FA002002F083FA622002F080FAD7
:10DA6000002002F07DFA782002F07AFA002002F01D
:10DA700077FA882002F074FA002002F071FA9720F9
:10DA800002F06EFA002002F06BFAA62002F068FAAB
:10DA9000002002F065FAB72002F062FA002002F0DE
:10DAA0005FFAC22002F05CFA002002F059FAC720A7
:10DAB00002F056FA002002F053FAD12002F050FA98
:10DAC000002002F04DFAD52002F04AFA002002F0C0
:10DAD00047FADD2002F044FA002002F041FAF32078
:10DAE00002F03EFA002002F03BFAE42002F044FA91
:10DAF000012002F035FA002002F032FA012002F093
:10DB00002FFA002002F02CFA022002F029FA00205D
:10DB100002F026FA2A2002F023FA002002F020FA6E
:10DB20003C2002F01DFA002002F01AFA4B2002F00D
:10DB300017FA002002F014FA5D2002F011FA00201A
:10DB400002F00EFA742002F00BFA002002F008FA3C
:10DB5000842002F005FA002002F002FA932002F07D
:10DB6000FFF9002002F0FCF9A22002F0F9F90020F0
:10DB700002F0F6F9B32002F0F3F9002002F0F0F918
:10DB8000BE2002F0EDF9002002F0EAF9C42002F014
:10DB9000E7F9002002F0E4F9CD2002F0E1F90020DD
:10DBA00002F0DEF9D32002F0DBF9002002F0D8F910
:10DBB000DD2002F0D5F9002002F0D2F9F32002F0C6
:10DBC000CFF9002002F0CCF9E52002F0D5F90020D1
:10DBD00002F0C6F9002002F0C3F9002002F0C0F9FB
:10DBE000002002F0BDF9022002F0BAF9002002F094
:10DBF000B7F9292002F0B4F9002002F0B1F93C2075
:10DC000002F0AEF9002002F0ABF94B2002F0A8F9C7
:10DC1000002002F0A5F95D2002F0A2F9002002F038
:10DC20009FF9742002F09CF9002002F099F98420F9
:10DC300002F096F9002002F093F9932002F090F997
:10DC4000002002F08DF9A22002F08AF9002002F0F3
:10DC500087F9B32002F084F9002002F081F9BE2098
:10DC600002F07EF9002002F07BF9C42002F078F97E
:10DC7000002002F075F9CD2002F072F9002002F0C8
:10DC80006FF9D32002F06CF9002002F069F9DC2072
:10DC900002F066F9002002F063F9F32002F060F967
:10DCA000002002F05DF9E62002F066F9112002F092
:10DCB00057F9002002F054F9342002F051F9002005
:10DCC00002F04EF9562002F04BF9002002F048F91C
:10DCD000762002F045F9002002F042F9772002F0A8
:10DCE0003FF9002002F03CF9662002F039F90020EB
:10DCF00002F036F9882002F033F9002002F030F902
:10DD0000992002F02DF9002002F02AF9BB2002F040
:10DD100027F9002002F024F9992002F021F90020CF
:10DD200002F01EF9662002F01BF9002002F018F93B
:10DD3000552002F015F9002002F012F9552002F0EA
:10DD40000FF9002002F00CF9452002F009F900203B
:10DD500002F006F9432002F003F9002002F000F976
:10DD6000442002F0FDF8002002F0FAF8E72002F06B
:10DD700003F9322002F0F4F8002002F0F1F8552007
:10DD800002F0EEF8002002F0EBF8762002F0E8F85E
:10DD9000002002F0E5F8662002F0E2F8002002F030
:10DDA000DFF8672002F0DCF8002002F0D9F86720E5
:10DDB00002F0D6F8002002F0D3F8872002F0D0F865
:10DDC000002002F0CDF8992002F0CAF8002002F0FD
:10DDD000C7F8BB2002F0C4F8002002F0C1F8992077
:10DDE00002F0BEF8002002F0BBF8772002F0B8F88D
:10DDF000002002F0B5F8442002F0B2F8002002F052
:10DE0000AFF8562002F0ACF8002002F0A9F8232069
:10DE100002F0A6F8002002F0A3F8332002F0A0F8E8
:10DE2000002002F09DF8452002F09AF8002002F050
:10DE300097F8E82002F0A0F8002002F091F8002006
:10DE400002F08EF8992002F08BF8002002F088F89A
:10DE5000872002F085F8002002F082F8882002F086
:10DE60007FF8002002F07CF8772002F079F800209B
:10DE700002F076F8662002F073F8002002F070F8E5
:10DE8000882002F06DF8002002F06AF8AA2002F063
:10DE900067F8002002F064F8BB2002F061F800206F
:10DEA00002F05EF8992002F05BF8002002F058F8CA
:10DEB000662002F055F8002002F052F8552002F0DA
:10DEC0004FF8002002F04CF8552002F049F80020ED
:10DED00002F046F8442002F043F8002002F040F837
:10DEE000442002F03DF8002002F03AF8552002F0FC
:10DEF00037F8002002F034F8E92002F03DF8AA20BB
:10DF000002F02EF8002002F02BF8002002F028F892
:10DF1000002002F025F8002002F02EF8AA2002F0DE
:10DF20001FF8CF2002F028F8002002F019F8002096
:10DF300002F016F8002002F013F8002002F010F8AA
:10DF4000002002F00DF8002002F00AF8002002F094
:10DF500007F8002002F004F8002002F001F8002089
:10DF600001F0FEFF002001F0FBFF002001F0F8FFB0
:10DF7000002001F0F5FF002001F0F2FF002001F089
:10DF8000EFFF002001F0ECFF002001F0E9FFF0209E
:10DF900001F0F2FF002001F0E3FF502001F0E0FF6C
:10DFA000002001F0DDFF002001F0DAFF002001F089
:10DFB000D7FFF32001F0E0FF002001F0D1FFF920AE
:10DFC00001F0DAFF062001F0CBFF102001F0C8FFBE
:10DFD000292001F0C5FF002001F0C2FF3A2001F026
:10DFE000CBFF552001F0BCFF112001F0C5FF6420DC
:10DFF000FBF70AFC292001F0BFFF352001F0BCFF30
:10E00000002001F0ADFF512001F0B6FFFF2001F02C
:10E01000A7FF532001F0B0FF2C2001F0A1FF5520F5
:10E0200001F0AAFF822001F09BFF2C2001F0A4FF49
:10E0300010BD10B555214FF4704001F0B3FFAA2177
:10E040004FF2010001F0AEFF52214FF2020001F049
:10E05000A9FF08214FF2030001F0A4FF01214FF2B4
:10E06000040001F09FFF0D214FF4304001F09AFFB2
:10E070000D214BF2010001F095FF0D214BF2020042
:10E0800001F090FF34214FF4364001F08BFF342132
:10E090004BF2016001F086FF34214BF2026001F087
:10E0A00081FF0D214FF4314001F07CFF0D214BF237
:10E0B000011001F077FF0D214BF2021001F072FF09
:10E0C00034214FF4374001F06DFF34214BF20170E1
:10E0D00001F068FF34214BF2027001F063FF002170
:10E0E0004FF4324001F05EFF00214BF2012001F0BD
:10E0F00059FF00214BF2022001F054FF24214FF47C
:10E10000384001F04FFF24214BF6010001F04AFF97
:10E1100024214BF6020001F045FF01214FF43F405E
:10E1200001F040FF0F214FF4334001F03BFF0F217E
:10E130004BF2013001F036FF0F214BF2023001F0BB
:10E1400031FF34214FF4394001F02CFF34214BF6DC
:10E15000011001F027FF34214BF6021001F022FFDD
:10E1600008214FF4354001F01DFF08214BF201500A
:10E1700001F018FF08214BF2025001F013FF0321B8
:10E180004FF4424001F00EFF24214FF43A4001F0D9
:10E1900009FF24214BF6012001F004FF24214BF656
:10E1A000022001F0FFFE00214FF43C4001F0FAFE96
:10E1B00078214BF6014001F0F5FE00214BF60240BC
:10E1C00001F0F0FE00214FF43D4001F0EBFE78211C
:10E1D0004BF6015001F0E6FE00214BF6025001F033
:10E1E000E1FE00214FF43E4001F0DCFE64214BF6DD
:10E1F000016001F0D7FE00214FF4514001F0D2FE42
:10E2000033214DF2011001F0CDFE00214DF202103C
:10E2100001F0C8FE34214DF2031001F0C3FE0021CD
:10E220004DF2041001F0BEFE3A214DF2051001F04E
:10E23000B9FE00214DF2061001F0B4FE4A214DF264
:10E24000071001F0AFFE00214DF2081001F0AAFE08
:10E250005C214DF2091001F0A5FE00214DF20A10DB
:10E2600001F0A0FE81214DF20B1001F09BFE002178
:10E270004DF20C1001F096FEA6214DF20D1001F0AA
:10E2800091FE00214DF20E1001F08CFEE5214DF2C1
:10E290000F1001F087FE01214DF2101001F082FEF7
:10E2A00013214DF2111001F07DFE01214DF21210EB
:10E2B00001F078FE54214DF2131001F073FE01219C
:10E2C0004DF2141001F06EFE82214DF2151001F096
:10E2D00069FE01214DF2161001F064FECA214DF2D3
:10E2E000171001F05FFE02214DF2181001F05AFEE6
:10E2F00000214DF2191001F055FE02214DF21A10C5
:10E3000001F050FE01214DF21B1001F04BFE0221E5
:10E310004DF21C1001F046FE34214DF21D1001F0AB
:10E3200041FE02214DF21E1001F03CFE67214DF22C
:10E330001F1001F037FE02214DF2201001F032FED5
:10E3400084214DF2211001F02DFE02214DF2221008
:10E3500001F028FEA4214DF2231001F023FE02213A
:10E360004DF2241001F01EFEB7214DF2251001F0F0
:10E3700019FE02214DF2261001F014FECF214DF2BC
:10E38000271001F00FFE02214DF2281001F00AFEC5
:10E39000DE214DF2291001F005FE02214DF22A1076
:10E3A00001F000FEF2214DF22B1001F0FBFD0221E5
:10E3B0004DF22C1001F0F6FDFE214DF22D1001F072
:10E3C000F1FD03214DF22E1001F0ECFD10214DF274
:10E3D0002F1001F0E7FD03214DF2301001F0E2FDB6
:10E3E00033214DF2311001F0DDFD03214DF23210E9
:10E3F00001F0D8FD6D214DF2331001F0D3FD002165
:10E400004FF4524001F0CEFD33214DF2012001F0D6
:10E41000C9FD00214DF2022001F0C4FD34214DF26E
:10E42000032001F0BFFD00214DF2042001F0BAFDF0
:10E430003A214DF2052001F0B5FD00214DF20620F4
:10E4400001F0B0FD4A214DF2072001F0ABFD0021A3
:10E450004DF2082001F0A6FD5C214DF2092001F0EB
:10E46000A1FD00214DF20A2001F09CFD81214DF219
:10E470000B2001F097FD00214DF20C2001F092FDE0
:10E48000A6214DF20D2001F08DFD00214DF20E2050
:10E4900001F088FDE5214DF20F2001F083FD0121FF
:10E4A0004DF2102001F07EFD13214DF2112001F0FC
:10E4B00079FD01214DF2122001F074FD54214DF23D
:10E4C000132001F06FFD01214DF2142001F06AFDCF
:10E4D00082214DF2152001F065FD01214DF216203B
:10E4E00001F060FDCA214DF2172001F05BFD022111
:10E4F0004DF2182001F056FD00214DF2192001F0D7
:10E5000051FD02214DF21A2001F04CFD01214DF286
:10E510001B2001F047FD02214DF21C2001F042FDBD
:10E5200034214DF21D2001F03DFD02214DF21E204F
:10E5300001F038FD67214DF21F2001F033FD02216B
:10E540004DF2202001F02EFD84214DF2212001F01A
:10E5500029FD02214DF2222001F024FDA4214DF2DB
:10E56000232001F01FFD02214DF2242001F01AFDAD
:10E57000B7214DF2252001F015FD02214DF2262094
:10E5800001F010FDCF214DF2272001F00BFD0221FB
:10E590004DF2282001F006FDDE214DF2292001F088
:10E5A00001FD02214DF22A2001F0FCFCF2214DF286
:10E5B0002B2001F0F7FC02214DF22C2001F0F2FC9F
:10E5C000FE214DF22D2001F0EDFC03214DF22E2015
:10E5D00001F0E8FC10214DF22F2001F0E3FC0321B3
:10E5E0004DF2302001F0DEFC33214DF2312001F0FC
:10E5F000D9FC03214DF2322001F0D4FC6D214DF203
:10E60000332001F0CFFC00214FF4534001F0CAFC4D
:10E6100033214DF2013001F0C5FC00214DF20230F2
:10E6200001F0C0FC34214DF2033001F0BBFC0021AD
:10E630004DF2043001F0B6FC3A214DF2053001F004
:10E64000B1FC00214DF2063001F0ACFC4A214DF244
:10E65000073001F0A7FC00214DF2083001F0A2FCC8
:10E660005C214DF2093001F09DFC00214DF20A3091
:10E6700001F098FC81214DF20B3001F093FC002158
:10E680004DF20C3001F08EFCA6214DF20D3001F060
:10E6900089FC00214DF20E3001F084FCE5214DF2A1
:10E6A0000F3001F07FFC01214DF2103001F07AFCB7
:10E6B00013214DF2113001F075FC01214DF21230A1
:10E6C00001F070FC54214DF2133001F06BFC01217C
:10E6D0004DF2143001F066FC82214DF2153001F04C
:10E6E00061FC01214DF2163001F05CFCCA214DF2B3
:10E6F000173001F057FC02214DF2183001F052FCA6
:10E7000000214DF2193001F04DFC02214DF21A307A
:10E7100001F048FC01214DF21B3001F043FC0221C5
:10E720004DF21C3001F03EFC34214DF21D3001F061
:10E7300039FC02214DF21E3001F034FC67214DF20C
:10E740001F3001F02FFC02214DF2203001F02AFC95
:10E7500084214DF2213001F025FC02214DF22230BE
:10E7600001F020FCA4214DF2233001F01BFC02211A
:10E770004DF2243001F016FCB7214DF2253001F0A6
:10E7800011FC02214DF2263001F00CFCCF214DF29C
:10E79000273001F007FC02214DF2283001F002FC85
:10E7A000DE214DF2293001F0FDFB02214DF22A302D
:10E7B00001F0F8FBF2214DF22B3001F0F3FB0221C6
:10E7C0004DF22C3001F0EEFBFE214DF22D3001F028
:10E7D000E9FB03214DF22E3001F0E4FB10214DF254
:10E7E0002F3001F0DFFB03214DF2303001F0DAFB76
:10E7F00033214DF2313001F0D5FB03214DF232309F
:10E8000001F0D0FB6D214DF2333001F0CBFB002144
:10E810004FF4544001F0C6FB33214DF2014001F0AA
:10E82000C1FB00214DF2024001F0BCFB34214DF24E
:10E83000034001F0B7FB00214DF2044001F0B2FBB0
:10E840003A214DF2054001F0ADFB00214DF20640AA
:10E8500001F0A8FB4A214DF2074001F0A3FB002183
:10E860004DF2084001F09EFB5C214DF2094001F0A1
:10E8700099FB00214DF20A4001F094FB81214DF2F9
:10E880000B4001F08FFB00214DF20C4001F08AFBA0
:10E89000A6214DF20D4001F085FB00214DF20E4006
:10E8A00001F080FBE5214DF20F4001F07BFB0121DF
:10E8B0004DF2104001F076FB13214DF2114001F0B2
:10E8C00071FB01214DF2124001F06CFB54214DF21D
:10E8D000134001F067FB01214DF2144001F062FB8F
:10E8E00082214DF2154001F05DFB01214DF21640F1
:10E8F00001F058FBCA214DF2174001F053FB0221F1
:10E900004DF2184001F04EFB00214DF2194001F08C
:10E9100049FB02214DF21A4001F044FB01214DF266
:10E920001B4001F03FFB02214DF21C4001F03AFB7D
:10E9300034214DF21D4001F035FB02214DF21E4005
:10E9400001F030FB67214DF21F4001F02BFB02214B
:10E950004DF2204001F026FB84214DF2214001F0D0
:10E9600021FB02214DF2224001F01CFBA4214DF2BB
:10E97000234001F017FB02214DF2244001F012FB6D
:10E98000B7214DF2254001F00DFB02214DF226404A
:10E9900001F008FBCF214DF2274001F003FB0221DB
:10E9A0004DF2284001F0FEFADE214DF2294001F03F
:10E9B000F9FA02214DF22A4001F0F4FAF2214DF267
:10E9C0002B4001F0EFFA02214DF22C4001F0EAFA5F
:10E9D000FE214DF22D4001F0E5FA03214DF22E40CB
:10E9E00001F0E0FA10214DF22F4001F0DBFA032193
:10E9F0004DF2304001F0D6FA33214DF2314001F0B2
:10EA0000D1FA03214DF2324001F0CCFA6D214DF2E2
:10EA1000334001F0C7FA00214FF4554001F0C2FA2B
:10EA200033214DF2015001F0BDFA00214DF20250A8
:10EA300001F0B8FA34214DF2035001F0B3FA00218D
:10EA40004DF2045001F0AEFA3A214DF2055001F0BA
:10EA5000A9FA00214DF2065001F0A4FA4A214DF224
:10EA6000075001F09FFA00214DF2085001F09AFA88
:10EA70005C214DF2095001F095FA00214DF20A5047
:10EA800001F090FA81214DF20B5001F08BFA002138
:10EA90004DF20C5001F086FAA6214DF20D5001F016
:10EAA00081FA00214DF20E5001F07CFAE5214DF281
:10EAB0000F5001F077FA01214DF2105001F072FA77
:10EAC00013214DF2115001F06DFA01214DF2125057
:10EAD00001F068FA54214DF2135001F063FA01215C
:10EAE0004DF2145001F05EFA82214DF2155001F002
:10EAF00059FA01214DF2165001F054FACA214DF293
:10EB0000175001F04FFA02214DF2185001F04AFA65
:10EB100000214DF2195001F045FA02214DF21A5030
:10EB200001F040FA01214DF21B5001F03BFA0221A5
:10EB30004DF21C5001F036FA34214DF21D5001F017
:10EB400031FA02214DF21E5001F02CFA67214DF2EC
:10EB50001F5001F027FA02214DF2205001F022FA55
:10EB600084214DF2215001F01DFA02214DF2225074
:10EB700001F018FAA4214DF2235001F013FA0221FA
:10EB80004DF2245001F00EFAB7214DF2255001F05C
:10EB900009FA02214DF2265001F004FACF214DF27C
:10EBA000275001F0FFF902214DF2285001F0FAF947
:10EBB000DE214DF2295001F0F5F902214DF22A50E3
:10EBC00001F0F0F9F2214DF22B5001F0EBF90221A6
:10EBD0004DF22C5001F0E6F9FE214DF22D5001F0DE
:10EBE000E1F903214DF22E5001F0DCF910214DF234
:10EBF0002F5001F0D7F903214DF2305001F0D2F936
:10EC000033214DF2315001F0CDF903214DF2325054
:10EC100001F0C8F96D214DF2335001F0C3F9002124
:10EC20004FF4564001F0BEF933214DF2016001F07E
:10EC3000B9F900214DF2026001F0B4F934214DF22E
:10EC4000036001F0AFF900214DF2046001F0AAF970
:10EC50003A214DF2056001F0A5F900214DF2066060
:10EC600001F0A0F94A214DF2076001F09BF9002163
:10EC70004DF2086001F096F95C214DF2096001F057
:10EC800091F900214DF20A6001F08CF981214DF2D9
:10EC90000B6001F087F900214DF20C6001F082F960
:10ECA000A6214DF20D6001F07DF900214DF20E60BC
:10ECB00001F078F9E5214DF20F6001F073F90121BF
:10ECC0004DF2106001F06EF913214DF2116001F068
:10ECD00069F901214DF2126001F064F954214DF2FD
:10ECE000136001F05FF901214DF2146001F05AF94F
:10ECF00082214DF2156001F055F901214DF21660A7
:10ED000001F050F9CA214DF2176001F04BF90221D0
:10ED10004DF2186001F046F900214DF2196001F042
:10ED200041F902214DF21A6001F03CF901214DF246
:10ED30001B6001F037F902214DF21C6001F032F93D
:10ED400034214DF21D6001F02DF902214DF21E60BB
:10ED500001F028F967214DF21F6001F023F902212B
:10ED60004DF2206001F01EF984214DF2216001F086
:10ED700019F902214DF2226001F014F9A4214DF29B
:10ED8000236001F00FF902214DF2246001F00AF92D
:10ED9000B7214DF2256001F005F902214DF2266000
:10EDA00001F000F9CF214DF2276001F0FBF80221BC
:10EDB0004DF2286001F0F6F8DE214DF2296001F0F5
:10EDC000F1F802214DF22A6001F0ECF8F2214DF247
:10EDD0002B6001F0E7F802214DF22C6001F0E2F81F
:10EDE000FE214DF22D6001F0DDF803214DF22E6081
:10EDF00001F0D8F810214DF22F6001F0D3F8032173
:10EE00004DF2306001F0CEF833214DF2316001F067
:10EE1000C9F803214DF2326001F0C4F86D214DF2C2
:10EE2000336001F0BFF855214FF4704001F0BAF89B
:10EE3000AA214FF2010001F0B5F852214FF2020071
:10EE400001F0B0F808214FF2030001F0ABF8002107
:10EE50004FF2040001F0A6F8CC214FF4314001F04C
:10EE6000A1F800214BF2011001F09CF805214FF4AC
:10EE7000364001F097F870214FF4374001F092F8D6
:10EE800070214BF2017001F08DF801214FF43840F0
:10EE900001F088F803214BF6010001F083F803210B
:10EEA0004BF6020001F07EF803214BF6030001F05F
:10EEB00079F802214FF43C4001F074F800214BF640
:10EEC000014001F06FF800214BF6024001F06AF8B2
:10EED000D0214FF4494001F065F802214CF60110B1
:10EEE00001F060F850214CF6021001F05BF850215F
:10EEF0004CF6031001F056F850214CF6041001F0C6
:10EF000051F800214FF4545001F04CF855214FF4C2
:10EF1000685001F047F84FF4885001F02DF8782040
:10EF2000FAF78CFC4FF4245001F026F810BD10B510
:10EF3000E22001F021F81D2001F012F8022001F07A
:10EF40000FF8042001F00CF86420FAF777FCE020B9
:10EF500001F012F8012001F003F80A20FAF754FC3E
:10EF6000E02001F009F8032000F0FAFF0C20FAF786
:10EF70004BFC012001F000F80A20FAF745FCE620DE
:10EF800000F0FAFF2F2000F0EBFFFF2000F0E8FF79
:10EF9000FF2000F0E5FFB02000F0EEFF202000F0A1
:10EFA000DFFF002000F0DCFF032000F0D9FF40F27B
:10EFB0001F3000F0D5FF012000F0D2FF40F2DF103B
:10EFC00000F0CEFF002000F0CBFFB42000F0D4FF13
:10EFD000042000F0C5FF40F21F4000F0C1FF0020F8
:10EFE00000F0BEFF2E2000F0BBFF002000F0B8FFB5
:10EFF000002000F0B5FF002000F0B2FF002000F07C
:10F00000AFFFB62000F0B8FF022000F0A9FF4FF4D8
:10F01000037000F0A5FF002000F0A2FF172000F011
:10F020009FFF152000F09CFF002000F099FF0020BA
:10F0300000F096FFF02000F09FFF032000F090FF0B
:10F04000292000F099FFD02000F096FF002000F06A
:10F0500087FFBE2000F090FF052000F081FFFE201A
:10F0600000F07EFF012000F07BFF002000F078FF21
:10F07000002000F075FF002000F072FFB82000F0C3
:10F080007BFF032000F06CFF012000F069FFBA2035
:10F0900000F072FF012000F063FF10BD10B51120D9
:10F0A00000F06AFF7820FAF7AFFB362000F064FF2B
:10F0B000002000F055FF3A2000F05EFF052000F030
:10F0C0004FFFB22000F058FF0C2000F049FF0C2049
:10F0D00000F046FF002000F043FF332000F040FF27
:10F0E000332000F03DFFB72000F046FF352000F050
:10F0F00037FFBB2000F040FF322000F031FFC0207E
:10F1000000F03AFF0C2000F02BFFC22000F034FF8B
:10F11000012000F025FFC32000F02EFF102000F09A
:10F120001FFFC42000F028FF202000F019FFC62098
:10F1300000F022FF0F2000F013FFD02000F01CFF92
:10F14000A42000F00DFFA12000F00AFFE02000F055
:10F1500013FFD02000F004FF002000F001FF022088
:10F1600000F0FEFE072000F0FBFE0A2000F0F8FE93
:10F17000282000F0F5FE322000F0F2FE442000F0DE
:10F18000EFFE422000F0ECFE062000F0E9FE0E202B
:10F1900000F0E6FE122000F0E3FE142000F0E0FE96
:10F1A000172000F0DDFEE12000F0E6FED02000F0A8
:10F1B000D7FE002000F0D4FE022000F0D1FE072090
:10F1C00000F0CEFE0A2000F0CBFE282000F0C8FEA2
:10F1D000312000F0C5FE542000F0C2FE472000F0B0
:10F1E000BFFE0E2000F0BCFE1C2000F0B9FE172070
:10F1F00000F0B6FE1B2000F0B3FE1E2000F0B0FEB3
:10F200002A2000F0B9FE002000F0AAFE002000F045
:10F21000A7FE002000F0A4FEEF2000F0A1FE2B20AE
:10F2200000F0AAFE002000F09BFE002000F098FEF7
:10F23000012000F095FE3F2000F092FE292000F012
:10F240009BFE10BD10B5112000F096FE7820FAF755
:10F25000DBFA362000F090FE482000F081FE3A20D4
:10F2600000F08AFE552000F07BFEF02000F084FEC6
:10F27000C32000F075FEF02000F07EFE962000F026
:10F280006FFEB42000F078FE012000F069FEB62089
:10F2900000F072FE0A2000F063FEA22000F060FE83
:10F2A000B72000F069FEC62000F05AFEB92000F039
:10F2B00063FE022000F054FEE02000F051FEC0206A
:10F2C00000F05AFE802000F04BFE162000F048FEB1
:10F2D000C12000F051FE192000F042FEC22000F0D3
:10F2E0004BFEA72000F03CFEC52000F045FE162096
:10F2F00000F036FEE82000F03FFE402000F030FE37
:10F300008A2000F02DFE002000F02AFE002000F0F0
:10F3100027FE292000F024FE192000F021FEA52060
:10F3200000F01EFE332000F01BFEE02000F024FE63
:10F33000F02000F015FE072000F012FE0D2000F076
:10F340000FFE042000F00CFE052000F009FE142042
:10F3500000F006FE362000F003FE542000F000FE10
:10F360004C2000F0FDFD382000F0FAFD132000F0E5
:10F37000F7FD142000F0F4FD2E2000F0F1FD342004
:10F3800000F0EEFDE12000F0F7FDF02000F0E8FDD8
:10F39000102000F0E5FD142000F0E2FD0E2000F04A
:10F3A000DFFD0C2000F0DCFD082000F0D9FD352049
:10F3B00000F0D6FD442000F0D3FD4C2000F0D0FD3D
:10F3C000262000F0CDFD102000F0CAFD122000F034
:10F3D000C7FD2C2000F0C4FD322000F0C1FDF0205C
:10F3E00000F0CAFD3C2000F0BBFDF02000F0C4FDA1
:10F3F000692000F0B5FD7820FAF706FA212000F028
:10F40000BBFD292000F0B8FD10BD00002DE9F84F2C
:10F4100005460E4617469846DDF828904FF0000B3B
:10F420001448006840B143463A4631462846CDF874
:10F43000009001F007F81BE0781B401C1FFA80FBCE
:10F44000344613E02146284600F0FCFB00F0A0FD06
:10F450004FF0000A06E00849A1F800900AF1010007
:10F460001FFA80FADA45F6DB601C84B24445E9DD18
:10F47000BDE8F88F540400240000086000B595B082
:10F4800001F054FAFB4988800846808810B101F0E9
:10F49000A3F871E200BF00BFF748006840F0080021
:10F4A000F54908600846006800F00800019000BFB8
:10F4B00000BF00BF00BF00BF0846006840F0080062
:10F4C00008600846006800F00800019000BF00BF17
:10F4D00000BF00BF00BF0846006840F00800086099
:10F4E0000846006800F00800019000BF00BF00BFA0
:10F4F00000BF00BF0846006840F0080008600846EA
:10F50000006800F00800019000BF00BF00BF00BF0E
:10F5100000BF0846006840F0020008600846006826
:10F5200000F00200019000BF00BF00BF80201090DB
:10F530000220119001201290022013900C201490B0
:10F5400010A9CE48F4F748FD2020109010A9CB4810
:10F55000F4F742FD1020109010A9C848F4F73CFDC4
:10F560004FF40050109010A9C448F4F735FD202046
:10F5700010900120119010A9C148F4F72DFD00F062
:10F5800011FAC048C0490860C0484860002088603F
:10F590000021BD48C16001611021416100218161EC
:10F5A000C16101624FF480514162002181624FF4D8
:10F5B0008041C1620021016341634FF48011816386
:10F5C0000F20099000200A904E200B9000200F90F1
:10F5D0000F200290002003900F200490002008903C
:10F5E00002AA09A9A848F7F7EBFD3220FAF70CF9AF
:10F5F000D32000F0C1FC00F0FDF99E49888000F0A6
:10F60000F9F99C49888000F0F5F99A498880084604
:10F6100080884FF6FF7101EA00209649888000F04B
:10F62000E9F9944989880843924988800846808886
:10F6300049F2413188427CD0042000F09DFC00F06A
:10F64000D9F98C49888000F0D5F98A49888000F082
:10F65000D1F988498880084680884FF6FF7101EA11
:10F6600000208449888000F0C5F9824989880843D0
:10F67000804988800846808848F25251884203D1E8
:10F6800047F289707B4988807A48808847F289717F
:10F690008842D0D0D42000F06FFC00F0ABF975495F
:10F6A000888000F0A7F97349888000F0A3F97149B8
:10F6B0008880084680884FF6FF7101EA00206D4976
:10F6C000888000F097F96B498988084369498880E8
:10F6D0000846808845F210318842ACD0D32000F033
:10F6E0004BFC00F087F96349888000F083F9614999
:10F6F000888000F07FF95F498880084680884FF64F
:10F70000FF7101EA00205B49888000F073F95949D4
:10F7100089880843574988800846808847F296714F
:10F72000884288D055214FF4704000F03BFCAA215C
:10F7300000E07EE04FF2010000F034FC52214FF275
:10F74000020000F02FFC08214FF2030000F02AFC19
:10F7500001214FF2040000F025FC4FF4454000F079
:10F760000BFC00F047F943498880084680884FF633
:10F77000FF7101EA00203F4988804CF2015000F0FF
:10F78000FBFB00F037F93B498988084339498880F9
:10F790000520FAF739F83748808845F21051884239
:10F7A00047D0D32000F0E8FB00F024F931498880ED
:10F7B00000F020F92F49888000F01CF92D4988803D
:10F7C000084680884FF6FF7101EA002029498880A9
:10F7D00000F010F92749898808432649888008469F
:10F7E000808849F60601884223D0A12000F0C4FB9E
:10F7F00000F000F91F49888000F0FCF81D4988805E
:10F80000084680884FF6FF7101EA00201949888078
:10F8100000F0F0F81749898808431649888008469F
:10F82000808845F26171884203D141F66310114925
:10F8300088801048818816A0F9F7FEFB0D48808863
:10F8400047F28971884202D1FFF728FC4CE0094851
:10F85000808849F24131884202D1FDF7BBF943E08B
:10F860000448808845F21031884217D1FDF768FCC2
:10F870003AE0000000030024E0440258000C025863
:10F880000004025800400052B40200240441005217
:10F890004C43442049443A25780D0A003E4880886C
:10F8A00047F29671884202D1FFF7CCFC1CE03A483F
:10F8B000808845F21051884202D1FEF7BAFB13E06E
:10F8C0003548808849F60601884202D1FDF798FA4A
:10F8D0000AE03148808841F66311884204D1FFF77D
:10F8E00026FB642000F014FB2B48808849F241314C
:10F8F000884205D02848808847F28971884209D11A
:10F900000520029004902549CB6A8A68486802A9BC
:10F91000F1F792FE2048808841F66311884209D1B0
:10F920000720029004901D49CB6A8A68486802A9A2
:10F93000F1F782FE1848808845F21031884211D0D4
:10F940001548808845F2105188420BD012488088B3
:10F9500047F29671884205D00F48808849F6060123
:10F96000884209D10320029004900C49CB6A8A682E
:10F97000486802A9F1F760FE0020FDF749F800BFD2
:10F98000012220210648F4F737FC00BF4FF6FF7034
:10F99000FDF71AF815B000BD00030024B4020024DE
:10F9A000000402581FB5F4F7C3FE01208DF80000D3
:10F9B00000208DF801004FF0C04001901B208DF811
:10F9C000080000208DF809008DF80A0003208DF84A
:10F9D0000B0000208DF80C008DF80D008DF80E0046
:10F9E00001208DF80F006846F4F774FE0420F4F748
:10F9F000B5FE1FBD08B5034800880090BDF80000A3
:10FA000008BD000000000860F0B50546002400278E
:10FA10008B488079012805D18948808841F6631197
:10FA2000884208D186488079F0B98548808841F6B7
:10FA30006311884218D1082D15D2DFE805F00406BD
:10FA4000080A0C0E101206250DE007250BE0042510
:10FA500009E0052507E0012505E0002503E0032571
:10FA600001E0022500BF00BF082D1CD2DFE805F031
:10FA70000406090C0F12151800BF14E044F08004AE
:10FA800011E044F040040EE044F0C0040BE044F008
:10FA9000200408E044F0600405E044F0A00402E023
:10FAA00044F0E00400BF00BF36276548808845F277
:10FAB0001051884200D13F026148808849F24131AB
:10FAC00088420BD05E48808847F28971884205D011
:10FAD0005B48808847F29671884201D144F008045F
:10FAE0002146384600F05EFA5548808841F6631199
:10FAF00088421DD004F0200068B151480088504968
:10FB00004988884214DA4E48068840884C49088063
:10FB1000084646800CE04A4800884949498888429E
:10FB200006DD4748068840884549088008464680E3
:10FB30004348808845F21051884252D14049488953
:10FB400000F01AFA002000F00BFA3D494989491CDF
:10FB500088B200F011FA002000F002FA3849498911
:10FB6000891C88B200F008FA35490988491EC1F39A
:10FB70000F2000F0F5F932494989C91C88B200F01C
:10FB8000FBF92F490978491EC8B200F0E9F92C4960
:10FB9000888900F0F1F9002000F0E2F9284989890C
:10FBA000491C88B200F0E8F9002000F0D9F9244996
:10FBB0008989891C88B200F0DFF921494988491EEA
:10FBC000C1F30F2000F0CCF91D498989C91C88B206
:10FBD00000F0D2F91A498978491EC8B200F0C0F97C
:10FBE0002DE01749488900F0C7F9002000F0B8F966
:10FBF000002000F0B5F912490988491EC1F30F2011
:10FC000000F0AEF90E490978491EC8B200F0A8F913
:10FC10000B49888900F0B0F9002000F0A1F900201C
:10FC200000F09EF906494988491EC1F30F2000F0F3
:10FC300097F903498978491EC8B200F091F9F0BDDF
:10FC40000003002410B502460C464548808841F662
:10FC50006311884247D142488079A8B9404800885A
:10FC6000401E801A82B23E49488900F085F9002082
:10FC700000F076F9002000F073F9101200F070F92E
:10FC8000D0B200F06DF916E03549488900F074F9FA
:10FC9000101200F065F9D0B200F062F9304909881D
:10FCA000491EC1F30F2000F05BF92D490978491E68
:10FCB000C8B200F055F92A49888900F05DF9201290
:10FCC00000F04EF9E0B200F04BF925494988491E91
:10FCD000C1F30F2000F044F921498978491EC8B2C8
:10FCE00000F03EF93AE01E48808845F21051884203
:10FCF00020D11B49488900F03FF9101200F030F97B
:10FD000017494989491C88B200F036F9D0B200F091
:10FD100027F91349888900F02FF9201200F020F903
:10FD20000F498989491C88B200F026F9E0B200F039
:10FD300017F913E00A49488900F01EF9101200F083
:10FD40000FF9D0B200F00CF90549888900F014F9D8
:10FD5000201200F005F9E0B200F002F910BD000039
:10FD6000000300242DE9FC5F80460E4615461C4624
:10FD7000B3460020019000902046E31704EB537334
:10FD8000DB1021464FEAE47C04EB5C7C4FEAEC0C90
:10FD9000A4EBCC0CBCF1000F02D04FF0010C01E041
:10FDA0004FF0000C6344224604EBD27C4FEA6C0C0B
:10FDB00003FB0CF3DBB20193A5F12000C5B20C2CC0
:10FDC00006D0102C0BD0182C0ED0202C18D112E0FD
:10FDD00005EB45002D4901EB8000009012E02C4816
:10FDE00000EB051000900DE005EBC500294901EB83
:10FDF0008000009006E0284800EB8510009001E0AC
:10FE0000BDE8FC9F00BF00273AE0009810F807907B
:10FE10004FF0000A2EE009F0800028B1314640463C
:10FE20000D9AFCF7BDFE07E00C9828B91B48314637
:10FE300002684046FCF7B4FE4FEA49604FEA106999
:10FE4000701C86B216484088B04200DCD8E7A6EBAA
:10FE50000B00A0420AD15E4608F101001FFA80F8AB
:10FE60000F480088404500DCCAE706E00AF10100BF
:10FE700000F0FF0ABAF1080FCDDB00BF781CC7B253
:10FE800001988742C1DB00BFBAE7000028AB010838
:10FE90009CAF01088CB50108E8C2010824000024C9
:10FEA000000300242DE9FC5F04460D469046994668
:10FEB000DDE90D7A0C9E04F0FF0B08EB04001FFA3D
:10FEC00080F809EB05001FFA80F917E0444502DBD2
:10FED0005C46A81985B24D4500DB15E00020CDE950
:10FEE000000A3A78334629462046FFF73BFF304662
:10FEF00006EBD07104EB61018CB27F1C38787E2850
:10FF000002DC38782028E1DA00BFBDE8FC9F000061
:10FF100000B50246BE2000F02FF8052000F020F8C2
:10FF200000EE102AB8EE400B9FED0B1B20EE010BEC
:10FF3000BCEEC00B10EE101A88B200F011F80120D0
:10FF400000F00EF8FF2000F00BF8002000F008F899
:10FF5000002000F005F800BD66666666666604402F
:10FF600001B5BDF800000090BDF80000014908800F
:10FF700008BD00000000086001B5BDF80000009059
:10FF8000BDF800000149088008BD0000FEFF0760C1
:10FF900002480089024908807047000000030024DD
:10FFA000FEFF0760024A1080921C1180704700001B
:10FFB000FEFF076000B587B000BF00BF1E480068A5
:10FFC00040F002001C4908600846006800F002008A
:10FFD000019000BF00BF00BF00BF00BF084600681F
:10FFE00040F0100008600846006800F01000019022
:10FFF00000BF00BF00BF02200290012003900490C8
:020000040801F1
:10000000059002A90D48F3F7E7FF0120029002A92D
:100010000A48F3F7E1FF00BF012202210748F4F785
:10002000EBF800BF00BF012211460448F4F7E4F8E2
:1000300000BF07B000BD0000E044025800040258B1
:100040002DE9F0419AB00446002500260027A84675
:10005000642101A8F0F7B1F9FAF7D6FD062084F87B
:100060002C004E48007884F826004C484178272020
:1000700001554A488178282001554848C1782920EF
:100080000155464801792A200155444841792B20E1
:10009000015540F2DC50A08494F82D0040F00E0091
:1000A00084F82D0000BF0CE0C5EB851000EBC510F7
:1000B0003B4901EBC002002329463A48F3F723FAF3
:1000C0006D1C042DF0D3384802F014F93421374860
:1000D000F0F773F92120354908604FF4403048614A
:1000E0000020086132493348F9F7F0FD3148F9F74B
:1000F00027FD3048F9F701FE4FF4FA60F9F784FB69
:100100002C48F9F7E5FC0646701D30B9204602F090
:10011000B9FC204602F096FC1FE0022E06D0032E0A
:1001200009D0042E0BD0052E11D10DE04FF400574D
:100130004FF4804810E000274FF480480CE04FF463
:1001400000574FF0000807E00027B84604E04FF4DE
:1001500000574FF4804800BF00BF01A91148F3F7D2
:10016000F2F90797CDF8188001A90E48F3F7ECFDD6
:100170000C48F3F737FE204602F0C0FC204602F0A0
:100180009DFC02E00CA0F8F757FF18480088FAF72A
:1001900055FE0028F6D01AB0BDE8F0819CA30724D4
:1001A000000204307404002400DC01082CA207249F
:1001B0002401002460A207244D4355D3EB50485935
:1001C000D0BEC6ACCDA8D0C5CAA7B0DCA3ACC7EB27
:1001D000BCECB2E9B5E7C2B7BBF2D5DFD4B4C2EB31
:1001E000A3A1A3A1A3A1A3A10D0A0000380000248C
:1001F000F0B58FB007460026002002900025302180
:1002000003A8F0F7DAF800BF0CE0681C00EB400030
:1002100003A901EB800005EB450103AA02EB810174
:1002200088606D1C032DF0D32A48F3F79FFB00284C
:100230004DD003A92748F3F771FA02A92548F3F72F
:10024000CDFA2448F3F71EF9DDE90210002926DD76
:1002500000F01F0C0CEB0102034600BF00BF00BF03
:10026000BFF34F8F00BF00BF00BF00BFDFF868C003
:10027000CCF800302033203A002AF7DC00BF00BF62
:1002800000BFBFF34F8F00BF00BF00BF00BF00BF64
:1002900000BFBFF36F8F00BF00BF00BF00BF00BF34
:1002A0000E4802F04FF8044674B10D4820610298E0
:1002B00080B20399CDE90010029881B22346412211
:1002C000002002F051FE064630460FB0F0BD00207F
:1002D000FBE70000740400245CEF00E000DC010890
:1002E0004D3501082DE9F0418CB080460E460024C2
:1002F000002730216846F0F760F8354629E0042CE5
:1003000004D36FF00B000CB0BDE8F08104EB4401A6
:1003100068684DF82100688904EB44016A4602EBE5
:100320008101486054B104EB4400694601EB80014F
:10033000601E00EB400002EB80008160286830B94D
:10034000002004EB44016A4602EB81018860641CD2
:100350002D68002DD3D1308904494860C1F808D0F8
:1003600014220348F3F784FD3846CCE72CA2072477
:100370007404002418B5044606480094008B401EFF
:1003800083B20448C08A401E82B20021084600F0B1
:1003900059F818BD5404002470B5B0B006460C4698
:1003A00015464FF0005001900A940B9602210C91D3
:1003B0000D910E9501A8F5F765F910B9002030B040
:1003C00070BD0120FBE700000949487530B98988F4
:1003D000074AD18211460988118308E0012806D115
:1003E00003490988024AD1821146898811837047DE
:1003F0005404002470B5114B5B7D6BB10F4BDB696E
:100400000E4D2D6805FB01056B430C4D2D7D0C4EEB
:1004100056F82550EA520FE0084B1D685B681B1A1E
:100420005B1E05FB0313054DED696B43034D2D7DED
:10043000034E56F82550EA5270BD000054040024C3
:100440002C0000242DE9F84F04460D461E464FF0BF
:10045000000CDFF8749199F81590B9F1000F04D0F1
:1004600020462946134637462DE0DFF85C91D9F83F
:100470000490914507D8DFF85091B9F80490A9F19C
:1004800001091FFA89F2DFF84091D9F80490A145DB
:1004900007D8DFF83491B9F80490A9F101091FFADF
:1004A00089F42846DFF82091D9F80490A9EB0209D5
:1004B000A9F101013346DFF81091D9F80490A9EBB6
:1004C0000409A9F10107DFF80091B9F80090A3EB46
:1004D000000A0AF1010AA9EB0A091FFA89F8DFF8F4
:1004E000E89099F81490DFF8E4A05AF82990DFF822
:1004F000D8A0DAF81CA0DFF8D0B0DBF800B00BFB16
:10050000010B0AFB0B9E00BFDFF8C490D9F80090E6
:1005100049F01009DFF8B8A0CAF80090D146D9F820
:10052000009009F01009CDF8009000BF00BFDFF87F
:10053000A490D9F8009029F00109DFF898A0CAF832
:1005400000904FF44039CAF800904FF00209CAF801
:100550003490D146C9F84080C9F83CE0A7EB0109C6
:1005600009F10109A3EB000A0AF1010A49EA0A4963
:10057000DFF860A0CAF84490DDF82890CAF83890F7
:10058000D146D9F8009049F00109CAF8009005E079
:100590000CF1010CBCF5001F00D308E0DFF834902B
:1005A000D9F8049009F00209B9F1000FF0D000BFAA
:1005B000DFF82090D9F8089049F00209DFF814A07C
:1005C000CAF80890BDE8F88F540400242C000024D9
:1005D000D4440258001000521FB5002400F0A6F9C0
:1005E000044644F24230844218D14FF4F0709D49E1
:1005F00008604FF4887048600120088148812820F5
:1006000088810820C881052008820820488221228C
:1006100019214FF49670FFF7BFFE7EE047F2840089
:10062000844218D14FF448708E4908604FF4F0703E
:1006300048600120088148812E2088811720C881C8
:10064000D220088216204882092219214FF4967080
:10065000FFF7A2FE61E047F21600844219D14FF481
:100660008060804908604FF416704860142008814B
:10067000032048818C2088811420C881A020088212
:100680000C204882062219214FF49670FFF784FE51
:1006900043E047F21800844207D14FF4A06071494B
:1006A00008604FF44870486037E044F28430844278
:1006B00019D14FF448706B4908604FF4F0704860EE
:1006C0005820888128200882302008812020C88175
:1006D0000D20488203204881092219214FF4967089
:1006E000FFF75AFE19E041F21800844215D14FF489
:1006F000A0605C4908604FF4487048608C20888195
:100700000A2008820881C881488203204881062285
:1007100019214FF49670FFF73FFE52480088524966
:10072000088050488088488002204E49C8614F4860
:100730004F4908604F485049086000204860002138
:100740004D488160C16000204B4981F8A10041F211
:100750001800844204D14FF080514748016102E003
:100760000021454801613F480089401E42494861D7
:100770003C484089401E88613A4800893949898946
:100780000844401E3C49C861364840893549C989FA
:100790000844401E38490862324800893149898935
:1007A0000844304909680844401E334948622D48CE
:1007B00040892C49C98908442A4949680844401E8F
:1007C0002D49886227480089264989890844254996
:1007D000096808442349098A0844401E2649C8621A
:1007E000204840891F49C98908441E49496808446E
:1007F0001C49498A0844401E1F49086300211E48BD
:1008000080F8361080F8351080F83410F3F79EFD2C
:10081000002007210622CDE90002CDE9021014488C
:10082000FF2302220168002000F02AF80D4880888A
:1008300080B200900B48008883B200221146104617
:1008400000F05CF8002000F0D9F800BF0122202160
:100850000A48F3F7D1FC00BF4FF0FF30FFF78AFDE5
:100860001FBD00005404002400030024000000C049
:100870002C000024001000504403002400040258FF
:100880002DE9F04F8DB005460E4617469846DDE936
:1008900017ABDDF85890199C002000900290154885
:1008A000006801901348406803900497CDF81480C5
:1008B000CDF818904FEA0A2007904FEA0B200890D5
:1008C00009960C4800680A900A4840680B9000207E
:1008D00001148DF8321001128DF83110E0B28DF84C
:1008E00030002A4669460448F3F700FD0DB0BDE824
:1008F000F08F000054040024440300242DE9F0414B
:1009000004460E4617461D46DDF8188023463A4633
:1009100031460548F3F772FE23464246294602480F
:10092000F3F7A2FEBDE8F0814403002410B586B0C1
:10093000002400BF2E48006840F040002C490860A9
:100940000846006800F04000009000BF00BF00BFF4
:100950000846006840F4807008600846006800F4AB
:100960008070009000BF00BF4020019000200290E6
:10097000012003900320049001A91E48F3F72CFBEB
:100980008420019001A91C48F3F726FB0220F8F708
:1009900055FF40211748F3F71DFC04460421164873
:1009A000F3F718FC44EA4000C4B280211248F3F780
:1009B00011FC44EA8000C4B2062C17D2DFE804F030
:1009C00003070A0D101344F2423006B010BD47F27F
:1009D0008400FAE747F21600F7E747F21800F4E759
:1009E00044F28430F1E741F21800EEE70020ECE732
:1009F000E0440258001802580020025801490875C6
:100A00007047000054040024C0218171A822C271E3
:100A10000122027286224272B8210170AE21417019
:100A20001D2181700021C1700421017100214171DB
:100A3000C0218172A822C272012202731E22427357
:100A4000FF218173FF22C273027400224274C0210D
:100A50008174A822C2740122027542750021817539
:100A60007047000030B587B09C48FFF7CDFFFAF71C
:100A7000CBF800F09DFB9948807A01069748C07A30
:100A800041EA00419548007B41EA00209349497BB7
:100A9000084302069148807A01069048C07A41EAEC
:100AA00000418E48007B41EA00208C49497B084385
:100AB00000F47F4042EA00228848807A0106874895
:100AC000C07A41EA00418548007B41EA0020834921
:100AD000497B084300F47F0042EA10227F48807A75
:100AE00001067E48C07A41EA00417C48007B41EA29
:100AF00000217A48407B014342EA11600690774822
:100B0000807B01067548C07B41EA00417348007C48
:100B100041EA00207149497C084302066F48807B06
:100B200001066E48C07B41EA00416C48007C41EA06
:100B300000206A49497C084300F47F4042EA0022D1
:100B40006648807B01066548C07B41EA00416348F6
:100B5000007C41EA00206149497C084300F47F00A1
:100B600042EA10225D48807B01065C48C07B41EA76
:100B700000415A48007C41EA00205849497C08431A
:100B800042EA106005905548807C01065348C07CBD
:100B900041EA00415148007D41EA00204F49497D2A
:100BA000084302064D48807C01064C48C07C41EA5F
:100BB00000414A48007D41EA00204849497D0843F8
:100BC00000F47F4042EA00224448807C010643480A
:100BD000C07C41EA00414148007D41EA00203F4994
:100BE000497D084300F47F0042EA10223B48807CA4
:100BF00001063A48C07C41EA00413848007D41EA9C
:100C000000203649497D084342EA10600490334889
:100C1000407932490979314AD278CDE900210290F0
:100C20002E488378427801782DA0F8F705FA2B48F2
:100C3000407B00902948037BC27A817A37A0F8F77D
:100C4000FBF92648407C00902448037CC27B817BD2
:100C50003FA0F8F7F1F92148407D00901F48037D3F
:100C6000C27C817C47A0F8F7E7F9FF201B49887513
:100C700051485249002204ABCDE90021029005AA57
:100C800006A94F4801F0ACFC054615B9012007B094
:100C900030BD4B4801F0D0FE494800F0D3FA494935
:100CA000474801F0ECFE00BF0120FAF7C7F8C4B2D4
:100CB0004FF47A70F8F7A8FD04F00400042803D17B
:100CC00041A0F8F7B9F902E047A0F8F7B5F904F048
:100CD00004000028E8D00020D9E700009CA30724E6
:100CE000E7BD91E58DA1656EE79A844D4143E59C92
:100CF000B0E59D80E4B8BA3A2E2E2E2E2E2E2E2E42
:100D00002E2E2E2E2E2E2E2E25642E25642E25647C
:100D10002E25642E25642E25640D0A00E99D99E692
:100D200080814950E59CB0E59D802E2E2E2E2E2EE2
:100D30002E2E2E2E2E2E2E2E2E2E2E2E2E2E2E2ED3
:100D40002E2E25642E25642E25642E25640D0A0082
:100D5000E5AD90E7BD91E68EA9E7A0812E2E2E2E5F
:100D60002E2E2E2E2E2E2E2E2E2E2E2E2E2E2E2EA3
:100D70002E2E2E2E2E2E25642E25642E25642E2515
:100D8000640D0A00E9BB98E8AEA4E7BD91E585B320
:100D90002E2E2E2E2E2E2E2E2E2E2E2E2E2E2E2E73
:100DA0002E2E2E2E2E2E2E2E2E2E25642E25642E09
:100DB00025642E25640D0A0081AC000855AE00089C
:100DC000B4A3072445120108E6A380E6B58BE588A5
:100DD000B0E7BD91E7BABFE5B7B2E7BB8FE68F9248
:100DE000E585A50D0A000000E6A380E6B58BE58841
:100DF000B0E7BD91E7BABFE6B2A1E69C89E68F9263
:100E0000E585A50D0A0000002DE9F04104462546C0
:100E10006868804703F042F906460D49286809686A
:100E20004718B81BB0F1004F01D3012000E00020AB
:100E300030B1296888192246064903F027FA04E0F0
:100E400022460449384603F021FABDE8F08100004B
:100E500008010024090E01082DE9FE4F4FF000099A
:100E6000C8464FF6FF70FBF7AFFD4FF478409B4943
:100E700008600846008880B299A110221346CDE987
:100E800000210290C8221E210520FFF70BF893488D
:100E9000008880B294A110221346CDE9002102906F
:100EA000C82232210520FEF7FDFF8C48008880B261
:100EB00091A110221346CDE900210290C8224621BB
:100EC0000520FEF7EFFF8548008880B28EA1102232
:100ED0001346CDE900210290C8225A210520FEF7D1
:100EE000E1FFC821002001F067FB04460CB9BDE812
:100EF000FE8F8948407B8849097BCDE900108648F0
:100F0000C37A827A85A12046F8F7A6F8734800884C
:100F100080B210210B46D222CDE90014029082212A
:100F20000520FEF7BFFF41F6907282A12046F8F738
:100F300093F86A48008880B210210B46D222CDE98E
:100F40000014029096210520FEF7ACFF05F07AFA16
:100F50000646A6B141F690727A49304603F0D2FBBC
:100F600005464DB9FF21304605F06AF982467649BB
:100F7000504603F00CFB04E04FF0010901E04FF094
:100F800001091F2055490860A2E00020FBF7B6FCCC
:100F90000746012F06D16D48006818B16B480068FC
:100FA00000F070FB6A48007800F0400040B34FF654
:100FB000FF70009067484088401E83B265480088F3
:100FC000401E82B2D2210520FEF720FA4348008855
:100FD00080B261491022CDE9002102905D4840882D
:100FE000D23883B25B4800881E3882B2D2210520F5
:100FF000FEF758FF5648007820F04000544908702A
:101000005348007800F02000002835D04248407A4C
:101010004149097ACDE900103F48C37982794FA14F
:101020002046F8F719F82D48008880B210210B46A9
:10103000E622CDE900140290AA210520FEF732FF36
:101040004FF47840254908600846008880B249A1DD
:101050001022CDE9002102903E484088BE3883B27C
:101060003C4800881E3882B2BE210520FEF71AFFD8
:101070001F201A49086013E03548007800F020006E
:1010800070B14FF6FF70009032484088401E83B226
:1010900030480088401E82B2AA210520FEF7B6F92A
:1010A000F8F726FC00F004F900F006F90220F8F742
:1010B000ABFB08F1010000F0FF08B8F1C80F07D141
:1010C0004FF0000800BF02212E48F3F78BF800BF55
:1010D000B9F1000F3FF459AF00BF08E7200000242A
:1010E00053544D3332000000544350205365727600
:1010F000657220546573740041544F4D40414C4912
:10110000454E54454B0000004B4559303A53656EEF
:1011100064206461746100009CA3072453657276A7
:1011200065722049503A25642E25642E25642E25AB
:101130006400000053657276657220506F72743AD5
:1011400025640000ECDB0108291301084401002498
:101150004001002400030024E8A30724436C6965D0
:101160006E742049503A25642E25642E25642E2560
:1011700064000000526563656976652044617461AE
:101180003A000000000402580146080601F47F42BC
:1011900040EA022001F47F0240EA122040EA116096
:1011A000704701460806000C40EA11207047000015
:1011B00008B50020009000BF6846804208D000BFFC
:1011C0000BA34FF4A972144914A0F7F735FF00BF21
:1011D00000BF00BF00BF00F057FD01F07BF801F039
:1011E0008FFB09F091FA04F02DF903F0EBF808BD3C
:1011F0002E2E5C2E2E5C4D6964646C657761726581
:10120000735C6C7769705C7372635C636F72655C4E
:10121000696E69742E6300001CDC010841737365FC
:101220007274696F6E2022257322206661696C6575
:1012300064206174206C696E6520256420696E20CD
:1012400025730A0010B5044694F82D0000F0010043
:1012500018B104A0F7F7F0FE02E00BA0F7F7ECFEE0
:1012600010BD0000546865206E6574776F726B2046
:101270006361626C6520697320636F6E6E65637471
:101280006564200D0A000000546865206E6574775F
:101290006F726B206361626C65206973206E6F747E
:1012A00020636F6E6E6563746564200D0A00000034
:1012B00010B502F0C5FE10BD10B50248F9F71EFECC
:1012C00010BD0000B4A30724F8B505460A462B4616
:1012D00000200090002103F0010636B1002A04DD51
:1012E00013F8010B8DF80100521E1C4603E034F880
:1012F000027B3944921E012AF9DC002A02DD2078A3
:101300008DF80000BDF80000014488B200EB1141E7
:1013100088B200EB114126B1C8B2C1F3072747EAF2
:10132000002188B2F8BD00002DE9F04107460C46C7
:1013300090460121204607F01DFE0C2000F0FEFC27
:101340000546002D35D0012028706C600020A86073
:101350002946204603F0D2F91849204607F08AF8BA
:101360001749204603F056FE01221649204606F092
:101370005BF81549204607F0ABFD1448007840F0B3
:10138000200012490870124804602046F8F72CFA31
:10139000207910498871A088010A0E48C1716068DF
:1013A000010C0C4801726068000E0A494872002660
:1013B00001E04FF0FF363046BDE8F081951401089A
:1013C0004114010875140108671601084001002442
:1013D000440100249CA3072470B505460C4628460A
:1013E00003F0E8F90021284603F088F90021284697
:1013F00007F06EFD0021284607F03CF80021284642
:1014000003F008FE00221146284606F00DF814B13C
:10141000204600F05BFB08480068A84204D1002089
:1014200005490860F8F7E0F90448007820F020004A
:101430000249087070BD00004401002440010024EE
:1014400070B504460D46214605A0F7F7F5FD0020CE
:101450000749086014B1204600F038FB70BD000059
:10146000746370206572726F723A25780D0A0000FD
:10147000440100242DE9F04104460D46264630780B
:10148000022803D131462846FFF7A6FF0027384639
:10149000BDE8F0812DE9FF5F83460E461446002526
:1014A00000BFBBF1000F08D100BF3BA340F20912FF
:1014B00044A147A0F7F7C0FD00BF00BFD94634B92B
:1014C000022089F80000C9F8084000275FE003986F
:1014D00028B114B1204601F071FF039F57E099F83D
:1014E0000000012848D1002C51D04FF4FA61424845
:1014F000EEF763FFA04618E0B8F80AA0C5F5FA6059
:10150000504501D2C5F5FA6ABAF1000F07D03A4A40
:1015100050195246D8F80410EEF728FF5544B5F597
:10152000FA6F00D304E0D8F80080B8F1000FE3D1DF
:1015300000BF1DB1A9B23048F8F726F92F4800784E
:1015400040F040002D49087030792D498871B088ED
:10155000010A2B48C1717068010C2948017270683A
:10156000000E274948722189304606F0F3FF2046D5
:1015700001F024FF00270AE02189304606F0EAFF47
:101580000020C9F80800204601F018FF002738465F
:1015900004B0BDE8F09F00002E2E5C2E2E5C4D693D
:1015A00064646C6577617265735C6C7769705C6CA0
:1015B0007769705F6170705C6C7769705F64656D8E
:1015C0006F2E630061726720213D204E554C4C0008
:1015D000417373657274696F6E20222573222066D1
:1015E00061696C6564206174206C696E6520256496
:1015F00020696E2025730A00E8A307244001002417
:101600009CA307242DE9F04107460C4600261FE065
:10161000A5686A8901233846696808F0FFFA06461A
:1016200086B9B5F80A802868A060A06810B1A068E3
:1016300002F06EF8284601F0C1FE4146384606F039
:1016400089FF02E0701C00B9A560384604F086FFEF
:101650003EB9A06828B1A0684089B7F864108842F4
:10166000D6DDBDE8F0812DE9F04104460D46174670
:101670002646B06818B131462846FFF7C3FF002060
:10168000BDE8F0812DE9F041064634693CB31848C5
:101690000068EEF79DFE87B24FF4C17239463620DE
:1016A00001F0BEFAA06012480068EEF791FE87B222
:1016B0003A460F49A068096802F0D0F82146304642
:1016C000FFF7A0FF0B48007820F080000949087060
:1016D000A06810B1A06801F071FE002504E030465A
:1016E00002F04EFF6FF00C052846BDE8F0810000C7
:1016F0003C0100244001002430B58BB0044604F0C6
:10170000010038B340F2CF1041A120221346CDE9A9
:1017100000210290C8220A210620FEF7C3FB40F2F6
:10172000CF103DA11822CDE9002102903F48028848
:10173000182328210620FEF7B5FB40F2CF103CA16C
:1017400010221346CDE900210290C822462106202E
:10175000FEF7A8FB04F00200002857D04FF61F0048
:1017600037A110221346CDE900210290C8226E2134
:101770000620FEF797FB3748807D02280DD13548BB
:10178000407B3449097BCDE900103248C37A827A24
:1017900031A103A8F7F760FC0CE02E48407B2D49EF
:1017A000097BCDE900102B48C37A827A2FA103A8C8
:1017B000F7F752FC4FF61F0003A910221346CDE99C
:1017C00000210290C82282210620FEF76BFBF9F768
:1017D000DDF905466DB14FF61F002AA11022134610
:1017E000CDE900210290C82296210620FEF75AFB7F
:1017F0000CE04FF61F0028A110221346CDE900216E
:101800000290C82296210620FEF74CFB0BB030BD9B
:1018100053544D33320000006C77495020546370AC
:10182000536572766572205465737400000300245A
:1018300041544F4D40414C49454E54454B000000EA
:101840006C77495020496E697420537563636573E2
:10185000736564009CA30724444843502049503AD0
:1018600025642E25642E25642E256400537461742E
:1018700069632049503A25642E25642E25642E255F
:101880006400000045746865726E6574205370656D
:1018900065643A3130304D0045746865726E657428
:1018A0002053706565643A31304D00000EB500BFBD
:1018B00004205F49086000BF00F08CFD02F020FBAF
:1018C000F2F7B8FC042302220521C02002F0EAFB53
:1018D0004FF4F070F7F78EFF4FF4E13009F0F0F8B5
:1018E00002F0FCF9FEF766FBFDF7C8FDFAF78CFF86
:1018F00002F072FA0546F7F739FF06462946F7F770
:10190000C1FF27E04FF478404AA110221346CDE9E9
:1019100000210290C822AA211E20FEF7C3FA4FF42C
:10192000FA70F7F771FF4FF4784048A11022134680
:10193000CDE900210290C822AA211E20FEF7B2FAAA
:101940004FF4FA70F7F760FF00BF02214448F2F746
:1019500049FC00BF02F01CF80028D3D100F098FD2C
:10196000012000F095FD042000F092FD0120FFF71A
:10197000C3FE1F203BA110221346CDE90021029097
:10198000C8226E210620FEF78DFA2EE01F2039A115
:1019900010221346CDE900210290C8226E210620B4
:1019A000FEF780FA4FF4FA70F7F72EFF4FF6FF704C
:1019B0004223E622322100900620FDF727FD1F205A
:1019C00031A110221346CDE900210290C8226E21D8
:1019D0000620FEF767FA4FF4FA70F7F715FF00BF1D
:1019E00001211F48F2F7FEFB00BFFFF73BF800287C
:1019F000CCD1FFF731FA0220FFF77EFE17E0FFF7A8
:101A000057FCFFF759FC0020FAF778FF0446022C38
:101A10000AD12248007800F0200018B120A0F7F782
:101A20000BFB01E0FFF718FA0A20F7F7EDFEE6E7F7
:101A30009CEF00E0504346383537342043686563F7
:101A40006B204661696C656421000000506C656123
:101A5000736520436865636B2120202020202000CF
:101A6000000402586C77495020496E697420212186
:101A7000000000006C77495020496E69742066614F
:101A8000696C6564212100005265747279696E6722
:101A90002E2E2E2020202020202000004001002477
:101AA000544350E8BF9EE68EA5E5B7B2E7BB8FE58D
:101AB000BBBAE7AB8B2CE4B88DE883BDE9878DE535
:101AC000A48DE8BF9EE68EA50D0A000070B5054600
:101AD00005B970BD05F0030000280DD000BF00BFA0
:101AE0002BA340F2732234A13CA0F7F7A5FA00BF64
:101AF00000BF00BF00BFECE7A5F108044148006843
:101B0000844205D305F10C003F49096888420DD98C
:101B100000BF00BF1EA340F27F223CA12FA0F7F719
:101B20008BFA00BF00BF00BF00BFD2E720790028BA
:101B30000DD100BF00BF16A34FF423723AA127A016
:101B4000F7F77AFA00BF00BF00BF00BFC1E7204629
:101B500000F0C8F800280DD100BF00BF0CA340F270
:101B600095223BA11DA0F7F767FA00BF00BF00BF99
:101B700000BFAEE70020207142480068844201D2D5
:101B800040480460204601F071FF00BFA1E700005B
:101B90002E2E5C2E2E5C4D6964646C6577617265D7
:101BA000735C6C7769705C7372635C636F72655CA5
:101BB0006D656D2E630000006D656D5F6672656515
:101BC0003A2073616E69747920636865636B206184
:101BD0006C69676E6D656E7400000000417373651B
:101BE0007274696F6E2022257322206661696C65AC
:101BF00064206174206C696E6520256420696E2004
:101C000025730A0080000024840000246D656D5F48
:101C1000667265653A20696C6C6567616C206D65FC
:101C20006D6F7279000000006D656D5F66726565AD
:101C30003A20696C6C6567616C206D656D6F7279B7
:101C40003A20646F75626C652066726565000000FD
:101C50006D656D5F667265653A20696C6C6567617C
:101C60006C206D656D6F72793A206E6F6E2D6C69A8
:101C70006E6B65643A20646F75626C652066726590
:101C8000650000008800002410B500BF00BF1148A7
:101C900020F0030010490860084604684FF43840FB
:101CA00020800020608020714FF4384002F00EF850
:101CB0000A4908600120096808714FF43840074953
:101CC0000968088005490968488003480068044994
:101CD000086010BD5BAB0624800000248400002453
:101CE000880000242DE9F0410446204600F076F9F2
:101CF0000546208801F0EAFF0646608801F0E6FF0D
:101D000007462088B0F5384F10D86088B0F5384FB6
:101D10000CD86088A84202D03888A84206D106486C
:101D20000068864205D07088A84202D00020BDE835
:101D3000F0810120FBE70000840000242DE9F0473A
:101D40008146B9F1000F02D10020BDE8F08709F10A
:101D5000030020F0030085B20C2D00D20C25B5F550
:101D6000384F01D84D4501DA0020EEE758480068A9
:101D700000F034F90646A3E0304601F0A7FF044620
:101D8000207900287ED1218806F10800081AA8428F
:101D900078D3218806F10800091A05F11400814260
:101DA00029D306F1080028441FFA80F800BFB8F5CF
:101DB000384F08D100BF47A340F287324FA154A04B
:101DC000F7F73AF900BF00BF404601F07FFF074632
:101DD00000213971218839807E80A4F8008001209B
:101DE00020713888B0F5384F07D0388801F06EFF81
:101DF000A0F8028001E0012020713548006884428B
:101E000027D13348D0F800A004E0BAF8000001F070
:101E10005DFF82469AF8040018B147480068824581
:101E2000F3D12B48C0F800A000BF00684249096800
:101E300088420CD026480068007940B100BF25A335
:101E400040F2B5323DA132A0F7F7F6F800BF00BF6F
:101E500000BF00BF04F108002844374909688842E0
:101E600008D900BF1BA340F2B9323BA128A0F7F765
:101E7000E3F800BF00BF00BF04F0030050B100BF93
:101E800014A300E018E040F2BB323FA120A0F7F716
:101E9000D3F800BF00BF00BF04F0030040B100BF93
:101EA0000CA340F2BD3244A119A0F7F7C5F800BF5A
:101EB00000BF04F1080048E7304601F007FF06883C
:101EC000C5F53840B0423FF657AF00203DE700006F
:101ED000880000242E2E5C2E2E5C4D6964646C6597
:101EE00077617265735C6C7769705C7372635C6355
:101EF0006F72655C6D656D2E63000000696E7661C2
:101F00006C6964206E657874207074720000000043
:101F1000417373657274696F6E2022257322206687
:101F200061696C6564206174206C696E652025644C
:101F300020696E2025730A00840000246D656D5FA2
:101F40006D616C6C6F633A20216C667265652D3E25
:101F500075736564000000006D656D5F6D616C6C8C
:101F60006F633A20616C6C6F6361746564206D65AA
:101F70006D6F7279206E6F742061626F766520726A
:101F8000616D5F656E642E006D656D5F6D616C6C7B
:101F90006F633A20616C6C6F6361746564206D657A
:101FA0006D6F72792070726F7065726C7920616CE0
:101FB00069676E65642E00006D656D5F6D616C6CA8
:101FC0006F633A2073616E69747920636865636B2F
:101FD00020616C69676E6D656E7400000146024891
:101FE0000088081A80B27047800000242DE9F84F5D
:101FF00081468B460BF1030020F0030085B20C2DC7
:1020000000D20C25B5F5384F01D85D4502DA002025
:10201000BDE8F88F00BF56480068814503D3554896
:102020000068814508D300BF53A340F2D1225CA1D0
:1020300061A0F7F701F800BF00BF4D480068814577
:1020400003D34C480068814503D300BF00BF484616
:10205000DEE7A9F108063046FFF7C0FF07463188E2
:10206000C81B08381FFA80FA00BF554508DD00BFBD
:1020700041A34FF439725AA14FA0F6F7DDFF00BF1C
:1020800000BF554501DD0020C2E7554501D1484656
:10209000BEE7308801F01AFE04462079002833D1CB
:1020A00000BF3088B0F5384F08D100BF32A340F2EE
:1020B000F52253A140A0F6F7BFFF00BF00BF208864
:1020C000009007F1080028441FFA80F85148006882
:1020D000A04204D1404601F0F9FD4E490860404657
:1020E00001F0F4FD044600202071009820806780F4
:1020F000A6F800802088B0F5384F04D0208801F081
:10210000E5FDA0F8028031E005F1140050452DD81E
:1021100007F1080028441FFA80F800BF3088B0F5A6
:10212000384F08D100BF14A340F2163234A122A0C8
:10213000F6F782FF00BF00BF404601F0C7FD04462E
:1021400034480068844201D2324804600020207183
:10215000308820806780A6F800802088B0F5384F4E
:1021600004D0208801F0B2FDA0F8028048464FE775
:1021700080000024840000242E2E5C2E2E5C4D69ED
:1021800064646C6577617265735C6C7769705C73AD
:1021900072635C636F72655C6D656D2E6300000039
:1021A0006D656D5F7472696D3A206C6567616C2056
:1021B0006D656D6F72790000417373657274696F3C
:1021C0006E2022257322206661696C65642061742B
:1021D000206C696E6520256420696E2025730A00D5
:1021E0006D656D5F7472696D2063616E206F6E6CDA
:1021F0007920736872696E6B206D656D6F727900FE
:10220000696E76616C6964206E6578742070747292
:10221000000000008800002470B504460D4600BF91
:10222000092C00DB70BD00BF05B9FBE7034951F87D
:1022300024002946F7F7A4FB00BFF3E75CDB0108A5
:1022400070B504460D4600BF44B900BF08A340F274
:10225000951211A115A0F6F7EFFE00BF00BF04B163
:1022600005B970BD29462046F7F78AFB00BFF8E79D
:102270002E2E5C2E2E5C4D6964646C6577617265F0
:10228000735C6C7769705C7372635C636F72655CBE
:102290006D656D702E630000696E76616C696420F7
:1022A000706F6F6C20646573630000004173736529
:1022B0007274696F6E2022257322206661696C65D5
:1022C00064206174206C696E6520256420696E202D
:1022D00025730A0010B5002406E0054951F82400D2
:1022E00000F008F8601C84B2092CF6D310BD000081
:1022F0005CDB010810B50023846823604368DB1CA5
:1023000023F00301002207E083681B680B608368E9
:10231000196003881944521C43889342F4DC10BDB1
:1023200070B5044600BF092C01DB002070BD00BF62
:10233000034951F82400F7F775FB05462846F5E7F1
:102340005CDB010810B5044600BF44B900BF08A318
:102350004FF49E7210A115A0F6F76EFE00BF00BFED
:102360000CB9002010BD2046F7F75CFBFAE700002F
:102370002E2E5C2E2E5C4D6964646C6577617265EF
:10238000735C6C7769705C7372635C636F72655CBD
:102390006D656D702E630000696E76616C696420F6
:1023A000706F6F6C20646573630000004173736528
:1023B0007274696F6E2022257322206661696C65D4
:1023C00064206174206C696E6520256420696E202C
:1023D00025730A000EB501200021009103230A464F
:1023E000CDE901101921580700F022F80120002141
:1023F000009103230246CDE901101221400700F0AD
:1024000017F801200021009103230222CDE90110D9
:102410001821C80600F00CF80120002100910323C8
:102420001A46CDE901101B21C00700F001F80EBDCE
:102430002DE9FF4704460D4616461F46DDE90D9A75
:10244000DDF83080F2F774F901208DF80000F0B269
:102450008DF801000194E8B28DF8080000208DF895
:1024600009008DF80A008DF80B708DF80C008DF8BE
:102470000D808DF80E908DF80FA06846F2F72AF9BE
:102480000420F2F76BF9002004B0BDE8F0870000EB
:1024900010B50446074951F824108A00064951F83E
:1024A0002400002100F07EF8012103481830015576
:1024B00010BD0000A8DA0108600000242DE9F047F3
:1024C00004460F460025A9462348005D20B922484E
:1024D00038380168204688471FB94FF0FF30BDE803
:1024E000F0871E4850F82400B7FBF0F61B4850F860
:1024F0002400B7FBF0F100FB117000B1761C184806
:1025000050F82400451E22E01348183850F82400E3
:1025100050F8250010B909F1010901E04FF0000958
:10252000B14513D14FF0000809E00B48183850F8B6
:10253000240005EB080140F8216008F10108B045CE
:10254000F3D3064850F824006843C8E76D1E002DF9
:10255000DADA4FF0FF30C2E778000024C0DA010871
:10256000A8DA010810B501460023002207E00B4855
:1025700050F8210050F8220000B15B1C521C0848A2
:1025800050F821009042F2D84FF47A705843044C2E
:1025900054F82140B0FBF4F080B210BD600000247C
:1025A000A8DA010830B5034601E003F8011B141E48
:1025B000A2F10102F9D130BD70B504460E46314694
:1025C0002046FFF77BFF0546681C08B9002070BD58
:1025D000024850F824002844F9E70000480000248D
:1025E0002DE9F05F04460E4617469846DDE90AB924
:1025F00000BF14B90020BDE8F09F00BF00BFB9F1D3
:10260000000F01D10020F6E700BF06B93A4E07B926
:10261000394FB8F1000F01D1DFF8DC800020606095
:10262000A060E060354860610020A08484F82D003F
:10263000E061C4F820B03248007884F830000C988B
:10264000206143463A463146204600F0C5F920460F
:10265000C84708B10020CEE700BF94F83000FF283B
:1026600002D1002084F830004FF0000A25480568A8
:1026700029E000BFA54208D100BF23A34FF4C772D1
:102680002BA130A0F6F7D8FC00BF00BF0AF1010A69
:1026900000BFBAF1FF0F08DD00BF1BA34FF4C872E3
:1026A00032A128A0F6F7C8FC00BF00BF95F83000A3
:1026B00094F83010884205D194F83000401C84F81A
:1026C000300002E02D68002DD3D100BF002DC4D111
:1026D00094F83000FE2803D100200949087004E076
:1026E00094F83000401C06490870064800682060D5
:1026F0000448046020467EE7ECDB0108D12901088C
:10270000B8000024B00000242E2E5C2E2E5C4D69F3
:1027100064646C6577617265735C6C7769705C7317
:1027200072635C636F72655C6E657469662E6300CC
:102730006E6574696620616C72656164792061649C
:1027400064656400417373657274696F6E2022253D
:102750007322206661696C6564206174206C696E07
:102760006520256420696E2025730A00746F6F2030
:102770006D616E79206E65746966732C206D617869
:102780002E20737570706F72746564206E756D6243
:1027900065722069732032353500000070B504463B
:1027A0000D462946204603F0C3FD2946204608F081
:1027B0006FF970BD10B503460868DC68A04201D10E
:1027C000012000E0002030B909B9002000E00868CD
:1027D000D860012010BD0020FCE70000F8B50546D8
:1027E0000C46164600BF44B900BF19A34FF4E77268
:1027F00021A125A0F6F720FC00BF00BF00BF46B90D
:1028000000BF13A340F2CF121BA11FA0F6F714FCC8
:1028100000BF00BF20686968884201D1012000E044
:10282000002090B9206800906868306069463046A2
:10283000FFF7B4FF0CB9002000E0206868600121B8
:10284000284600F05FF80120F8BD0020FCE70000FA
:102850002E2E5C2E2E5C4D6964646C65776172650A
:10286000735C6C7769705C7372635C636F72655CD8
:102870006E657469662E6300696E76616C696420AA
:10288000706F696E74657200417373657274696FFD
:102890006E2022257322206661696C656420617454
:1028A000206C696E6520256420696E2025730A00FE
:1028B00010B5034608689C68A04201D1012000E0E1
:1028C000002030B909B9002000E0086898600120B4
:1028D00010BD0020FCE7000002466AB1074801680D
:1028E00008E091F83000401CC0B2904201D1084687
:1028F000704709680029F4D10020F9E7B0000024EE
:102900007047000070B504460D4600BF002C08D18A
:1029100000BF12A34FF45C721AA123A0F6F78CFB40
:1029200000BF00BF94F82D0000F0040020B194F81F
:102930002D0000F0010000B970BD05F0010050B19C
:10294000606840B194F82D0000F0080018B1211D16
:102950002046F7F7E1FF00BFEEE700002E2E5C2EC9
:102960002E5C4D6964646C6577617265735C6C772D
:1029700069705C7372635C636F72655C6E657469C9
:10298000662E63006E657469665F69737375655F53
:102990007265706F7274733A20696E76616C6964E7
:1029A000206E657469660000417373657274696FA7
:1029B0006E2022257322206661696C656420617433
:1029C000206C696E6520256420696E2025730A00DD
:1029D00003466FF00B0070472DE9F84F80460C4618
:1029E00015461E464FF00009CA4604B9114C05B9F8
:1029F000104D06B90F4E0CB1206808B9012000E057
:102A00000020074627B16A4621464046FFF7E6FE0A
:102A10004A4629464046FFF74BFF5246314640465C
:102A2000FFF7C8FE27B96A4621464046FFF7D6FEA3
:102A3000BDE8F88FECDB0108014908607047000031
:102A4000B400002410B5044600BF04B910BD00BF97
:102A500094F82D0000F0010078B100BF94F82D002B
:102A600000F0FE0084F82D0000BF94F82D0000F067
:102A7000080010B12046F7F75DF900BFE6E700B1A6
:102A8000C161704710B5044600BF04B910BD00BF56
:102A900094F82D0000F0040070B100BF94F82D00F0
:102AA00000F0FB0084F82D0000BF00BFE06910B10A
:102AB0002046E169884700BF00BFE7E710B504463C
:102AC00000BF04B910BD00BF94F82D0000F0040051
:102AD00090B900BF94F82D0040F0040084F82D0058
:102AE00000BF03212046FFF70DFF00BFE06910B1D2
:102AF0002046E169884700BF00BFE3E710B5044600
:102B000000BF04B910BD00BF94F82D0000F0010013
:102B100058B900BF94F82D0040F0010084F82D0052
:102B200000BF03212046FFF7EDFE00BFEAE770B5C6
:102B300004460D4600222946204600F001F870BDEB
:102B40002DE9F04704460D46904600BF44B900BF4A
:102B50001CA340F2DF1225A127A0F6F76DFA00BFF3
:102B600000BF14B1B5F5803F02D30120BDE8F08766
:102B70000DB90020FAE7AEB22089304480B2B042ED
:102B800001DA0120F2E794F80C9009F0800038B1E6
:102B90006068471B04F11000874209D20120E5E775
:102BA000B8F1000F02D06068471B01E00120DDE7AB
:102BB0006760608930446081208930442081002032
:102BC000D4E700002E2E5C2E2E5C4D6964646C658B
:102BD00077617265735C6C7769705C7372635C6358
:102BE0006F72655C706275662E6300007020213D17
:102BF000204E554C4C000000417373657274696F30
:102C00006E2022257322206661696C6564206174E0
:102C1000206C696E6520256420696E2025730A008A
:102C20002DE9FE4F82460E4690465746B8F1010FF9
:102C30000AD0B8F1410F06D0B8F5C17F0BD0B8F576
:102C4000207F7DD169E000BF42463146002000F080
:102C500031F90446ADE0002400200290B14600BFE7
:102C60000820FFF75DFB054635B914B1204600F09A
:102C7000A5FB0020BDE8FE8FF81C20F0030040F209
:102C8000F451081A80B2484501DD484606E0F81CB8
:102C900020F0030040F2F451081A80B2834600206D
:102CA000CDE9008005F110003844C01C20F003017C
:102CB0005B464A46284600F06DFC00BF287900F0CC
:102CC000030040B100BF3CA34FF4807244A150A068
:102CD000F6F7B2F900BF00BF00BFF81C20F00300F8
:102CE00040F2F451081A08D100BF33A34FF48172A7
:102CF00051A147A0F6F7A0F900BF00BF0CB92C46C0
:102D000001E0029805600295A9EB0B001FFA80F91B
:102D10000027B9F1000FA3DC4BE0F81C20F0030101
:102D2000F01C20F00300084485B205F110001FFAE2
:102D300080F9F01C20F00300A84206D8F01C00E047
:102D40002AE020F00300484501D9002092E74846D8
:102D5000FEF7F4FF04460CB900208BE70020CDE914
:102D6000008004F110003844C01C20F003013346F9
:102D70003246204600F00EFC00BF207900F0030030
:102D800040B100BF0CA34FF4917238A120A0F6F718
:102D900053F900BF00BF0CE000BF00BF06A340F224
:102DA00027123DA11AA0F6F747F900BF00BF002087
:102DB00060E700BF20465DE72E2E5C2E2E5C4D693D
:102DC00064646C6577617265735C6C7769705C7361
:102DD00072635C636F72655C706275662E6300007F
:102DE000706275665F616C6C6F633A2070627566C5
:102DF00020712D3E7061796C6F61642070726F700C
:102E000065726C7920616C69676E65640000000012
:102E1000417373657274696F6E2022257322206678
:102E200061696C6564206174206C696E652025643D
:102E300020696E2025730A00504255465F504F4F5F
:102E40004C5F42554653495A45206D757374206254
:102E50006520626967676572207468616E204D4500
:102E60004D5F414C49474E4D454E5400706275666A
:102E70005F616C6C6F633A20706275662D3E7061A5
:102E8000796C6F61642070726F7065726C7920610B
:102E90006C69676E65640000706275665F616C6C7A
:102EA0006F633A206572726F6E656F757320747907
:102EB000706500002DE9FC4107460D46144600BF31
:102EC000412C0AD0012C08D000BF0EA34FF4A572EC
:102ED00016A11BA0F6F7B0F800BF00BF0720FFF750
:102EE0001FFA064616B90020BDE8FC8100202B46DB
:102EF0002A463946CDE90040304600F04BFB3046CB
:102F0000F2E700002E2E5C2E2E5C4D6964646C6529
:102F100077617265735C6C7769705C7372635C6314
:102F20006F72655C706275662E630000696E766113
:102F30006C696420706275665F747970650000006A
:102F4000417373657274696F6E2022257322206647
:102F500061696C6564206174206C696E652025640C
:102F600020696E2025730A002DE9FC5F05460C469A
:102F700017469846DDE90C9BAA460AF1030020F0AB
:102F800003002044584502D90020BDE8FC9FB9F158
:102F9000000F06D00AF1030020F0030000EB090641
:102FA00000E000260220234622463146CDE900708B
:102FB000404600F0EFFA4046E7E7000070B50646ED
:102FC0000D4600BF06B105B970BD00BF344604E030
:102FD0002089298908442081246820680028F7D1A5
:102FE00000BF20896189884208D000BF0EA340F24B
:102FF000623217A122A0F6F71FF800BF00BF00BF82
:10300000206840B100BF08A340F2633226A11CA093
:10301000F6F712F800BF00BF2089298908442081F3
:10302000256000BFD0E700002E2E5C2E2E5C4D697F
:1030300064646C6577617265735C6C7769705C73EE
:1030400072635C636F72655C706275662E6300000C
:10305000702D3E746F745F6C656E203D3D20702D49
:103060003E6C656E20286F66206C61737420706200
:10307000756620696E20636861696E290000000032
:10308000417373657274696F6E2022257322206606
:1030900061696C6564206174206C696E65202564CB
:1030A00020696E2025730A00702D3E6E65787420AD
:1030B0003D3D204E554C4C000146002002E0421C94
:1030C00090B209680029FAD1704700002DE9F0415B
:1030D00080460E461446218932464046FFF7A0FD41
:1030E000074617B90020BDE8F0812146384600F0B8
:1030F00041F8054600BF45B100BF05A340F2465266
:103100000DA112A0F5F798FF00BF00BF3846EAE70F
:103110002E2E5C2E2E5C4D6964646C657761726541
:10312000735C6C7769705C7372635C636F72655C0F
:10313000706275662E630000706275665F636F7003
:1031400079206661696C65640000000041737365F5
:103150007274696F6E2022257322206661696C6526
:1031600064206174206C696E6520256420696E207E
:1031700025730A0070B505460C4600BF14B96FF000
:103180000F0070BD00BF228900232146284600F0B1
:1031900041F8F6E72DE9F05F8046894616461D4660
:1031A0004FF0000AD34600BFB8F1000F02D1002053
:1031B000BDE8F09F00BF00BFB9F1000F01D10020B2
:1031C000F6E700BF444620E035B16089A84203DC41
:1031D0006089281A85B217E06089401B87B2B74220
:1031E00000DD37466268511909EB0A003A46EDF7EF
:1031F000BDF80BEB07001FFA80FB0AEB07001FFA74
:1032000080FAF01B86B2002524680EB1002CDBD1B9
:103210005846CDE72DE9F05F04460D4616469A461E
:1032200057464FF0000800BF15B12889B04203DAB5
:103230006FF00F00BDE8F09F00BF00BF24B12089F0
:103240000AEB0601884202DA6FF00F00F2E700BFD6
:1032500000BF6089C01B6989A1EB0801884203D3C4
:103260006889A0EB080B02E06089A0EB070B5E45C4
:1032700001D2304600E058461FFA80F96A6802EB36
:1032800008016268D0194A46EDF770F84F44C84407
:10329000A6EB090086B200BF6089B84208D200BF21
:1032A00025A340F2FA322EA133A0F5F7C5FE00BFE8
:1032B00000BF00BF6889404508D200BF1EA340F28E
:1032C000FB3237A12CA0F5F7B7FE00BF00BF68891D
:1032D000404509D84FF000082D6800BF1DB916B150
:1032E0006FF00F00A6E700BF6089B84208D1002741
:1032F000246800BF1CB916B16FF00F009AE700BF39
:1033000055B168892989884206D100BF286810B163
:103310006FF005008EE700BF54B1608921898842B3
:1033200006D100BF206810B16FF0050082E700BF32
:10333000002E8ED100207DE72E2E5C2E2E5C4D6956
:1033400064646C6577617265735C6C7769705C73DB
:1033500072635C636F72655C706275662E630000F9
:103360006F66667365745F746F203C3D20705F7498
:103370006F2D3E6C656E0000417373657274696FEA
:103380006E2022257322206661696C656420617459
:10339000206C696E6520256420696E2025730A0003
:1033A0006F66667365745F66726F6D203C3D20705A
:1033B0005F66726F6D2D3E6C656E00002DE9F04703
:1033C000044674B900BF44B900BF35A34FF4377247
:1033D0003DA140A0F5F730FE00BF00BF0020BDE8D2
:1033E000F087002657E000BFA07B002808DC00BF64
:1033F0002BA340F2F12241A136A0F5F71DFE00BF3C
:1034000000BFA07B401E00F0FF0884F80E80B8F1DA
:10341000000F3ED12768207B00F00F05607B00F095
:103420000200002813D0A14600BFD9F8100040B90F
:1034300000BF1BA340F2FF2236A126A0F5F7FCFD3A
:1034400000BF00BF2046D9F8101088471DE0022DAC
:1034500004D121460820FEF7DFFE16E0012D04D13D
:1034600021460720FEF7D8FE0FE01DB92046FEF7E3
:103470002DFB0AE000BF00BF09A340F20F322EA1CE
:1034800014A0F5F7D9FD00BF00BF701CC6B23C46C2
:1034900000E0002400BF002CA5D130469FE70000CB
:1034A0002E2E5C2E2E5C4D6964646C6577617265AE
:1034B000735C6C7769705C7372635C636F72655C7C
:1034C000706275662E6300007020213D204E554CC1
:1034D0004C000000417373657274696F6E20222581
:1034E0007322206661696C6564206174206C696E6A
:1034F0006520256420696E2025730A007062756658
:103500005F667265653A20702D3E726566203E20CA
:103510003000000070632D3E637573746F6D5F66DD
:103520007265655F66756E6374696F6E20213D20FC
:103530004E554C4C00000000696E76616C69642049
:1035400070627566207479706500000070B504467D
:10355000254629460148FEF773FE70BD00DC0108D0
:1035600070B504460D4601222946204600F001F8B8
:1035700070BD70B505460C461646002C04DA614253
:10358000284600F00FF970BD324621462846FFF765
:10359000D7FAF8E770B5DDE904450026066041601A
:1035A0000281438104734573012686730026C67326
:1035B00070BD00002DE9F04106460F4600BF46B938
:1035C00000BF2CA34FF4CC7234A13AA0F5F734FD20
:1035D00000BF00BF3089B84201DCBDE8F08130890E
:1035E000C01B1FFA80F83D46344613E06089281A54
:1035F00085B22089A0EB08002081246800BF44B96F
:1036000000BF1CA340F2AF1234A12AA0F5F714FDAD
:1036100000BF00BF6089A842E8DB207B00F00F00FC
:1036200000281BD16089A84218D0607B00F00200FE
:10363000002813D1A088001B284481B22046FEF741
:10364000D5FC044600BF44B900BF0AA340F2BD1236
:1036500028A118A0F5F7F0FC00BF00BF65816089C4
:103660002081206810B12068FFF7A8FE00202060AC
:1036700000BFB2E72E2E5C2E2E5C4D6964646C6533
:1036800077617265735C6C7769705C7372635C639D
:103690006F72655C706275662E630000706275669D
:1036A0005F7265616C6C6F633A207020213D204E23
:1036B000554C4C00417373657274696F6E202225FE
:1036C0007322206661696C6564206174206C696E88
:1036D0006520256420696E2025730A007062756676
:1036E0005F7265616C6C6F633A207120213D204EE2
:1036F000554C4C006D656D5F7472696D2072657418
:1037000075726E65642071203D3D204E554C4C0015
:1037100010B50446002C12D000BFA07B401CA07343
:1037200000BF00BFA07B002808DC00BF04A340F25C
:1037300042320DA111A0F5F77FFC00BF00BF10BD04
:103740002E2E5C2E2E5C4D6964646C65776172650B
:10375000735C6C7769705C7372635C636F72655CD9
:10376000706275662E630000706275662072656611
:10377000206F766572666C6F770000004173736529
:103780007274696F6E2022257322206661696C65F0
:1037900064206174206C696E6520256420696E2048
:1037A00025730A002DE9F04104460D4600BF44B9D7
:1037B00000BF13A340F24B221BA11EA0F5F73CFC57
:1037C00000BF00BF14B1B5F5803F02D30120BDE8B2
:1037D000F0810DB90020FAE7AEB200BF6089B042B7
:1037E00001DA0120F3E700BF676860682844606081
:1037F0006089801B60812089801B20810020E6E792
:103800002E2E5C2E2E5C4D6964646C65776172654A
:10381000735C6C7769705C7372635C636F72655C18
:10382000706275662E6300007020213D204E554C5D
:103830004C000000417373657274696F6E2022251D
:103840007322206661696C6564206174206C696E06
:103850006520256420696E2025730A002DE9F04754
:1038600004468846164637464FF0000A00BF1CB98A
:103870006FF00F00BDE8F08700BF00BFB8F1000F88
:1038800002D16FF00F00F5E700BF00BF2089B04202
:1038900002DA4FF0FF30EDE700BF2CB1B8F1000FB6
:1038A00002D02089B04202DA6FF00F00E2E725462D
:1038B0001BE000BF45B900BF15A340F2DF421EA1C7
:1038C00023A0F5F7B9FB00BF00BFB946688948459A
:1038D00001D2B5F80A9008EB0A014A466868ECF78D
:1038E00045FDA7EB0907CA442D68002FE1D100BFB1
:1038F0000FB9B24508D000BF05A340F2EA421EA1AD
:1039000013A0F5F799FB00BF00BF0020B2E700004D
:103910002E2E5C2E2E5C4D6964646C657761726539
:10392000735C6C7769705C7372635C636F72655C07
:10393000706275662E630000706275665F74616BFD
:10394000653A20696E76616C696420706275660004
:10395000417373657274696F6E202225732220662D
:1039600061696C6564206174206C696E65202564F2
:1039700020696E2025730A00646964206E6F7420CC
:10398000636F707920616C6C206461746100000069
:1039900010B586B0002400BF00BF1648006840F094
:1039A0000200144908600846006800F00200009018
:1039B00000BF00BF00BF4FF4805001900020029074
:1039C000012003900320049001A90B48F0F704FBA9
:1039D000F7F7C4FCF7F782FD4020F7F749FDF7F74A
:1039E000C3FD0446F7F7A0FDFF2000F02BF82046AA
:1039F00006B010BDE04402580004025810B500247F
:103A0000F7F76CFD4120F7F733FDF7F7ADFD002028
:103A1000F7F700FD0446F7F787FD204610BD70B5A7
:103A200004460E46FFF7EAFF05461EB90120A040F6
:103A3000854303E00120A0402843C5B2284600F09A
:103A400001F870BD10B50446F7F748FD4020F7F7C0
:103A50000FFDF7F789FD2046F7F70AFDF7F784FD1C
:103A6000F7F762FD0A20F5F7CFFE10BD2DE9F04112
:103A7000044600BF3B480068844208D200BF3AA316
:103A800040F2DF1242A148A0F5F7D6FA00BF00BF0E
:103A900000BF4F480068844208D300BF32A34FF4F0
:103AA000F0724CA140A0F5F7C7FA00BF00BF00BFFD
:103AB000207940B100BF2CA340F2E1124CA13AA002
:103AC000F5F7BAFA00BF00BF00BF2088B0F5384F45
:103AD00008D900BF24A34FF4F2724CA132A0F5F72D
:103AE000ABFA00BF00BF208800F0F0F80546AC42FA
:103AF00019D02879B8B936480068854213D04E48A5
:103B00000068A84201D14C48046028882080288899
:103B1000B0F5384F07D02046FEF760FA07462888F0
:103B200000F0D4F84780608800F0D0F80646A6423E
:103B300015D0307998B940480068A04201D13E487C
:103B40000660208830802088B0F5384F07D0304696
:103B5000FEF744FA0746208800F0B8F84780BDE831
:103B6000F0810000800000242E2E5C2E2E5C4D691A
:103B700064646C6577617265735C6C7769705C73A3
:103B800072635C636F72655C6D656D2E630000002F
:103B9000706C75675F686F6C65733A206D656D203A
:103BA0003E3D2072616D0000417373657274696FF0
:103BB0006E2022257322206661696C656420617421
:103BC000206C696E6520256420696E2025730A00CB
:103BD00084000024706C75675F686F6C65733A20B1
:103BE0006D656D203C2072616D5F656E6400000044
:103BF000706C75675F686F6C65733A206D656D2DCD
:103C00003E75736564203D3D20300000706C756723
:103C10005F686F6C65733A206D656D2D3E6E6578DB
:103C200074203C3D204D454D5F53495A455F414C02
:103C300049474E4544000000880000242DE9F04F1C
:103C40008DB004460D4616460CB105B126B94FF0AD
:103C5000FF300DB0BDE8F08F4FF47A716069B0FBB2
:103C6000F1F201FB1207B0FBF1F82069B0FBF1F2B1
:103C700001FB1209B0FBF1FAE068B0FBF1F201FBC5
:103C8000120BB0FBF1F00C90A068B0FBF1F201FB5D
:103C900012000B90A068B0FBF1F00A90E088CDE92B
:103CA0000690CDE90887A0880C99CDE9021BCDE9E3
:103CB000040A60880B99CDE9001022880249284641
:103CC0000A9BF5F7C9F9C4E784DD010801460248FB
:103CD00000680844704700008000002400B587B0E9
:103CE0001848194908600020486001211648816081
:103CF0000821C16010210161402141618900816179
:103D00000021C1614FF40061016249004162490034
:103D10008162022000900820019007200290039009
:103D2000022004900590069069460748F3F750F981
:103D300000F00CF840F247310348F3F7FFF907B001
:103D400000BD0000404100521003002410B50024C3
:103D5000002301221146184600F01AF84FF4FA70B9
:103D6000F5F76CFD002301220221184600F010F83F
:103D7000002308220321184600F00AF84FF40874C3
:103D8000234601220421002000F002F810BD0000AB
:103D90002DE9FF4104460D4616461F464FF0000828
:103DA00014B94FF0100803E0012C01D14FF00808BE
:103DB0000095CDF80480029603974FF4805269462F
:103DC0000448F3F7D6F918B9002004B0BDE8F08133
:103DD0000120FAE7100300240048704714DC0108B2
:103DE00010B504490448F5F7D9FBC820F5F7A4FB42
:103DF00010BD0000B8AB0724402002402DE9F0417F
:103E0000054615B13A48007818B94FF0FF30BDE8C3
:103E1000F08100BF0023DFF8DCC0CCF8003000BF29
:103E200000BF00BF00BFBFF34F8F00BF00BF00BF88
:103E3000ACF104031868C0F34E3100BFC0F3C902EF
:103E400000BF43F6E07303EA41134FF0404C0CEA25
:103E5000827C43EA0C03DFF8A0C0CCF8003000BF3E
:103E600000BF131EA2F10102EBD10B1EA1F1010153
:103E7000E4D100BF00BF00BFBFF34F8F00BF00BF42
:103E800000BF00BF00BF00BFBFF36F8F00BF00BF08
:103E900000BF00BF002421E00027002608E0042026
:103EA00000FB0640154931F810000744701C86B22B
:103EB000322EF4D33220B7FBF0F025F8140035F899
:103EC000140040F6E44148434FF6FF71B0FBF1F1B6
:103ED00005F1080040F82410601C84B2042CDBDBE0
:103EE000002003490870C820F5F726FB00208EE764
:103EF0003E00002484ED00E060EF00E0B8AB072452
:103F000010B500BF4C48006800F4003000B139E043
:103F100000BF00BF00BFBFF34F8F00BF00BF00BF97
:103F200000BF00BF00BFBFF36F8F00BF00BF00BF67
:103F300000204249086000BF00BF00BFBFF34F8FA1
:103F400000BF00BF00BF00BF00BF00BFBFF36F8F47
:103F500000BF00BF00BF3848006840F40030364959
:103F6000086000BF00BF00BFBFF34F8F00BF00BF9E
:103F700000BF00BF00BF00BFBFF36F8F00BF00BF17
:103F800000BF00BF00BF2C4B1B6803F4803303B19C
:103F900048E00023284C7034236000BF00BF00BFFE
:103FA000BFF34F8F00BF00BF00BF231F1868C0F3CF
:103FB0004E3100BFC0F3C90200BF43F6E07303EA0D
:103FC00041134FF0404404EA827423431B4C1034E5
:103FD000236000BF00BF131EA2F10102EDD10B1E32
:103FE000A1F10101E6D100BF00BF00BFBFF34F8FB9
:103FF00000BF00BF00BF104B1B6843F480330E4C62
:10400000236000BF00BF00BFBFF34F8F00BF00BFE2
:1040100000BF00BF00BF00BFBFF36F8F00BF00BF76
:1040200000BF00BF05484C30006840F00400034961
:104030004C31086010BD000014ED00E050EF00E0CE
:104040002DE9F04100F02AF8074600BF0F48046848
:104050000CB9BDE8F0816068381AB0F1004F01D3A7
:10406000012000E0002000B1F3E708492068086063
:10407000A568E66806496068086021460620FEF7E4
:10408000CBF80DB13046A847E0E70000040100245A
:104090000801002472B6704762B6704710B5F0F799
:1040A000B7F810BD2DE9F0419CB080460C4615468E
:1040B0001E4600274048006820F004003E49086082
:1040C00000BF002000903D48006820F001003B49FF
:1040D00008600846006800F00100009036480C3087
:1040E000006840F4404034490C31086008460068DC
:1040F00000F44040009000BF00BF00BF2E480C30CD
:10410000006800F40050B0F5005FF7D12120019065
:104110004FF4803002900020049008900120079016
:1041200002200A9002210B91CDF834800C940E9558
:104130000F9600211291082111910021139101A8DD
:10414000F2F742FB07461FB101201CB0BDE8F08129
:104150003F201490032015900020169008201790FF
:104160004020199000011A90402018901B900421C3
:1041700014A8F2F739F807460FB10120E5E7F0F788
:1041800073FB0F48006840F080000D49086000BFD5
:104190000B48F430006840F002000949F43108602F
:1041A0000846006800F00200009000BF00BFEFF773
:1041B00009FF0020C9E700000C4802582C040058F1
:1041C000004402582DE9F04104460E46174600BF50
:1041D000B4F1804F08D300BF09A340F2291213A104
:1041E00020A0F4F729FF00BF00BFFFF757FF051914
:1041F0003A463146284600F049F8BDE8F081000013
:104200002E2E5C2E2E5C4D6964646C657761726540
:10421000735C6C7769705C7372635C636F72655C0E
:1042200074696D656F7574732E63000054696D65F4
:104230006F75742074696D6520746F6F206C6F6E7C
:10424000672C206D6178206973204C5749505F5569
:10425000494E5433325F4D41582F34206D7365639E
:1042600073000000417373657274696F6E202225BC
:104270007322206661696C6564206174206C696ECC
:104280006520256420696E2025730A002DE9F04120
:1042900006460F4690460620FEF742F80446002CDC
:1042A0000CD100BF07D100BF20A3BE222AA13AA093
:1042B000F4F7C2FE00BF00BFBDE8F081002020601F
:1042C000A760C4F80C8066603D48006810B93C489F
:1042D0000460F1E73A49606809684968401AB0F13A
:1042E000004F01D3012000E0002028B134480068CD
:1042F00020603348046017E03148056811E0286801
:1043000050B1606829684968401AB0F1004F01D384
:10431000012000E0002018B1286820602C6002E035
:104320002D68002DEBD100BF00BFC5E72E2E5C2EFF
:104330002E5C4D6964646C6577617265735C6C7743
:1043400069705C7372635C636F72655C74696D65E0
:104350006F7574732E6300007379735F74696D6594
:104360006F75743A2074696D656F757420213D20F6
:104370004E554C4C2C20706F6F6C204D454D505F4E
:104380005359535F54494D454F5554206973206527
:104390006D70747900000000417373657274696F09
:1043A0006E2022257322206661696C656420617429
:1043B000206C696E6520256420696E2025730A00D3
:1043C0000401002410B5012408E0064901EBC402F1
:1043D00051F834000449FFF7F5FE641C032CF4D3B4
:1043E00010BD0000D0DB0108090E01082DE9FF5FB8
:1043F00004460E4600BF0CB9BDE8FF9F00BF00BFDA
:10440000207D012808D100BF38A34FF4107241A1CC
:104410004DA0F4F711FE00BF00BF207D0A2807D190
:104420002146534802F032FF204600F093FE5AE046
:104430004FF0000AD346276DD4F82480D4F88C506E
:10444000D4F81090207DE8B9E08A38B300BF49481D
:104450000068A04205D147480068C0684549086027
:104460000DE04449086806E0C168A14202D1E16854
:10447000C16002E0C0680028F6D100BF00BF002084
:10448000E0600BE0B246B4F816B000BF21463A48EF
:1044900002F0FCFE01203949087000BF206F10B106
:1044A000206F04F000FCE06E10B1E06E04F0FBFB46
:1044B000BAF1000F0AD0208B211D23464246CDE9D8
:1044C000001B02903946204604F050FB207D0390EB
:1044D000204600F03FFE00BF1DB16FF00C014846C2
:1044E000A84700BF00BF00BF86E700002E2E5C2E4D
:1044F0002E5C4D6964646C6577617265735C6C7782
:1045000069705C7372635C636F72655C7463702E58
:1045100063000000646F6E27742063616C6C20740C
:1045200063705F61626F72742F7463705F61626148
:104530006E646F6E20666F72206C697374656E2D89
:104540007063627300000000417373657274696F79
:104550006E2022257322206661696C656420617477
:10456000206C696E6520256420696E2025730A0021
:10457000D0000024C4000024CC000024D400002477
:1045800010B5044601212046FFF730FF10BD28B1C9
:10459000027D012A02D10246916100BF70470000EE
:1045A00070B505460C46164600BF002C08D100BF6A
:1045B00007A34FF4447210A117A0F4F73DFD00BF0C
:1045C00000BF2046FFF7DCFF6FF00C0070BD00005D
:1045D0002E2E5C2E2E5C4D6964646C65776172656D
:1045E000735C6C7769705C7372635C636F72655C3B
:1045F0007463702E630000007463705F61636365B1
:1046000070745F6E756C6C3A20696E76616C69646B
:104610002070636200000000417373657274696FFB
:104620006E2022257322206661696C6564206174A6
:10463000206C696E6520256420696E2025730A0050
:1046400070B505460120FDF76BFE04461CBB00F06B
:10465000DFFE01F07BFC0120FDF762FE0446CCB9D1
:10466000092001F00FFC0120FDF75AFE044684B931
:10467000082001F007FC0120FDF752FE04463CB97A
:10468000284601F0CBFB0120FDF74AFE044600BF9F
:1046900000BF00BF00BF3CB398212046EBF78DFE62
:1046A0001434657041F2D060A4F850004010E082EC
:1046B000A082FF2004F8090C4FF40670E083062066
:1046C000A0856085C01FA0830120A08607480068E0
:1046D000E06007480078A07241F2D060E0860548AB
:1046E000E0660548E067143C204670BDC000002429
:1046F000D60000241985010800DD6D0000B10161BC
:10470000704700002DE9F04705460C4617464FF06C
:10471000040904B9244C00BF1DB96FF00F00BDE8B7
:10472000F08700BF00BF287D10B16FF00500F6E7ED
:1047300000BF37B901F08CFE07460FBB6FF00100D8
:10474000EDE74FF0000819E0184850F82800066817
:1047500010E0F08AB8420CD146B1306830B12CB1CB
:10476000206818B130682168884202D16FF00700D4
:10477000D5E7F668002EECD108F10108C845E3DB67
:1047800034B1206820B10CB9002000E02068286016
:10479000EF8200BF06480068E8600548056005F044
:1047A000DFF800BF0020BAE7ECDB0108C0DB01083E
:1047B000C400002410B5044600BF14B96FF00F0008
:1047C00010BD00BF207D012805D000BF608B40F0E8
:1047D0001000608300BF0121204600F001F8EFE7E0
:1047E0003EB504460D4600BF002C08D100BF55A3BE
:1047F0004FF4AF725DA165A0F4F71EFC00BF00BFCF
:10480000002D57D0207D042802D0207D072851D1CB
:10481000606F20B9208D40F6683188424AD000BFD1
:10482000A07E00F0100040B900BF46A34FF4B27262
:1048300060A156A0F4F700FC00BF00BF208BE18A06
:10484000221DCDE90021029023462046626A216D97
:1048500004F08CF9204602F0F3FC00BF00BF5C4876
:104860000068A04205D15A480068C06858490860ED
:104870000DE05749086806E0C168A14202D1E1682D
:10488000C16002E0C0680028F6D100BF00BF002070
:10489000E06000BF01204F49087000BF4E4800682B
:1048A000A04202D105F028F902E0204600F052FCB7
:1048B00000203EBD207D20B1012824D002283AD11D
:1048C0002CE0E08AD8B100BF44480068A04205D17E
:1048D00042480068C068414908600DE03F490868E7
:1048E00006E0C168A14202D1E168C16002E0C0688F
:1048F0000028F6D100BF00BF0020E06000BF2046C6
:1049000000F028FC1BE0204601F03EFB2146344825
:1049100002F0BCFC204600F00DFD10E000BF214677
:104920002B4802F0B3FC01202A49087000BF204642
:1049300000F010FC03E0204600F054F8B9E700BF97
:104940000020B6E72E2E5C2E2E5C4D6964646C65EB
:1049500077617265735C6C7769705C7372635C63BA
:104960006F72655C7463702E630000007463705F27
:10497000636C6F73655F73687574646F776E3A20EC
:10498000696E76616C69642070636200417373655F
:104990007274696F6E2022257322206661696C65CE
:1049A00064206174206C696E6520256420696E2026
:1049B00025730A007063622D3E666C616773202662
:1049C0002054465F5258434C4F534544000000006A
:1049D000CC000024D400002400010024C4000024E2
:1049E000C800002470B5054600BF45B900BF1EA32E
:1049F0004FF4CE7226A129A0F4F71EFB00BF00BF22
:104A0000287D032804D004280AD0072818D10FE0F5
:104A1000284604F0F1F904460CB90520287511E088
:104A2000284604F0E9F904460CB90520287509E088
:104A3000284604F0E1F904460CB90920287501E084
:104A4000002070BD00BF1CB9284601F087FD09E0B9
:104A5000601C38B900BF688B40F00800688300BF55
:104A60000020EEE72046ECE72E2E5C2E2E5C4D69F2
:104A700064646C6577617265735C6C7769705C7394
:104A800072635C636F72655C7463702E6300000018
:104A900070636220213D204E554C4C00417373657C
:104AA0007274696F6E2022257322206661696C65BD
:104AB00064206174206C696E6520256420696E2015
:104AC00025730A002DE9F05F80460D4691469A460F
:104AD0000A9F00BFB8F1000F07D100BF40A3A32277
:104AE0004AA152A0F4F7A8FA00BF00BF00BF002DF2
:104AF00007D100BF3AA3A42256A14CA0F4F79CFA18
:104B000000BF00BF07F0010008B1042000E0002052
:104B100007F0020109B1002100E00021084407F07C
:104B2000080109B1002100E00021084407F010014C
:104B300009B1002100E0002146180320FDF7F0FB39
:104B4000041E05D12846FEF739FC0020BDE8F09F81
:104B5000A77200202060656000BF2889B04207DA94
:104B600000BF1FA3B02244A130A0F4F765FA00BF34
:104B700000BF2889801B208114212846FDF7D7FF1C
:104B800020B1204604F082F80020DFE7606840682A
:104B9000E060B8F81600FCF704FBE1680880B8F89C
:104BA0001800FCF7FEFAE16848805046FCF7ECFA82
:104BB000E1684860B346F11706EB91718910491D11
:104BC0004FF6FF7202EA013141EA0900FCF7E9FA07
:104BD000E16888810020E16848822046B6E700004D
:104BE0002E2E5C2E2E5C4D6964646C657761726557
:104BF000735C6C7769705C7372635C636F72655C25
:104C00007463705F6F75742E630000007463705F6F
:104C10006372656174655F7365676D656E743A2074
:104C2000696E76616C6964207063620041737365BC
:104C30007274696F6E2022257322206661696C652B
:104C400064206174206C696E6520256420696E2083
:104C500025730A007463705F6372656174655F73C6
:104C600065676D656E743A20696E76616C69642063
:104C70007062756600000000702D3E746F745F6C8A
:104C8000656E203E3D206F70746C656E0000000004
:104C90002DE9F04106460D46174600BF002F08D10A
:104CA00000BF10A340F6C90218A122A0F4F7C4F96E
:104CB00000BF00BF15B93046BDE8F081AC8C74B1BF
:104CC0002820844202DD211A89B200E000218846B2
:104CD000464501DA314600E041460E4600BF304607
:104CE000EAE700002E2E5C2E2E5C4D6964646C6534
:104CF00077617265735C6C7769705C7372635C6317
:104D00006F72655C7463702E630000007463705F83
:104D10006566665F73656E645F6D73735F6E657401
:104D200069663A20696E76616C6964206473745FA9
:104D300069700000417373657274696F6E2022257B
:104D40007322206661696C6564206174206C696EF1
:104D50006520256420696E2025730A002DE9F8433B
:104D600004460D460027B94600BF05F0030040B9D0
:104D700000BF60A340F2124269496AA0F4F75CF9EF
:104D800000BF00BF00BF002C08D100BF59A340F2F4
:104D900014426EA163A0F4F74FF900BF00BF05F005
:104DA000020000B1012707F0010008B1042000E073
:104DB000002007F0020109B1002100E000210844B1
:104DC00007F0080109B1002100E00021084407F0C4
:104DD000100109B1002100E0002100EB01094FF4AE
:104DE000207249463620FDF71BFFB0F1000809D1BB
:104DF00000BF608B40F08000608300BF4FF0FF3049
:104E0000BDE8F88300BFB8F80A00484508DA00BFDB
:104E100038A340F23A4255A142A0F4F70DF900BF81
:104E200000BF00972A4641462046E36DFFF74AFE41
:104E3000061E07D100BF608B40F08000608300BF7A
:104E4000701EDDE700BF307B00F0030040B100BF03
:104E500028A340F2434254A132A0F4F7EDF800BF7A
:104E600000BF00BF308940B100BF22A340F24442DE
:104E700053A12CA0F4F7E0F800BF00BFE06E08B922
:104E8000E66607E0E06E00E0006801680029FBD1FB
:104E9000066000BF0020A4F8680005F0020010B909
:104EA00005F0010010B1E06D401CE06505F0010067
:104EB00028B100BF608B40F02000608300BF7068A5
:104EC000FEF7FAF834F8661F0844208034F86609C3
:104ED00070B100BF206F50B9E06E40B900BF05A3AC
:104EE00040F2664241A10FA0F4F7A6F800BF00BF50
:104EF000002085E72E2E5C2E2E5C4D6964646C6567
:104F000077617265735C6C7769705C7372635C6304
:104F10006F72655C7463705F6F75742E6300000060
:104F2000D8DC0108417373657274696F6E202225A5
:104F30007322206661696C6564206174206C696EFF
:104F40006520256420696E2025730A007463705FF4
:104F5000656E71756575655F666C6167733A20692A
:104F60006E76616C69642070636200007463705FC8
:104F7000656E71756575655F666C6167733A206310
:104F80006865636B2074686174206669727374204D
:104F9000706275662063616E20686F6C64206F704C
:104FA000746C656E000000007365672D3E7463705D
:104FB000686472206E6F7420616C69676E6564004E
:104FC0007463705F656E71756575655F666C61674A
:104FD000733A20696E76616C6964207365676D65EC
:104FE0006E74206C656E6774680000007463705F97
:104FF000656E71756575655F666C6167733A20698A
:105000006E76616C6964207175657565206C656E7E
:105010006774680070B504460D46002C0FD000BFC1
:10502000207D012808D100BF05A34FF401620EA125
:1050300017A0F4F701F800BF00BFC4F88C5070BD92
:105040002E2E5C2E2E5C4D6964646C6577617265F2
:10505000735C6C7769705C7372635C636F72655CC0
:105060007463702E63000000696E76616C69642061
:10507000736F636B657420737461746520666F72FF
:10508000206572722063616C6C6261636B0000006A
:10509000417373657274696F6E20222573222066D6
:1050A00061696C6564206174206C696E652025649B
:1050B00020696E2025730A0070B523480078401CD3
:1050C0002149087000BF2148046839E0A07F1E49CB
:1050D0000978884233D01C480078A077A07E00F081
:1050E000010078B100BF608B40F00200608300BF18
:1050F000204601F033FA00BF608B4FF6FC71084088
:10510000608300BFA07E00F0080048B100BF608B44
:105110004FF6F7710840608300BF2046FFF762FC3E
:10512000E568606F48B1002009490870204602F028
:105130006BFD0748007800B1C5E72C4600E0E46845
:10514000002CC3D170BD0000D6000024CC00002488
:10515000D400002410B5044600BF207D012807D1EB
:1051600000BF06A3D4220FA113A0F3F765FF00BF71
:1051700000BF21460120FDF74FF810BD2E2E5C2EFA
:105180002E5C4D6964646C6577617265735C6C77E5
:1051900069705C7372635C636F72655C7463702EBC
:1051A000630000007463705F667265653A204C4965
:1051B0005354454E00000000417373657274696F6B
:1051C0006E2022257322206661696C6564206174FB
:1051D000206C696E6520256420696E2025730A00A5
:1051E0002DE9F04705460C469146984635E026469F
:1051F00024687068FDF760FF074600BFB5F86600D9
:10520000B84208DA00BF22A34FF48B622BA135A06D
:10521000F3F712FF00BF00BF35F8660FC01B2880F0
:1052200030893A490988084438490880304603F0F3
:105230002DFD35F8660900280FD000BF002C0BD1DA
:10524000B8F1000F08D100BF11A340F2624230A1B3
:1052500024A0F3F7F1FE00BF00BFB4B1E1684868D5
:10526000FBF792FF8246E1688889FBF79AFF00F01E
:10527000030008B1012000E00020218908445044C7
:105280002B490968401A0028B1DD2046BDE8F087A7
:105290002E2E5C2E2E5C4D6964646C6577617265A0
:1052A000735C6C7769705C7372635C636F72655C6E
:1052B0007463705F696E2E63000000007063622D7E
:1052C0003E736E645F71756575656C656E203E3DFD
:1052D00020706275665F636C656E286E6578742DEC
:1052E0003E702900417373657274696F6E202225C8
:1052F0007322206661696C6564206174206C696E3C
:105300006520256420696E2025730A00F4000024BE
:105310007463705F726563656976653A2076616C67
:105320006964207175657565206C656E67746800C9
:10533000F000002410B5044600BF207D012807D1ED
:1053400000BF06A3DF220FA115A0F3F775FE00BF73
:1053500000BF21460220FCF75FFF10BD2E2E5C2E01
:105360002E5C4D6964646C6577617265735C6C7703
:1053700069705C7372635C636F72655C7463702EDA
:10538000630000007463705F667265655F6C6973CB
:1053900074656E3A20214C495354454E000000007C
:1053A000417373657274696F6E20222573222066C3
:1053B00061696C6564206174206C696E6520256488
:1053C00020696E2025730A000D4801880088401C62
:1053D0000B4A10800B48006818B10B4800888142C6
:1053E00005DA0A48006800F11402505C704706486C
:1053F0000078081AC2B203480068805CF6E7000033
:10540000E8000024E4000024E2000024DC00002482
:1054100070B50B48046810E0E568A07E00F0080055
:1054200048B100BF608B4FF6F7710840608300BF42
:105430002046FFF7D7FA2C4600BF002CECD170BDF8
:10544000CC00002410B5EAF77FFFC0F30D0000F593
:1054500040400149088010BDBC0000242DE9FE4FEA
:1054600005468B4600BF002D07D100BFE2A3832273
:10547000ECA1F2A0F3F7E0FD00BF00BFF9496868B6
:1054800008606889142800DAC3E3F74A1168506994
:10549000F6F7C7F828B9F448007D00F0F000E028DE
:1054A00000D1B6E3EF4909688889FBF77AFE00135B
:1054B0008700142F02DB2889B84200DAA9E3A7F19C
:1054C0001400EA4908800020E94908606889B84268
:1054D00008DBE6480088E749088039462846FEF799
:1054E00061F94AE000BF286838B900BFC2A3C222F0
:1054F000E1A1D2A0F3F7A0FD00BF00BF1421284610
:10550000FEF750F96889DB490880D8480088098887
:10551000401A1FFA80FAD74801882846FEF742F958
:1055200028684089504500DA73E328684068D0490C
:10553000086051462868FEF735F92889A0EB0A0073
:10554000288100BF688938B100BFABA3DF22CEA19C
:10555000BAA0F3F771FD00BF00BF00BF288929681A
:105560000989884207D000BFA3A3E022C9A1B3A044
:10557000F3F762FD00BF00BF00BFBA4909680888A1
:10558000FBF70FFEB74909680880B64909684888E3
:10559000FBF707FEB34909684880B24909684868C3
:1055A000FBF7F2FDAF4909684860C2490860AD49A0
:1055B00009688868FBF7E8FDAA4909688860BE4960
:1055C0000860A8490968C889FBF7EBFDA549096887
:1055D000C881A44909688889FBF7E3FD00F03F0012
:1055E000B64908702889B6490880B448007800F0A8
:1055F000030040B108460088401C088028890988BB
:10560000884200DD05E34FF00009AE48046873E00E
:1056100000BF207D38B900BF77A3FB22AAA187A0D5
:10562000F3F70AFD00BF00BF00BF207D0A2807D1A5
:1056300000BF71A3FC22AEA180A0F3F7FDFC00BF68
:1056400000BF00BF207D012807D100BF6AA3FD2253
:10565000B2A17AA0F3F7F0FC00BF00BF207A50B1EE
:10566000217A8148406890F83000401CC0B28142E5
:1056700001D0A1463FE0208B7A4909680988884219
:1056800037D1E08A774909684988884231D176491B
:105690006068096988422CD1734920684969884249
:1056A00027D100BFE068A04208D100BF52A340F25A
:1056B0000D12A4A161A0F3F7BFFC00BF00BFB9F1B8
:1056C000000F07D0E068C9F80C007E480068E06071
:1056D0007C48046000BFE068A04208D100BF46A338
:1056E00040F21512A2A155A0F3F7A6FC00BF00BF1F
:1056F00004E0A14600BFE468002C89D100BF002C63
:1057000078D1A648046839E000BF207D0A2808D077
:1057100000BF39A340F21F12A1A148A0F3F78CFCEF
:1057200000BF00BF207A48B1217A4F48406890F806
:105730003000401CC0B2814200D01EE0208B49499D
:1057400009680988884217D1E08A4649096849886A
:10575000884211D144496068096988420CD14249A4
:1057600020684969884207D1204604F015F9284687
:10577000FDF724FEBDE8FE8F00BFE468002CC3D116
:10578000A146934806681FE0307A50B1317A364816
:10579000406890F83000401CC0B2814201D0B14650
:1057A00011E0F08A2F4909684988884209D12E49B9
:1057B00030684969884200D108E00EB1306800B90C
:1057C00004E0B14600BFF668002EDDD100BF8EB107
:1057D000B9F1000F07D0F068C9F80C007C480068E8
:1057E000F0607B480660304600F034FC2846FDF748
:1057F000E5FDBFE7EEE000002E2E5C2E2E5C4D692D
:1058000064646C6577617265735C6C7769705C73F6
:1058100072635C636F72655C7463705F696E2E6344
:10582000000000007463705F696E7075743A2069DF
:105830006E76616C69642070627566004173736591
:105840007274696F6E2022257322206661696C650F
:1058500064206174206C696E6520256420696E2067
:1058600025730A00DC00002440AB0624E00000247D
:10587000E4000024E2000024702D3E6E6578742060
:10588000213D204E554C4C00702D3E6C656E203DE8
:105890003D203000702D3E746F745F6C656E203D4E
:1058A0003D20702D3E6E6578742D3E746F745F6C74
:1058B000656E0000EC000024F0000024F8000024D5
:1058C000F6000024CC0000247463705F696E70756C
:1058D000743A20616374697665207063622D3E734B
:1058E0007461746520213D20434C4F5345440000B2
:1058F0007463705F696E7075743A20616374697661
:1059000065207063622D3E737461746520213D20B3
:1059100054494D452D574149540000007463705F50
:10592000696E7075743A206163746976652070637E
:10593000622D3E737461746520213D204C4953549F
:10594000454E00007463705F696E7075743A207024
:1059500063622D3E6E65787420213D207063622065
:10596000286265666F72652063616368652900005F
:105970007463705F696E7075743A207063622D3E57
:105980006E65787420213D20706362202861667402
:10599000657220636163686529000000D0000024FF
:1059A0007463705F696E7075743A2054494D452D6B
:1059B00057414954207063622D3E737461746520B1
:1059C0003D3D2054494D452D5741495400000000AC
:1059D000C8000024002C71D000209049086028895C
:1059E0000881084645608E480068C86000208D49DF
:1059F00008608D4908708D4908808D48007800F056
:105A0000080018B1687B40F001006873606F80B1D6
:105A1000204602F0F9F80D3028B1606F48B1854892
:105A20000088002805DD608D10B9204603F048F994
:105A3000BBE081480460204601F04AFD804608F141
:105A40000D00002816D07848007800F0080090B1CA
:105A500000BFD4F88C0028B16FF00D01D4F88C2071
:105A60002069904700BF2146744801F00FFC204692
:105A7000FFF770FB98E04FF000086C4800880028A2
:105A800017DD6A48B0F800A000BFE06F30B15246A1
:105A90002146E36F20699847804601E04FF00008F7
:105AA00000BF08F10D0000B97FE000205F490880C9
:105AB00000BF204600F0D8F808B176E085E05948EC
:105AC0000068A8B300BF606F50B100BFAFF2D82329
:105AD0004FF4F3725AA1AFF29C20F3F7ADFA00BF76
:105AE00000BFA07E00F0100038B14E480068FDF7FE
:105AF00065FC2046FEF744FD57E000BFD4F8800067
:105B000048B100234749D4F880C020690A6821467B
:105B1000E047804607E000234248214602681846D5
:105B200002F0FAFC804600BF08F10D0008B93CE025
:105B300005E0B8F1000F02D03A48006860673A48C3
:105B4000007800F0200020B3606F30B1606F407BC0
:105B500040F02000616F48731BE0208D40F66831F3
:105B6000884202D0208D401C208500BFD4F88000E0
:105B700040B100231A462146D4F880C02069E0478E
:105B8000804601E04FF0000800BF08F10D0000B9A9
:105B90000BE0002028490860204600F065F800B1BD
:105BA00003E0204600F0DAFC00BF00202249086034
:105BB0001C4908601948406840B318494868FDF717
:105BC000FDFB00201549486020E0154909688889D7
:105BD000FBF7E7FA00F00400A8B911480068008854
:105BE0000F49096849881D4ACDE9002102901C48E7
:105BF0000068104909884218184B1B1D1948016894
:105C0000002002F0B3FF2846FDF7D8FB00BF00BF1D
:105C1000B0E52846FDF7D2FB00BFABE52CA1072479
:105C2000DC000024FC000024F9000024F40000241F
:105C3000F8000024F600002400010024CC00002419
:105C40007063622D3E726566757365645F6461742E
:105C500061203D3D204E554C4C00000050AB0624C9
:105C6000EC000024F000002410B5044600BF002C16
:105C700008D100BF13A340F25A221DA126A0F3F7BA
:105C8000DBF900BF00BF2E48007800F01000B8B16B
:105C9000A07E00F0100050B900BFD4F88C0028B1ED
:105CA0006FF00E01D4F88C202069904700BF214688
:105CB000244801F0EBFA2046FFF74CFA012010BD12
:105CC0000020FCE72E2E5C2E2E5C4D6964646C6512
:105CD00077617265735C6C7769705C7372635C6327
:105CE0006F72655C7463705F696E2E630000000004
:105CF0007463705F696E7075745F64656C617965FB
:105D0000645F636C6F73653A20696E76616C696479
:105D10002070636200000000417373657274696FE4
:105D20006E2022257322206661696C65642061748F
:105D3000206C696E6520256420696E2025730A0039
:105D4000F9000024CC0000242DE9F041044600268F
:105D500000BF002C08D100BF14A340F625021EA1ED
:105D600024A0F3F769F900BF00BF216D481EFBF7BF
:105D70000BFA8046434600223146204600F09CFD47
:105D800005461DB94FF0FF30BDE8F08100231A46EB
:105D90002946204600F002FF231D224629462046C0
:105DA00000F082FE07463846EEE700002E2E5C2EFD
:105DB0002E5C4D6964646C6577617265735C6C77A9
:105DC00069705C7372635C636F72655C7463705F4F
:105DD0006F75742E630000007463705F6B6565708F
:105DE000616C6976653A20696E76616C69642070D1
:105DF00063620000417373657274696F6E202225BF
:105E00007322206661696C6564206174206C696E20
:105E10006520256420696E2025730A002DE9F04174
:105E200007467F2F01DD7F2000E0384606460EB989
:105E3000BDE8F081701EC6B24FF0000800250F4883
:105E4000046813E0607DB04208DB607DB0420CD195
:105E50000B49206A0968081A404506D30849206A98
:105E60000968A1EB00082546667DE468002CE9D1AD
:105E700015B12846FEF784FB00BFD9E7CC0000240B
:105E8000C00000242DE9F041054600BF082D0AD0CE
:105E9000092D08D000BF13A340F2DE621BA11FA092
:105EA000F3F7CAF800BF00BF0027002625480468A2
:105EB0000EE0207DA8420AD12349206A0968081A09
:105EC000B84204D32049206A09680F1A2646E468BC
:105ED000002CEED11EB100213046FEF787FABDE856
:105EE000F08100002E2E5C2E2E5C4D6964646C6582
:105EF00077617265735C6C7769705C7372635C6305
:105F00006F72655C7463702E63000000696E766169
:105F10006C6964207374617465000000417373657B
:105F20007274696F6E2022257322206661696C6528
:105F300064206174206C696E6520256420696E2080
:105F400025730A00CC000024C000002470B5002690
:105F500000250B4804680BE00A49206A0968081A02
:105F6000B04204D30749206A09680E1A2546E4683E
:105F7000002CF1D115B12846FEF702FB70BD0000E0
:105F8000D0000024C000002470B5044600BF44B90E
:105F900000BF12A340F211121AA11DA0F3F74CF892
:105FA00000BF00BF00BF207D012808D000BF0BA3A9
:105FB0004FF4897220A116A0F3F73EF800BF00BF8E
:105FC000012507E0224951F825100868214602F012
:105FD00037FB6D1C042DF5D370BD00002E2E5C2EFA
:105FE0002E5C4D6964646C6577617265735C6C7777
:105FF00069705C7372635C636F72655C7463702E4E
:106000006300000070636220213D204E554C4C001F
:10601000417373657274696F6E2022257322206646
:1060200061696C6564206174206C696E652025640B
:1060300020696E2025730A007063622D3E737461BF
:106040007465203D3D204C495354454E00000000EE
:10605000C0DB01082DE9FE4305465448007800F0F6
:10606000040008B1BDE8FE8300BF002D08D100BFC9
:106070004FA340F2812259A160A0F2F7DDFF00BFDB
:1060800000BF4A48007800F01000B0B165480068D1
:106090000088644909684988634ACDE90021029073
:1060A000624800686249098842185F4B1B1D6148BD
:1060B0000168284602F05AFD75E03C48007800F07F
:1060C000020000286FD0687DFEF7BAFA044674B962
:1060D00000BFA86938B14FF0FF320021AB692869D1
:1060E0009847804601E06FF00F0800BFBAE74E48BE
:1060F0001038406920604C48103800696060E88AB8
:10610000E0824848006800882083032020754748C3
:106110000068401C6062606AE062204600F0CCF9D2
:106120000646A66526656664E66540480068401E2A
:10613000606528692061A567687A00F00C006072CC
:10614000287A207200BF00BF3B480068E0603A48F0
:10615000046003F005FC00BF01203849087000BF4F
:10616000204600F021FF2F480068C08924F8600F06
:1061700020886080603C201DF5F70AFF8046608E15
:10618000221D4146FEF784FD608612212046FEF75F
:10619000E5FD074627B100212046FEF727F961E714
:1061A000204600F0DBF900BF5CE70000F8000024A7
:1061B0002E2E5C2E2E5C4D6964646C657761726571
:1061C000735C6C7769705C7372635C636F72655C3F
:1061D0007463705F696E2E63000000007463705F0B
:1061E0006C697374656E5F696E7075743A20696E60
:1061F00076616C69642070636200000041737365AE
:106200007274696F6E2022257322206661696C6545
:1062100064206174206C696E6520256420696E209D
:1062200025730A00DC00002450AB0624EC00002497
:10623000F6000024F0000024CC000024D400002448
:1062400070B504460D4600222946204600F002F8AB
:1062500070BD00002DE9F041044688461746002530
:1062600000BF14B96FF00F0656E000BF00BF207DDD
:1062700010B16FF00E064FE000BF207D012803D162
:1062800025466FF0080647E00220FCF749F805466E
:1062900015B94FF0FF363FE020692861E08AE882B7
:1062A00001202875607D6875607A6872207A28728E
:1062B000E07AE872A07AA87220682860E08AD8B1F3
:1062C00000BF18480068A04205D116480068C068A1
:1062D000144908600DE01349086806E0C168A1424E
:1062E00002D1E168C16002E0C0680028F6D100BFB9
:1062F00000BF0020E06000BF2046FEF72BFF0A48E9
:10630000A86100BF09480068E8600848056003F01C
:1063100027FB00BF002600BF07B13E702846BDE83E
:10632000F0810000C4000024A1450108C800002439
:1063300070B506460D46D6B13068C0B10C4801684C
:10634000304600F01BF80B480168304600F016F8A4
:106350006DB1286858B10848046806E020683168C3
:10636000884201D128682060E468002CF6D170BD15
:10637000CC000024C4000024C80000242DE9F04112
:1063800005460E46344600BF002D08D100BF0CA3C1
:1063900040F6041214A121A0F2F74EFE00BF00BF88
:1063A0000AE020682968884205D1E7682046FEF7A0
:1063B000E7F83C4600E0E468002CF2D1BDE8F0814B
:1063C0002E2E5C2E2E5C4D6964646C65776172655F
:1063D000735C6C7769705C7372635C636F72655C2D
:1063E0007463702E630000007463705F6E6574697F
:1063F000665F69705F616464725F6368616E676540
:10640000645F7063626C6973743A20696E76616C64
:106410006964206F6C645F616464720041737365CA
:106420007274696F6E2022257322206661696C6523
:1064300064206174206C696E6520256420696E207B
:1064400025730A0010B54020FEF7FAF810BD0000D1
:1064500010B5002300BF16480088401C144C208053
:10646000204600884FF6FF74A04203D14FF440400D
:106470000F4C2080002116E00E4850F821000268E1
:106480000DE0D08A0A4C2488A04207D1581C83B260
:10649000B3F5804F01DB002010BDDCE7D268002A95
:1064A000EFD1481CC1B20429E6DB01480088F3E7BC
:1064B000BC000024C0DB010810B5044600BF44B98D
:1064C00000BF09A340F6B30211A118A0F2F7B4FD72
:1064D00000BF00BF1F4800681F49096808441D49E4
:1064E00008600846006810BD2E2E5C2E2E5C4D699B
:1064F00064646C6577617265735C6C7769705C73FA
:1065000072635C636F72655C7463702E630000007D
:106510007463705F6E6578745F6973733A20696E37
:1065200076616C696420706362000000417373657A
:106530007274696F6E2022257322206661696C6512
:1065400064206174206C696E6520256420696E206A
:1065500025730A00D8000024C00000242DE9F84F5C
:10656000044600BF002C08D100BFA7A340F2E242BE
:10657000B0A1B6A0F2F760FD00BF00BF00BF207D54
:10658000012808D100BFA0A340F2E442B9A1AFA006
:10659000F2F752FD00BF00BFC0480068A04202D120
:1065A0000020BDE8F88FB4F86000B4F848108842C5
:1065B00002DAB4F8600001E0B4F848008146E56E04
:1065C00045B9A07E00F0020018B1204602F078FB29
:1065D000E7E710E1221D2146204602F0B7FA074600
:1065E00017B96FF00300DCE70CB1206858B90FB1A0
:1065F000381D00E00020014611B96FF00300D0E71C
:106600000868206000BFE9684868FAF7BDFD616C62
:10661000401A29890844484519D9B4F8600048450A
:106620000CD1206F50B994F8950038B9002004F8C7
:10663000940F012060700020A070943CA07E00F0B8
:10664000020018B1204602F03BFBAAE7D3E000208D
:1066500084F89500266F26B100E03668306800287F
:10666000FBD1B5E000BFE9688889FAF79AFD00F030
:10667000040040B100BF64A340F2375288A173A068
:10668000F2F7DAFC00BF00BF206FA0B1A07E00F0DF
:10669000440080B9E06E38B1E06E006858B9E06E31
:1066A0000089618E884206DAB4F8640018B1B4F843
:1066B0006600082801DB012000E0002020B9A07E50
:1066C00000F0A00000B98FE0207D022807D0102044
:1066D000FAF767FDE96889890843E96888813A46DD
:1066E0002146284600F0E8FA0090009838B100BF33
:1066F000608B40F08000608300BF009851E72868FD
:10670000E066207D022806D000BF608B4FF6FC714A
:106710000840608300BFE9684868FAF735FD8046A5
:10672000E9688889FAF73DFD00F0030008B101200F
:1067300000E000202989084408EB000A206DB0EB36
:106740000A0001D5C4F850A0E9688889FAF729FD44
:1067500000F0030008B1012000E00020298908446E
:1067600088B300202860206F10B925672E462EE0E0
:10677000E9684868FAF708FD8046F1684868FAF762
:1067800003FDB8EB00001BD504F1700801E0D8F858
:106790000080D8F8000068B1D8F80010C9684868CF
:1067A000FAF7F2FC8346E9684868FAF7EDFCBBEBC0
:1067B0000000ECD4D8F800002860C8F8005006E0CB
:1067C0003560366803E0FFE7284602F05FFAE56EC1
:1067D00055B1E9684868FAF7D7FC616C401A298915
:1067E000084448457FF63EAF00BFE06E10B9002078
:1067F000A4F8680000BF00BF608B4FF67F710840AF
:10680000608300BF0020CCE62E2E5C2E2E5C4D69EE
:1068100064646C6577617265735C6C7769705C73D6
:1068200072635C636F72655C7463705F6F75742E06
:10683000630000007463705F6F75747075743A2044
:10684000696E76616C696420706362004173736580
:106850007274696F6E2022257322206661696C65EF
:1068600064206174206C696E6520256420696E2047
:1068700025730A00646F6E27742063616C6C20744A
:1068800063705F6F757470757420666F72206C69C9
:106890007374656E2D706362730000000001002444
:1068A000525354206E6F742065787065637465640C
:1068B00020686572652100002DE9FF4104460E46FF
:1068C0001746984600BF002C08D100BF10A340F225
:1068D00043721AA123A0F2F7AFFB00BF00BF608D87
:1068E0001023218BE28ACDE90113009203904346E5
:1068F0003A463146606A00F049F805461DB1618D9F
:10690000606A0844E062284604B0BDE8F0810000F7
:106910002E2E5C2E2E5C4D6964646C657761726509
:10692000735C6C7769705C7372635C636F72655CD7
:106930007463705F6F75742E630000007463705F22
:106940006F75747075745F616C6C6F635F6865619F
:106950006465723A20696E76616C69642070636266
:1069600000000000417373657274696F6E20222508
:106970007322206661696C6564206174206C696EA5
:106980006520256420696E2025730A002DE9F05FDB
:1069900082460D4617469846DDF830B005F11400E2
:1069A000384481B24FF420722220FCF739F90646B0
:1069B000002E34D000BF718905F11400814208DA3D
:1069C00000BF18A340F2247221A12DA0F2F734FBDE
:1069D00000BF00BF74680A98FAF7E3FB20800B98A9
:1069E000FAF7DFFB6080C4F804805046FAF7CCFB6E
:1069F000A060A946E91705EB91718910491D4FF672
:106A0000FF7202EA013141EA0B00FAF7CAFBA081EA
:106A10000D98FAF7C6FBE0810020208260823046A4
:106A2000BDE8F09F2E2E5C2E2E5C4D6964646C6573
:106A300077617265735C6C7769705C7372635C63B9
:106A40006F72655C7463705F6F75742E6300000015
:106A5000636865636B20746861742066697273741F
:106A600020706275662063616E20686F6C642073AD
:106A70007472756374207463705F686472000000E0
:106A8000417373657274696F6E20222573222066CC
:106A900061696C6564206174206C696E6520256491
:106AA00020696E2025730A002DE9FE4F04460E462C
:106AB00092469B4600BF002E08D100BF17A34FF49B
:106AC000F16221A12BA0F2F7B7FA00BF00BF5A462E
:106AD0005146204602F03AF8054615B96FF0030713
:106AE00015E024B194F80B8094F80A9003E04FF07D
:106AF000FF084FF00009062043465A465146CDE9AB
:106B0000009002953046F4F7E5FF074600BF304697
:106B1000FCF754FC3846BDE8FE8F00002E2E5C2E9C
:106B20002E5C4D6964646C6577617265735C6C772B
:106B300069705C7372635C636F72655C7463705FD1
:106B40006F75742E630000007463705F6F757470EE
:106B500075745F636F6E74726F6C5F7365676D657C
:106B60006E743A20696E76616C6964207062756635
:106B700000000000417373657274696F6E202225F6
:106B80007322206661696C6564206174206C696E93
:106B90006520256420696E2025730A002DE9F047E1
:106BA00081460D4614469A464FF0000800BF002D5E
:106BB00008D100BF1CA340F2577226A12FA0F2F704
:106BC0003BFA00BF00BF6E6806F1140700BF3846ED
:106BD00000EB880004F0010109B1042100E000216C
:106BE000084404F0020109B1002100E0002108443A
:106BF00004F0080109B1002100E00021084404F07C
:106C0000100109B1002100E000210844B84208D079
:106C100000BF05A340F2767222A118A0F2F70CFA89
:106C200000BF00BFBDE8F0872E2E5C2E2E5C4D69A4
:106C300064646C6577617265735C6C7769705C73B2
:106C400072635C636F72655C7463705F6F75742EE2
:106C5000630000007463705F6F75747075745F66B5
:106C6000696C6C5F6F7074696F6E733A20696E76D1
:106C7000616C696420706275660000004173736521
:106C80007274696F6E2022257322206661696C65BB
:106C900064206174206C696E6520256420696E2013
:106CA00025730A006F7074696F6E73206E6F7420A5
:106CB00066696C6C656400002DE9FE4F04460D4664
:106CC000164600BF002C08D100BF58A340F2B952AD
:106CD00061A169A0F2F7B0F900BF00BF00BF002DAD
:106CE00008D100BF51A340F2BA526DA162A0F2F7E1
:106CF000A3F900BF00BF00BF002E08D100BF4BA307
:106D000040F2BB526EA15CA0F2F796F900BF00BF43
:106D1000204600F0F3F810B10020BDE8FE8F686A4D
:106D2000FAF732FAE1688860688DFAF73AFAE168B2
:106D3000C881698D686A0844E862E06800F1140758
:106D4000A07A00F0010068B12A1D314640F2B4502B
:106D5000FDF79EFF82464AF00170FAF715FA386097
:106D60003F1D00BFB5F93000002801DA0020288659
:106D7000686B38B95B4800686863E1684868FAF78F
:106D800003FAA863A08961688988401A1FFA80F80D
:106D900060684089A0EB08006168488160680089EC
:106DA000A0EB0800616808816168E0684860002025
:106DB000E168088200BFE0681430A17A01F00101A7
:106DC00009B1042100E000210844A17A01F0020188
:106DD00009B1002100E000210844A17A01F0080176
:106DE00009B1002100E000210844A17A01F010015E
:106DF00009B1002100E000210844B84208D000BFDA
:106E00000AA340F21D6238A11BA0F2F715F900BFDA
:106E100000BF0621A87A8DE84300EB7A2A1D294697
:106E20006068F4F757FE8146484676E72E2E5C2EC2
:106E30002E5C4D6964646C6577617265735C6C7718
:106E400069705C7372635C636F72655C7463705FBE
:106E50006F75742E630000007463705F6F757470DB
:106E600075745F7365676D656E743A20696E7661DF
:106E70006C69642073656700417373657274696F30
:106E80006E2022257322206661696C65642061741E
:106E9000206C696E6520256420696E2025730A00C8
:106EA0007463705F6F75747075745F7365676D651B
:106EB0006E743A20696E76616C696420706362005A
:106EC0007463705F6F75747075745F7365676D65FB
:106ED0006E743A20696E76616C6964206E657469BF
:106EE00066000000C00000246F7074696F6E73202C
:106EF0006E6F742066696C6C6564000010B50446A2
:106F000000BF002C08D100BF08A340F29B5212A181
:106F10001BA0F2F791F800BF00BF6068807B0128DA
:106F200001D0012010BD0020FCE700002E2E5C2EB9
:106F30002E5C4D6964646C6577617265735C6C7717
:106F400069705C7372635C636F72655C7463705FBD
:106F50006F75742E630000007463705F6F757470DA
:106F600075745F7365676D656E745F627573793A8A
:106F700020696E76616C69642073656700000000AB
:106F8000417373657274696F6E20222573222066C7
:106F900061696C6564206174206C696E652025648C
:106FA00020696E2025730A002DE9F041054600BFD7
:106FB000002D08D100BF28A340F27E7231A138A075
:106FC000F2F73AF800BF00BF3F480088002841D0E0
:106FD00000203E49088037E0FEF7F6F9074627B162
:106FE000012F04D0022F20D102E0BDE8F08129E07A
:106FF000FEF7EAF9042806D134480088801C32499B
:107000000988884200DDF0E7FEF7DEF90602FEF7A8
:10701000DBF9064340F2B450864200DC16B940F278
:10702000B45000E0304668860CE0FEF7CDF9044627
:10703000022C00DAD9E7A01E244909880844234914
:10704000088000BF00BF00BF204800881E49098893
:107050008842C1DB00BFC8E72E2E5C2E2E5C4D6936
:1070600064646C6577617265735C6C7769705C737E
:1070700072635C636F72655C7463705F696E2E63CC
:10708000000000007463705F70617273656F7074EC
:107090003A20696E76616C6964207063620000005A
:1070A000417373657274696F6E20222573222066A6
:1070B00061696C6564206174206C696E652025646B
:1070C00020696E2025730A00E0000024E8000024F7
:1070D0002DE9F84F81460C4617469846DDE90BAB83
:1070E0000A9E009400BFB8F1000F07D100BF29A38A
:1070F000E82233A13BA0F1F79FFF00BF00BF00BF14
:10710000002E07D100BF23A3E92240A135A0F1F74B
:1071100093FF00BF00BFBC421BDA0AF0020050B967
:10712000B07E00F04000A0B9BBF1000F03D0F06EBC
:1071300008B9306F68B104F2B75020F00300B842CC
:1071400001D9384603E004F2B75020F0030080B2C2
:1071500000904FF4207248460099FBF761FD054608
:1071600015B90020BDE8F88F00BF286840B100BF06
:1071700008A340F20B122DA11AA0F1F75DFF00BF8A
:1071800000BF6889001BA8F800002C816C8128468C
:10719000E8E700002E2E5C2E2E5C4D6964646C6561
:1071A00077617265735C6C7769705C7372635C6342
:1071B0006F72655C7463705F6F75742E630000009E
:1071C0007463705F706275665F707265616C6C6F1E
:1071D000633A20696E76616C6964206F76657273BC
:1071E000697A6500417373657274696F6E20222538
:1071F0007322206661696C6564206174206C696E1D
:107200006520256420696E2025730A007463705F11
:10721000706275665F707265616C6C6F633A20694D
:107220006E76616C69642070636200006E656564EF
:1072300020756E636861696E6564207062756600B2
:1072400010B5044600BF04B910BD00BF207DD0B109
:10725000207D0A2817D0207D012814D0606F20B12E
:10726000606FFCF7ABF8002060674FF0FF302086BE
:10727000E06E01F018FD206F01F015FD0020E066C2
:107280002067A4F8680000BFDEE7000070B505467F
:107290000C4600BF002C08D100BF33A340F6870284
:1072A0003BA142A0F1F7C8FE00BF00BF00BF002D08
:1072B00008D100BF2CA340F6880246A13BA0F1F7FD
:1072C000BBFE00BF00BF00BF2868A04203D12868F2
:1072D000C06828600CE0286806E0C168A14202D1BD
:1072E000E168C16002E0C0680028F6D100BF00BFBD
:1072F0000020E06000BF2046FFF7A2FF207D0A28A3
:107300000FD0207D01280CD0A07E00F0010040B1FC
:1073100000BF608B40F00200608300BF2046FFF793
:107320001DF9207D012819D000BFE06E40B100BFDB
:107330000DA340F697022FA11CA0F1F77DFE00BF20
:1073400000BF00BF206F40B100BF07A340F6980206
:107350002EA116A0F1F770FE00BF00BF002020751F
:10736000E08200BF00BF70BD2E2E5C2E2E5C4D69EA
:1073700064646C6577617265735C6C7769705C736B
:1073800072635C636F72655C7463702E63000000EF
:107390007463705F7063625F72656D6F76653A20CB
:1073A000696E76616C696420706362004173736515
:1073B0007274696F6E2022257322206661696C6584
:1073C00064206174206C696E6520256420696E20DC
:1073D00025730A007463705F7063625F72656D6F1E
:1073E00076653A20696E76616C6964207063626CC0
:1073F00069737400756E73656E74207365676D656F
:107400006E7473206C65616B696E6700756E616385
:107410006B6564207365676D656E7473206C656160
:107420006B696E670000000070B504460E46154695
:1074300000BF04B970BD00BF00BF207D012808D186
:1074400000BF07A340F642020FA117A0F1F7F4FD19
:1074500000BF00BFC4F88860657700BFEAE700009E
:107460002E2E5C2E2E5C4D6964646C6577617265AE
:10747000735C6C7769705C7372635C636F72655C7C
:107480007463702E63000000696E76616C6964201D
:10749000736F636B657420737461746520666F72BB
:1074A00020706F6C6C000000417373657274696FBB
:1074B0006E2022257322206661696C6564206174E8
:1074C000206C696E6520256420696E2025730A0092
:1074D0002DE9FE4304460027002600BF002C08D1FA
:1074E00000BFE5A34FF44772EEA1F5A0F1F7A4FDAC
:1074F00000BF00BFFC48007800F00400002845D021
:10750000207D022806D1F949206D096888421BD1E7
:10751000012719E0F649606A0968884201D101270C
:1075200012E0F349606A0968081A0DD4218D606A77
:107530000844EF490968081A002805DC00BF608B81
:1075400040F00200608300BF002F1DD000BF207DEF
:1075500040B900BFC8A34FF44E72E6A1D8A0F1F71E
:107560006BFD00BF00BFEB48007840F00800E94920
:10757000087000BF608B4FF6FE710840608300BF4B
:107580006FF00D00BDE8FE830020FBE7D6480078D1
:1075900000F0020068B1207D02280AD0207D032877
:1075A00007D000BF608B40F00200608300BF002066
:1075B000E8E7A07E00F0100010B9D748006820620C
:1075C000002084F8970084F896002046FFF7ECFC32
:1075D000207D801E082875D2DFE800F004CDF4F38A
:1075E000F2F1F0EFC048007800F0100000286AD0F7
:1075F000BD48007800F002000028F8D0606C401C04
:10760000BA49096888425ED1B9480068401C606286
:10761000606AE062B54800686064C0480068C0897C
:10762000A4F86000B4F86000A4F86200B0480068F4
:10763000401E606504202075201DF4F7A9FC8046DB
:10764000608E221D4146FDF723FB6086608E81001F
:10765000400041F21C12904202D9608E400001E0CD
:1076600041F21C10814202D2608E80000AE0608EDE
:10767000400041F21C11884202D9608E400001E0B6
:1076800041F21C10A4F8480000BFB4F866000028BE
:1076900008DC00BF78A340F26D32A1A188A0F1F709
:1076A000CBFC00BF00BFB4F86600401EA4F8660023
:1076B000256F95B9E56E00BF5DB900BF6EA340F2BE
:1076C000753201E087E231E09BA17DA0F1F7B4FCC7
:1076D00000BF00BF2868E06601E0286820672846F0
:1076E00001F0D4FA206F18B94FF0FF30208603E084
:1076F0000020208684F8420000BFD4F8840038B10E
:1077000000222146D4F8843020699847064600E0DC
:10771000002600BF06F10D0010B96FF00C0031E734
:1077200000BF608B40F00200608323E06E48007869
:1077300000F01000F0B179480068008877490968C6
:107740004988824ACDE90021029069480068804951
:10775000098842187D4B1B1D64480168204601F0D2
:1077600005FA94F84200062804DA00202086204614
:1077700001F0BCF830E25C48007800F0100000280E
:1077800077D0606C401C59490968081A72D457496F
:10779000206D0968081A00286CDC04202075A06F91
:1077A00010B96FF0050623E000BFA06F806978B9BB
:1077B00000BF31A340F2A93205E0F6E1B6E101E1F4
:1077C00076E111E1FFE063A13DA0F1F735FC00BFD8
:1077D00000BF00BFA06F806938B1A16F206900228F
:1077E0008B6921469847064601E06FF00F0600BFFF
:1077F00046B106F10D0010B12046FCF7C1FE6FF056
:107800000C00BFE6204600F051FA5A48008820B12B
:1078100058480088401E57490880608E810040000B
:1078200041F21C12904202D9608E400001E041F208
:107830001C10814202D2608E80000AE0608E4000FF
:1078400041F21C11884202D9608E400001E041F2F1
:107850001C10A4F848002F48007800F0200050B118
:1078600000BF608B40F00200608300BF07202075DE
:10787000A7E098E080E0A4E02E2E5C2E2E5C4D69FF
:1078800064646C6577617265735C6C7769705C7356
:1078900072635C636F72655C7463705F696E2E63A4
:1078A000000000007463705F70726F636573733AF9
:1078B00020696E76616C696420706362000000006C
:1078C000417373657274696F6E202225732220667E
:1078D00061696C6564206174206C696E6520256443
:1078E00020696E2025730A00F8000024F0000024AF
:1078F000EC0000247463705F696E7075743A2070D8
:1079000063622D3E737461746520213D20434C4FAA
:1079100053454400F9000024C0000024DC0000248A
:107920007063622D3E736E645F71756575656C651D
:107930006E203E20300000006E6F207365676D651D
:107940006E7420746F2066726565000050AB06246B
:10795000F60000247063622D3E6C697374656E6579
:10796000722D3E61636365707420213D204E554C3D
:107970004C000000F40000249948006801889848F1
:1079800000684088974ACDE9002002919648006837
:10799000964909884218934B1B1D9548016820465B
:1079A00001F0E4F80DE09348007800F0020040B1E7
:1079B000606A401E8C490968884202D1204600F066
:1079C00095FE09E100BF204600F070F98A48007872
:1079D00000F0200038B100BF608B40F002006083EF
:1079E00000BF07202075F7E0204600F05FF98248CD
:1079F000007800F02000E8B37E48007800F0100026
:107A0000C8B37B49206D0968884239D1E06E90BBCC
:107A100000BF608B40F00200608300BF2046FFF78C
:107A20000FFC00BF00BF75480068A04205D1734835
:107A30000068C068714908600DE07049086806E098
:107A4000C168A14202D1E168C16002E0C0680028BB
:107A5000F6D100BF00BF0020E06000BF01206849F0
:107A6000087000BF0A20207500BF66480068E0600B
:107A7000644801E00DE003E0046001F071FF16E0EE
:107A800000BF608B40F00200608300BF08202075BB
:107A90000DE05848007800F0100040B15449206DC6
:107AA0000968884203D1E06E08B90620207593E08A
:107AB000204600F0FBF85048007800F02000A0B30A
:107AC00000BF608B40F00200608300BF2046FFF7DC
:107AD000B7FB00BF00BF49480068A04205D1474836
:107AE0000068C068454908600DE04449086806E040
:107AF000C168A14202D1E168C16002E0C06800280B
:107B0000F6D100BF00BF0020E06000BF01203C496B
:107B1000087000BF0A20207500BF3A480068E06086
:107B20003848046001F01CFF00BF55E0204600F01B
:107B3000BDF83048007800F01000A8B32C49206D43
:107B40000968884230D1E06E70BB2046FFF778FBB1
:107B500000BF00BF29480068A04205D1274800683F
:107B6000C068264908600DE02449086806E0C1683D
:107B7000A14202D1E168C16002E0C0680028F6D1EC
:107B800000BF00BF0020E06000BF01201C4908705A
:107B900000BF0A20207500BF1A480068E06019483D
:107BA000046001F0DDFE00BF16E0204600F07EF824
:107BB0001048007800F0100060B10D49206D096890
:107BC000884207D1E06E28B90B48007840F01000D9
:107BD0000949087000E000BF00BF0020D2E40000A7
:107BE000DC00002450AB0624EC000024F600002446
:107BF000F0000024F8000024F9000024CC00002448
:107C0000D4000024D00000242DE9F041044600BF38
:107C10001CB96FF00F00BDE8F08100BF606F477BBB
:107C2000666F0020606700BFD4F8800040B1002379
:107C300032462146D4F880C02069E047054606E078
:107C4000002332462146184600F066FC054600BF78
:107C5000FDB907F0200030B3208D40F6683188422E
:107C600002D0208D401C208500BFD4F8800040B198
:107C700000231A462146D4F880C02069E047054613
:107C800000E0002500BF05F10D0060B96FF00C00A9
:107C9000C1E705F10D0010B96FF00C00BBE7666796
:107CA0006FF00400B7E70020B5E700002DE9F05FB2
:107CB00004464FF0000A00BF002C08D100BFE7A324
:107CC00040F27C42F0A1F7A0F1F7B6F900BF00BF87
:107CD00000BF207D042808DA00BFE0A340F27D4207
:107CE000FAA1F0A0F1F7A8F900BF00BFFE480078A4
:107CF00000F01000002870D0B4F86000A16D00EB17
:107D00000108FA49606D0968401A15D4F749606D99
:107D10000968884204D1F649A06D0968401A0BD45D
:107D2000F349A06D096888421AD1F2480068C089F9
:107D3000B4F86010884213D9EE480068C08924F86E
:107D4000600F608834F86019884203DAB4F8600084
:107D5000A4F86200E54800686065E5480068A06531
:107D6000E349606C0968081A00284ADCE248008888
:107D700090BBB4F86010A06D084440453AD1B4F906
:107D80003000002836DBDA49606C0968884231D15E
:107D90004FF0010A94F84300401CC0B294F843101D
:107DA000884204DD94F84300401C84F8430094F8B2
:107DB0004300032817DD00BFB4F84800618E084473
:107DC00080B2B4F84810884208DBB4F84800618EED
:107DD0000844A4F8480005E00CE02AE14FF6FF70E3
:107DE000A4F8480000BF94F84300032802DB2046B3
:107DF00000F0FAFCBAF1000F02D1002084F8430031
:107E0000EBE0606C401CBA490968081A7ED4B84996
:107E1000206D0968081A002878DCA07E00F00400B4
:107E200060B100BF608B4FF6FB710840608300BFFC
:107E300048346088208000206084483C002024343E
:107E4000A077608BB4F9181000EBE10000B2A083BA
:107E5000208CA7490988081A85B20020E077A44839
:107E60000068206214F8100C243C042865DBB4F888
:107E70004800B4F84A10884227DA628B02F40062A4
:107E80000AB1012200E002221146628E4A4392B2F8
:107E9000AA4201DD2A4602E0628E4A4392B21046AF
:107EA00000BFB4F84820024492B2B4F848309A4275
:107EB00005DBB4F848200244A4F8482003E04FF65C
:107EC000FF72A4F8482000BF37E000BFB4F86A0092
:107ED000284480B2B4F86A10884205DBB4F86A001E
:107EE0002844A4F86A0003E04FF6FF70A4F86A0083
:107EF00000BFB4F86A00B4F8481088421DDB48346B
:107F0000608C2188401A6084483C00E062E000BF39
:107F1000B4F84800618E084480B2B4F84810884232
:107F200006DBB4F84800618E0844A4F8480003E07A
:107F30004FF6FF70A4F8480000BF70A22046D4E9B5
:107F40001B31FDF74DF920676EA22046D4E91B13C3
:107F5000FDF746F9E066206F18B94FF0FF30208634
:107F600001E00020208600202077E06E10B900207C
:107F7000A4F86800B4F86400644909880844A4F8C7
:107F80006400608B00F4006018B3206F88B9E06E65
:107F900040B1E16EC9684868F9F7F6F8E16C081A73
:107FA000002816DC00BF608B4FF2FF710840608331
:107FB0000FE0216FC9684868F9F7E6F8E16C081A24
:107FC000002806DC00BF608B4FF2FF710840608321
:107FD00000BF02E0204600F073FE606B48B34449E6
:107FE000A06B0968401A24D5A08E49490988081A4F
:107FF00006B2B4F93C00A6EBE00006B2A08F304414
:1080000000B2A087002E01DA704206B2B4F93E0039
:10801000A6EBA00006B2E08F304400B2E087E08F0C
:10802000B4F93C1000EBE10000B2A4F840000020DD
:1080300060633148008800286CDD207D072869DAFC
:108040002A48616A0068401C081A78D42748616A87
:108050000068294A12881044401E5CE02E2E5C2ED7
:108060002E5C4D6964646C6577617265735C6C77D6
:1080700069705C7372635C636F72655C7463705F7C
:10808000696E2E63000000007463705F7265636543
:108090006976653A20696E76616C69642070636206
:1080A00000000000417373657274696F6E202225B1
:1080B0007322206661696C6564206174206C696E4E
:1080C0006520256420696E2025730A007463705F43
:1080D000726563656976653A2077726F6E672073A3
:1080E0007461746500000000F8000024EC000024B6
:1080F000F0000024DC000024F6000024756E6163AB
:108100006B656400756E73656E740000F400002486
:10811000C000002449E1081A00285FDCAE48476827
:10812000AE49606A0968A0EB010900BFAA4840682F
:1081300060B900BFAFF2DC0340F2955200E04DE0C1
:10814000A7A1AFF2A000F0F777FF00BF00BF00BF0C
:108150004FF6FF7081450AD300BFAFF2001340F223
:108160009652A3A1AFF2C400F0F766FF00BF00BFB4
:108170001FFA89F500BF984840680089A8420ADACA
:1081800000BFAFF228134FF4B3629DA1AFF2EC0031
:10819000F0F752FF00BF00BF8F480089401B8E4997
:1081A0000881084640680089401B1FFA80FB07E0F1
:1081B0007889281A85B2A7F808B0002078813F682E
:1081C0007889A842F4DB29463846FBF7EBFA834965
:1081D000606A08608049C96848600AE07F49606A4F
:1081E0000968081A05D500BF608B40F00200608363
:1081F00000BF7A49606A0968081A7DD4218D606AD7
:108200000844401E75490968081A002874DC73493F
:10821000606A0968884270D16F49C9688889F8F72F
:10822000C0FF00F0030008B1012000E000206A490F
:108230000989084476490880208D0988884256DAE1
:108240006549C9688889F8F7ACFF00F0010098B16A
:108250006149C9688889F8F7A4FF00F03E052846FF
:10826000F8F79FFF5C49C96889894CF2FF02114009
:1082700008435949C9688881208D57490881C968D0
:108280008889F8F78EFF00F0020020B1524800897B
:10829000401E51490881504A11895068FBF78AF9FC
:1082A0004D49C9688889F8F77CFF00F0030008B1E0
:1082B000012000E000204849098908445449088009
:1082C00000BF218D606A014444480068504A12880A
:1082D000104481420AD000BFAFF2802340F2CC525A
:1082E0004CA1AFF24020F0F7A7FE00BF00BF3B4813
:1082F00000684749098801E053E04EE008446062A5
:1083000000BF208D4249098888420ADA00BFAFF2D7
:10831000B4234FF4C1624DA1AFF27820F0F78CFE88
:1083200000BF00BF208D3A490988401A20852046A9
:1083300001F0ECFB284840680089002806DD26484B
:1083400040684A4908600020234948602249C968BA
:108350008889F8F726FF00F0010028B1444800782A
:1083600040F020004249087000BFA07E00F00100EC
:1083700060B100BF608B4FF6FE710840608300BFA4
:1083800000BF608B40F00200608305E000BF608B9F
:1083900040F00100608300BF1BE0204600F090FC2D
:1083A00017E0204600F08CFC13E00C49606A096875
:1083B000081A08D4218D606A0844401E07490968DC
:1083C000081A002805DD00BF608B40F002006083C2
:1083D00000BFBDE8F09F00002CA10724EC000024A2
:1083E000696E7365672E7020213D204E554C4C0000
:1083F000696E73616E65206F666673657421000037
:108400007062756620746F6F2073686F72742100DC
:10841000F60000247463705F726563656976653A7F
:10842000207365676D656E74206E6F742074726959
:108430006D6D656420636F72726563746C7920740E
:108440006F207263765F776E640A00007463705FFA
:10845000726563656976653A207463706C656E2039
:108460003E207263765F776E640A0000FC00002491
:10847000F900002470B504460D46002C0FD000BF53
:10848000207D012808D100BF05A340F2E2720EA1B1
:1084900017A0F0F7D1FD00BF00BFC4F8805070BD39
:1084A0002E2E5C2E2E5C4D6964646C65776172655E
:1084B000735C6C7769705C7372635C636F72655C2C
:1084C0007463702E63000000696E76616C696420CD
:1084D000736F636B657420737461746520666F726B
:1084E00020726563762063616C6C6261636B00006F
:1084F000417373657274696F6E2022257322206642
:1085000061696C6564206174206C696E6520256406
:1085100020696E2025730A002DE9F04107460D46BB
:1085200014461E4600BF1DB96FF00F00BDE8F08174
:1085300000BF3CB12189284600F00CF82046FAF72C
:108540003DFF04E01EB92846FCF734F9EEE70020B1
:10855000ECE700002DE9F04104460F4600BF0CB9DE
:10856000BDE8F08100BF00BF207D012808D100BF19
:1085700015A340F2D3321EA127A0F0F75DFD00BF86
:1085800000BF208D384485B240F66830854202DC59
:10859000208DA84203DD40F66830208500E0258567
:1085A000204601F0B3FA064640F2DA20864208D3AC
:1085B00000BF608B40F00200608300BF2046FDF7E3
:1085C000CDFF00BFCCE700002E2E5C2E2E5C4D6947
:1085D00064646C6577617265735C6C7769705C73F9
:1085E00072635C636F72655C7463702E630000007D
:1085F000646F6E27742063616C6C207463705F72AB
:10860000656376656420666F72206C697374656E4D
:108610002D70636273000000417373657274696F3B
:108620006E2022257322206661696C656420617466
:10863000206C696E6520256420696E2025730A0010
:1086400070B506460D4600BF002D07D100BF09A337
:10865000FF2212A11BA0F0F7EFFC00BF00BF3446C1
:1086600005E0A06FA84201D10020A067E468002CBB
:10867000F7D170BD2E2E5C2E2E5C4D6964646C6546
:1086800077617265735C6C7769705C7372635C634D
:108690006F72655C7463702E630000007463705FBA
:1086A00072656D6F76655F6C697374656E65723A3D
:1086B00020696E76616C6964206C697374656E659F
:1086C00072000000417373657274696F6E20222519
:1086D0007322206661696C6564206174206C696E28
:1086E0006520256420696E2025730A002DE9F0417C
:1086F000044600BF002C08D100BF20A340F2C26294
:1087000029A12FA0F0F798FC00BF00BF206F18B977
:108710006FF00500BDE8F081256F2846FEF7EEFBFF
:1087200010B16FF00500F5E72868206704F16C06CA
:1087300000E03668306858B13168C9684868F8F7B1
:1087400023FD0746E9684868F8F71EFD381AF0D49B
:10875000306828603560286810B90020A4F86800E7
:1087600094F84200FF2804DA94F84200401C84F890
:1087700042000020606300BFCCE700002E2E5C2E7C
:108780002E5C4D6964646C6577617265735C6C77AF
:1087900069705C7372635C636F72655C7463705F55
:1087A0006F75742E630000007463705F7265786D7E
:1087B00069743A20696E76616C6964207063620046
:1087C000417373657274696F6E202225732220666F
:1087D00061696C6564206174206C696E6520256434
:1087E00020696E2025730A0010B5044600BF002CD6
:1087F00008D100BF20A340F2FA622AA131A0F0F70D
:108800001BFC00BF00BF206FA0B3A07E00F00400DF
:1088100080BB2046FFF76AFF60BBB4F84810B4F88D
:108820006020914202DAB4F8481001E0B4F8601018
:10883000084601EBD071C1F34F01A4F84A10B4F817
:108840004A00618E4900884204D2608E4004000CC8
:10885000A4F84A00B4F84A00618E032202FB01002A
:10886000A4F8480000BF608B40F00400608300BFA4
:108870000020208610BD00002E2E5C2E2E5C4D693F
:1088800064646C6577617265735C6C7769705C7346
:1088900072635C636F72655C7463705F6F75742E76
:1088A000630000007463705F7265786D69745F6661
:1088B0006173743A20696E76616C696420706362DA
:1088C00000000000417373657274696F6E20222589
:1088D0007322206661696C6564206174206C696E26
:1088E0006520256420696E2025730A0010B50446B2
:1088F00000BF002C08D100BF08A340F2AE6212A155
:1089000018A0F0F799FB00BF00BF204600F096F8D2
:1089100010B9204600F03AF810BD00002E2E5C2E53
:108920002E5C4D6964646C6577617265735C6C770D
:1089300069705C7372635C636F72655C7463705FB3
:108940006F75742E630000007463705F7265786DDC
:1089500069745F72746F3A20696E76616C69642025
:1089600070636200417373657274696F6E202225B3
:108970007322206661696C6564206174206C696E85
:108980006520256420696E2025730A0010B5044611
:1089900000BF002C08D100BF0AA340F2996214A1C5
:1089A0001CA0F0F749FB00BF00BF94F84200FF286D
:1089B00004DA94F84200401C84F842002046FDF797
:1089C000CDFD10BD2E2E5C2E2E5C4D6964646C6551
:1089D00077617265735C6C7769705C7372635C63FA
:1089E0006F72655C7463705F6F75742E6300000056
:1089F0007463705F7265786D69745F72746F5F63C2
:108A00006F6D6D69743A20696E76616C696420706F
:108A100063620000417373657274696F6E20222572
:108A20007322206661696C6564206174206C696ED4
:108A30006520256420696E2025730A0070B5044600
:108A400000BF002C08D100BF22A340F264622CA119
:108A500034A0F0F7F1FA00BF00BF206F10B96FF03B
:108A6000050070BD256F07E02846FEF747FA10B1F4
:108A70006FF00500F5E72D6828680028F4D1284636
:108A8000FEF73CFA10B16FF00500EAE7E06E2860EF
:108A9000206FE0660020206700BF608B40F400601C
:108AA000608300BFE9684868F8F76EFB0646E9682E
:108AB0008889F8F776FB00F0030008B1012000E098
:108AC0000020298908443044E0640020606300BF2E
:108AD000C7E700002E2E5C2E2E5C4D6964646C6529
:108AE00077617265735C6C7769705C7372635C63E9
:108AF0006F72655C7463705F6F75742E6300000045
:108B00007463705F7265786D69745F72746F5F70A3
:108B10007265706172653A20696E76616C69642075
:108B200070636200417373657274696F6E202225F1
:108B30007322206661696C6564206174206C696EC3
:108B40006520256420696E2025730A0070B50446EF
:108B50000E4615462CB1207A18B1207AF9F7BCFEE2
:108B600070BD2846F3F714FAFAE700002DE9F04F3C
:108B700085B083460E4617461D46DDF8388000BF97
:108B8000002D08D100BF1EA340F2C57227A12EA060
:108B9000F0F752FA00BF00BF00BFB8F1000F08D1D4
:108BA00000BF17A340F2C67231A127A0F0F744FA24
:108BB00000BF00BF4FF0000A46F60B093046F8F739
:108BC000E3FA14220490DDE90F018DE80702002288
:108BD00051463846049BFDF7D9FE044614B905B04A
:108BE000BDE8F08F00231A4621465846FDF7D6FF10
:108BF00043462A4621465846FDF756FF00BFEEE79A
:108C00002E2E5C2E2E5C4D6964646C6577617265F6
:108C1000735C6C7769705C7372635C636F72655CC4
:108C20007463705F6F75742E630000007463705F0F
:108C30007273743A20696E76616C6964206C6F633C
:108C4000616C5F6970000000417373657274696FD5
:108C50006E2022257322206661696C656420617430
:108C6000206C696E6520256420696E2025730A00DA
:108C70007463705F7273743A20696E76616C6964B4
:108C80002072656D6F74655F6970000010B50446F1
:108C900044B1606810B16068FAF790FB2146032088
:108CA000F9F7BAFA10BD70B5044605E0256820460C
:108CB000FFF7ECFF2C4600BF002CF7D170BD000081
:108CC0002DE9F04704460025A94600BF002C08D135
:108CD00000BF2CA340F2EB7235A13DA0F0F7ACF938
:108CE00000BF00BF05F0010008B1042000E0002033
:108CF00005F0020109B1002100E00021084405F05F
:108D0000080109B1002100E00021084405F010012C
:108D100009B1002100E0002100EB0108206DF8F707
:108D200033FA82465346002241462046FDF7C4FDF1
:108D300006464EB900BF608B40F00300608300BF61
:108D40006FF00100BDE8F0874B462A4631462046C9
:108D5000FDF724FF231D224631462046FDF7A4FEE1
:108D600007462FB100BF608B40F00300608306E030
:108D700000BF608B4FF6FC710840608300BF38462F
:108D8000E0E700002E2E5C2E2E5C4D6964646C655D
:108D900077617265735C6C7769705C7372635C6336
:108DA0006F72655C7463705F6F75742E6300000092
:108DB0007463705F73656E645F656D7074795F6115
:108DC000636B3A20696E76616C696420706362003F
:108DD000417373657274696F6E2022257322206659
:108DE00061696C6564206174206C696E652025641E
:108DF00020696E2025730A0070B5044600BF002C60
:108E000008D100BF16A34FF47B7220A126A0F0F773
:108E100013F900BF00BFE06EE8B1E56E00E02D6819
:108E200028680028FBD1E9688889F8F7BAF900F0CA
:108E3000070078B90120F8F7B4F9E968898908438F
:108E4000E968888100BF608B40F02000608300BF2C
:108E5000002070BD00BF01212046FBF77FFFF8E72F
:108E60002E2E5C2E2E5C4D6964646C657761726594
:108E7000735C6C7769705C7372635C636F72655C62
:108E80007463705F6F75742E630000007463705FAD
:108E900073656E645F66696E3A20696E76616C69AF
:108EA0006420706362000000417373657274696FBF
:108EB0006E2022257322206661696C6564206174CE
:108EC000206C696E6520256420696E2025730A0078
:108ED00070B504460D46002C0ED000BF207D012841
:108EE00008D100BF05A340F2F6720EA117A0F0F75B
:108EF000A3F800BF00BFE56770BD00002E2E5C2EFA
:108F00002E5C4D6964646C6577617265735C6C7727
:108F100069705C7372635C636F72655C7463702EFE
:108F200063000000696E76616C696420736F636B27
:108F3000657420737461746520666F722073656E4A
:108F4000742063616C6C6261636B000041737365D4
:108F50007274696F6E2022257322206661696C65C8
:108F600064206174206C696E6520256420696E2020
:108F700025730A0000BF00B9704700BF417500BFEC
:108F8000FAE700002DE9F04F85B04FF00009EA48FC
:108F90000068401CE8490860E8480078401CE74940
:108FA000087000BF0025E6480468D1E200BF207DBC
:108FB000002808D100BFE3A340F2BF42EBA1F6A016
:108FC000F0F73AF800BF00BF00BF207D012808D1AC
:108FD00000BFDCA34FF49862F9A1EFA0F0F72CF8E2
:108FE00000BF00BF00BF207D0A2808D100BFD5A365
:108FF00040F2C142FDA1E8A0F0F71EF800BF00BF9B
:10900000A07FCE490978884202D12546E4689FE2D4
:10901000CA480078A0770026B046207D022806D1F5
:1090200094F84200062802DB701CC6B2D1E094F826
:1090300042000C2802DB701CC6B2CAE094F895000E
:1090400000285CDD00BF206F40B100BFBDA340F22F
:10905000D542F2A1D0A0EFF7EFFF00BF00BF00BFE5
:10906000E06E002808D100BFB6A340F2D642F8A1B6
:10907000C9A0EFF7E1FF00BF00BF94F896000C28ED
:1090800002DB701CC6B2A4E094F89500401EFE49B5
:109090000F5C94F89400B84204DA94F89400401CF1
:1090A00084F8940094F89400B84227DB4FF0010A4A
:1090B000B4F8600030B9204601F056FA70B14FF0B4
:1090C000000A0BE0B4F86010204600F0E3FA28B97B
:1090D0002046FDF743FA08B94FF0000ABAF1000F35
:1090E0000BD0002084F8940094F89500072804D24F
:1090F00094F89500401C84F8950000BF69E0B4F92D
:109100003000002809DBB4F9300047F6FF718842CF
:1091100003DA208E401C00B22086B4F93000B4F986
:109120004010884255DB2046FFF788FC18B1206FBD
:10913000F0BBE06EE0B3207D02281ED094F8422000
:109140000C2A02D294F8422000E00C221146B4F915
:109150003E20B4F93C3002EBE302CC4B5B5C02FAFC
:1091600003F047F6FF72904201DA024601E047F64B
:10917000FF7212B2A4F8402000BF00202086B4F88D
:109180004800B4F86010884202DAB4F8480001E000
:10919000B4F86000049004984010A4F84A00B4F8B1
:1091A0004A00618E4FF6FF7202EA4101884200E0F8
:1091B0000FE005DA608E114601EA4000A4F84A008B
:1091C000608EA4F848000020A4F86A002046FFF74B
:1091D000DDFB207D06280BD1A07E00F0100038B109
:1091E0005549206A0968081A282801D9701CC6B296
:1091F000607A00F00800D0B3207D042802D0207DE2
:10920000072834D1A249D4F8900008444FF4FA71E9
:10921000B0FBF1F0484A216A1268511A884206D21E
:10922000701CC6B208F1010000F0FF081FE094F8BE
:10923000971042F29F4211FB02F1D4F8900000EB2C
:10924000C1004FF4FA71B0FBF1F03B4A216A126899
:10925000511A88420BD22046FCF776FD8146B9F1BF
:10926000000F04D194F89700401C84F89700207DEB
:10927000032807D13049206A0968081A282801D92B
:10928000701CC6B2207D092807D12B49206A0968C5
:10929000081AF02801D9701CC6B2002E49D0D4F8A3
:1092A0008CA02046FDF7CCFF8DB100BF244800689C
:1092B000844208D100BF23A340F26E5275A136A0AC
:1092C000EFF7BAFE00BF00BFE068E86011E000BF42
:1092D0001B480068A04208D000BF1AA340F2725297
:1092E00077A12DA0EFF7A8FE00BF00BF1449E068EA
:1092F0000860B8F1000F0BD0208BE18A221DCDE968
:109300000021029023462046626A216DFFF72EFC61
:10931000D4F810B0207D03902746E4683846FBF768
:1093200019FF00207149087000BFBAF1000F01D089
:10933000DEE0E7E0E0E00000C0000024D60000240A
:10934000CC0000242E2E5C2E2E5C4D6964646C656E
:1093500077617265735C6C7769705C7372635C6370
:109360006F72655C7463702E630000007463705FDD
:10937000736C6F77746D723A2061637469766520DF
:109380007063622D3E737461746520213D20434CEF
:109390004F5345440A000000417373657274696F4E
:1093A0006E2022257322206661696C6564206174D9
:1093B000206C696E6520256420696E2025730A0083
:1093C0007463705F736C6F77746D723A206163744D
:1093D000697665207063622D3E7374617465202127
:1093E0003D204C495354454E0A0000007463705FA1
:1093F000736C6F77746D723A20616374697665205F
:109400007063622D3E737461746520213D20544960
:109410004D452D574149540A000000007463705FA8
:10942000736C6F7774696D723A20706572736973CB
:1094300074207469636B696E67207769746820694A
:109440006E2D666C69676874206461746100000049
:109450007463705F736C6F7774696D723A207065B6
:109460007273697374207469636B696E67207769BE
:10947000746820656D7074792073656E6420627500
:109480006666657200000000B9DB0108ACDB01080C
:10949000B84C0A007463705F736C6F77746D723AC6
:1094A000206D6964646C652074637020213D2074B4
:1094B00063705F6163746976655F706362730000F7
:1094C0007463705F736C6F77746D723A2066697243
:1094D000737420706362203D3D207463705F61632C
:1094E000746976655F70636273000000D4000024C5
:1094F0006FF00C015846D04700BF4348007800B1D8
:1095000050E524E02546E468287F401C2877287F22
:10951000697F88421BDB002028773B49087000BF29
:10952000D5F8880030B12946D5F8882028699047B9
:10953000814601E04FF0000900BF3348007800B1D8
:1095400030E5B9F1000F02D12846FDF707F800BF5A
:10955000002C7FF42BAD00252C4804684EE000BFA2
:10956000207D0A280AD000BFAFF2282340F2A25281
:1095700027A1AFF2DC10EFF75FFD00BF00BF0026B0
:109580002F49206A0968081AF02801D9701CC6B250
:10959000002E31D02046FDF753FE9DB100BF1B4881
:1095A000006884420AD100BFAFF268234FF4B6626C
:1095B00024A1AFF21C20EFF73FFD00BF00BFE06821
:1095C000E86013E000BF11480068A0420AD000BF65
:1095D000AFF2902340F2B45224A1AFF24420EFF74F
:1095E0002BFD00BF00BF0949E06808602746E4681A
:1095F0003846FBF7AFFD01E02546E468002CAED10C
:1096000005B0BDE8F08F0000D4000024D000002495
:109610007463705F736C6F77746D723A2054494D48
:10962000452D57414954207063622D3E7374617417
:1096300065203D3D2054494D452D5741495400007A
:10964000C00000247463705F736C6F77746D723A3E
:10965000206D6964646C652074637020213D207402
:1096600063705F74775F7063627300007463705F30
:10967000736C6F77746D723A2066697273742070C0
:109680006362203D3D207463705F74775F70636236
:10969000730000002DE9F04F85B005460E46002707
:1096A0000024A34600BF002D08D100BF7AA340F2DA
:1096B0004B3284A18CA0EFF7BFFC00BF00BFEC6E63
:1096C00024B94FF0FF3005B0BDE8F08F002E0CD16B
:1096D00000BF00BF70A340F253328DA182A0EFF70C
:1096E000ABFC00BF00BFB01FEDE72089B04201DC3A
:1096F0000020E8E700BF688EB04208DA00BF66A32A
:1097000040F25B328BA178A0EFF796FC00BF00BF60
:1097100000BF2089002808DC00BF5FA34FF4577208
:1097200088A171A0EFF788FC00BF00BF94F80A8001
:1097300008F0010008B1042000E0002008F0020158
:1097400009B1002100E00021084408F0080109B136
:10975000002100E00021084408F0100109B10021B7
:1097600000E00021084404902089801B1FFA80FA41
:109770000498504481B24FF420723620F9F750FA21
:109780008346BBF1000F00D170E060680089218939
:10979000401A304480B20290DBF80430049A9918E1
:1097A00060685246029BF9F7F5FC504500D05DE039
:1097B000E1688889F7F7F5FC00F03F090020039085
:1097C00009F0080028B129F00809039840F00800C2
:1097D000039009F0010028B129F00109039840F035
:1097E00001000390E1684868F7F7CEFC3044034677
:1097F000CDE9008059462846039AFBF763F90746EE
:1098000017B94FF0000B31E06068F9F755FC35F8F7
:10981000661F081A288062681289A2EB0A0291B2B8
:109820006068F9F7C7FE2089A0EB0A00208148464E
:10983000F7F7B7FCE16889890843E16888816068C7
:10984000F9F73AFC2988084428807868F9F734FC4D
:109850002988084425F86609206838602760386838
:1098600010B90020A5F8680000202CE700BF47B120
:1098700000BF09A340F2D93236A11BA0EFF7DCFBF1
:1098800000BF00BFBBF1000F02D05846F9F796FDAC
:109890004FF0FF3017E700002E2E5C2E2E5C4D6936
:1098A00064646C6577617265735C6C7769705C7316
:1098B00072635C636F72655C7463705F6F75742E46
:1098C000630000007463705F73706C69745F756E21
:1098D00073656E745F7365673A20696E76616C6953
:1098E0006420706362000000417373657274696F75
:1098F0006E2022257322206661696C656420617484
:10990000206C696E6520256420696E2025730A002D
:1099100043616E27742073706C6974207365676D82
:10992000656E7420696E746F206C656E6774682054
:109930003000000073706C6974203C3D206D7373BF
:1099400000000000757365672D3E6C656E203E203B
:1099500030000000736567203D3D204E554C4C00A3
:1099600010B50948006868B90848006810B9084887
:10997000006838B101200449086000220549FA2036
:10998000FAF720FC10BD00000C010024CC000024DC
:10999000D0000024D1A601083EB50446294800782D
:1099A00000F0040000B13EBD00BF002C08D100BF94
:1099B00025A340F2EE222FA136A0EFF73DFB00BF1A
:1099C00000BF2048007800F0020018B33B49606AED
:1099D0000968081A26D4218D606A08443749096845
:1099E000081A00281EDC36480068008834490968D7
:1099F0004988344ACDE90021029030480068324954
:109A0000098842182F4B1B1D304801682046FFF77C
:109A1000ADF8C8E70B48007800F0010010B12C4801
:109A20000068206228480088002808DD00BF608B9D
:109A300040F00200608300BF2046FCF78FFD00BFAE
:109A4000B1E70000F80000242E2E5C2E2E5C4D693C
:109A500064646C6577617265735C6C7769705C7364
:109A600072635C636F72655C7463705F696E2E63B2
:109A7000000000007463705F74696D6577616974DC
:109A80005F696E7075743A20696E76616C696420E6
:109A900070636200417373657274696F6E20222572
:109AA0007322206661696C6564206174206C696E44
:109AB0006520256420696E2025730A00EC000024CF
:109AC000DC00002450AB0624F6000024F000002443
:109AD000C000002410B5FBF7EFFA06480078401CE0
:109AE000C0B20449087000F0010008B1FFF74AFA5B
:109AF00010BD0000D50000240348007840F010009D
:109B00000149087070470000F900002470B5044650
:109B100000BF002C08D100BF1CA340F2A73225A132
:109B20002DA0EFF789FA00BF00BF218D606A4518AC
:109B3000608E40F2B452E16A904201DD104600E0CE
:109B4000608E0844281A04D4208D6085E06A281AA3
:109B500070BDE16A606A401A002802DD002060855D
:109B600012E0616AE06A461A00BFB6F5803F08D38A
:109B700000BF06A340F2B73221A117A0EFF75CFAAD
:109B800000BF00BF668500BF0020E1E72E2E5C2EDF
:109B90002E5C4D6964646C6577617265735C6C778B
:109BA00069705C7372635C636F72655C7463702E62
:109BB000630000007463705F7570646174655F7248
:109BC00063765F616E6E5F776E643A20696E766170
:109BD0006C69642070636200417373657274696FAD
:109BE0006E2022257322206661696C656420617491
:109BF000206C696E6520256420696E2025730A003B
:109C00006E65775F7263765F616E6E5F776E6420FC
:109C10003C3D203078666666660000002DE9FF4F07
:109C200091B004468A4617464FF0000B00250020ED
:109C300010900F900E9000260B900A90814609908C
:109C400000BF24B96FF00F0015B0BDE8F08F00BF62
:109C5000B4F8621001EBD1725210638E9A4201DDAA
:109C6000628E04E0B4F8620000EBD072521092B23F
:109C70000792079A0AB1079800E0608E079000BF2C
:109C8000BAF1000F02D16FF00F00DDE700BF3946D7
:109C9000204600F095FB0890089808B10898D3E793
:109CA000B4F866000D9000200C90E06E00287DD086
:109CB000E56E00E02D6828680028FBD1A87A00F046
:109CC000010008B1042000E00020A97A01F002019F
:109CD00009B1002100E000210844A97A01F008013F
:109CE00009B1002100E000210844A97A01F0100127
:109CF00009B1002100E000210844069000BF298935
:109D0000069801440798814208DD00BFE9A34FF49B
:109D1000F372F3A1F8A0EFF78FF900BF00BF298914
:109D2000069801440798401A1FFA80F8B4F86800B2
:109D30000A90BDF82800002831DD00BFBDF82800DA
:109D4000404508DD00BFDBA34FF4FC72F4A1EAA09C
:109D5000EFF772F900BF00BF1095BDF82800B842B8
:109D600002DABDF8280000E03846404501DD4046F3
:109D700007E0BDF82800B84202DABDF8280000E08C
:109D80003846814606EB090086B2BDF82800A0EBF4
:109D9000090080B20A90A8EB09001FFA80F800BF02
:109DA000BDF8280060B1BE420AD000E07AE000BFF2
:109DB000C0A34FF40072E2A1CFA0EFF73DF900BFBE
:109DC00000BFBE426DDAB8F1000F6ADD28890028B5
:109DD00067DDB81B404501DD404600E0B81B80B29E
:109DE00005901095149800F00100E8B10121149835
:109DF0000AAB4246CDE90040029100200599FDF7EB
:109E000067F9B0F1000B00D185E20AEB0601DBF83F
:109E10000400059AE6F7AAFA5846F9F74DF90D99A4
:109E2000084480B20D9038E06868049002E004981D
:109E300000680490049800680028F8D10498007B1A
:109E400000F0C000A0B9049841684089084450451A
:109E50000ED100BF46B100BF96A340F23122C0A18F
:109E6000A5A0EFF7E9F800BF00BF0598099013E03F
:109E7000012200200599F8F7D3FEB0F1000B00D1C4
:109E800049E20AEB0600CBF804005846F9F714F94A
:109E90000D99084480B20D9000BF0598304486B2F9
:109EA00000BF0DE000BFB4F8680040B100BF81A35F
:109EB00040F24A22B5A190A0EFF7BEF800BF00BF64
:109EC000A5E0B81B80B206900C990798401A80B2A2
:109ED0000590DDE90510884201DA069800E0059852
:109EE0000490149800F0010000282FD00E9808B9B3
:109EF000012100E000211498CDE9004002910C9A64
:109F00000498104481B20AAB3620079AFDF7E0F8B6
:109F1000B0F1000800D1FEE100BFB8F80A100498C3
:109F2000814208DA00BF63A340F26622A3A172A0B7
:109F3000EFF782F800BF00BF0AEB0601D8F8043043
:109F40000C9A9818049AE6F711FA2BE000BFBDF8B6
:109F5000280040B100BF57A340F27122A7A166A01C
:109F6000EFF76AF800BF00BF012236200499F8F726
:109F700057FE039000B9CEE10AEB06010398416059
:109F80004FF4207236200C99F8F74AFEB0F1000821
:109F900003D10398F9F712FABDE140460399F9F7A6
:109FA0000DF800BF4046F9F787F80D99084480B2D4
:109FB0000D900D98082803D94046F9F7FFF9AAE15A
:109FC0000B980090E06D8319002241462046FAF775
:109FD00079FD109000B99EE10E9810B910980E907E
:109FE0000FE000BF0F9840B900BF32A340F2AB2290
:109FF00086A141A0EFF720F800BF00BFDDE90F10F8
:10A00000086010980F900498304486B200BFBE429A
:10A01000FFF657AFB9F1000F21DDD5F8048017E046
:10A02000B8F808004844A8F80800D8F8000068B953
:10A03000B8F80A20D8F8041088184A465146E6F7BE
:10A0400095F9B8F80A004844A8F80A00D8F8008042
:10A05000B8F1000FE4D128894844288100BFBDF839
:10A060002800A4F86800BBF1000F15D000BF45B967
:10A0700000BF10A34FF4387269A11FA0EEF7DCFFF8
:10A0800000BF00BF59466868F8F798FF2889BBF8F9
:10A0900008100844288106E10998002809DD00BF5E
:10A0A0000DB1686820B900BF02A340F2E622D3E0F8
:10A0B000D8E0F8E02E2E5C2E2E5C4D6964646C6551
:10A0C00077617265735C6C7769705C7372635C63F3
:10A0D0006F72655C7463705F6F75742E630000004F
:10A0E0006D73735F6C6F63616C20697320746F6F45
:10A0F00020736D616C6C0000417373657274696FDD
:10A100006E2022257322206661696C65642061746B
:10A11000206C696E6520256420696E2025730A0015
:10A12000696E636F6E73697374656E74206F7665A4
:10A130007273697A652076732E207370616365008F
:10A14000696E636F6E73697374656E74206F766584
:10A150007273697A652076732E206C656E0000003C
:10A160007463705F77726974653A20524F4D207046
:10A17000627566732063616E6E6F74206265206F16
:10A1800076657273697A656400000000756E7365A8
:10A190006E745F6F76657273697A65206D69736D31
:10A1A0006174636820287063622D3E756E73656EFE
:10A1B00074206973204E554C4C2900007463705F05
:10A1C00077726974653A20636865636B20746861AF
:10A1D0007420666972737420706275662063616EA4
:10A1E00020686F6C642074686520636F6D706C65A7
:10A1F0007465207365676C656E0000006F7665722C
:10A2000073697A65203D3D203000000070726576EC
:10A210005F73656720213D204E554C4C00000000C7
:10A220007463705F77726974653A2063616E6E6FF4
:10A230007420636F6E636174656E61746520776806
:10A24000656E207063622D3E756E73656E74206955
:10A250007320656D7074790043A1AFF26410EEF75E
:10A26000EBFE00BF00BFD5F8048007E0B8F8081087
:10A2700009980844A8F80800D8F80080D8F8000029
:10A280000028F3D1B8F8081009980844A8F8080085
:10A29000B8F80A1009980844A8F80A00298909980A
:10A2A0000844288100BF15B90E98E06601E00E98B9
:10A2B000286054F85C0F384420602089C01B20813E
:10A2C0000D98608160895C3C80B100BF206F60B9EF
:10A2D000E06E50B900BFAFF2242340F2123230A139
:10A2E000AFF2EC10EEF7A8FE00BF00BF109880B1EF
:10A2F0001098C06868B1149800F0020048B90820AE
:10A30000F6F74FFF1099C968898908431099C96801
:10A310008881002098E400BF608B40F0800060835B
:10A3200000BFBBF1000F02D05846F9F747F80E986E
:10A3300010B10E98FEF7B7FCB4F8660080B100BF0C
:10A34000206F60B9E06E50B900BFAFF2982340F2C1
:10A35000273213A1AFF26020EEF76EFE00BF00BF00
:10A360004FF0FF3070E400007463705F77726974BF
:10A37000653A20657874656E73696F6E206F66202C
:10A380007265666572656E63652072657175697266
:10A390006573207265666572656E63650000000016
:10A3A0007463705F77726974653A2076616C696472
:10A3B000207175657565206C656E677468000000B6
:10A3C00070B504460D4600BF002C08D100BF2DA378
:10A3D00040F2331236A13EA0EEF72EFE00BF00BFC2
:10A3E000207D04280BD0207D072808D0207D02285E
:10A3F00005D0207D032802D06FF00A0070BD0DB992
:10A400000020FBE7B4F86400A84208DA00BF608BC4
:10A4100040F08000608300BF4FF0FF30EEE7B4F8FB
:10A420006600082808D300BF608B40F0800060837E
:10A4300000BF4FF0FF30E1E7B4F86600002810D00D
:10A4400000BF206F00280BD1E06E002808D100BFAC
:10A450000CA340F2551228A11DA0EEF7EDFD00BFA0
:10A460000EE000BF206F08B9E06E40B100BF05A349
:10A470004FF4AC722FA116A0EEF7DEFD00BF00BFB7
:10A480000020BBE72E2E5C2E2E5C4D6964646C654B
:10A4900077617265735C6C7769705C7372635C631F
:10A4A0006F72655C7463705F6F75742E630000007B
:10A4B0007463705F77726974655F636865636B73FB
:10A4C0003A20696E76616C696420706362000000F6
:10A4D000417373657274696F6E2022257322206642
:10A4E00061696C6564206174206C696E6520256407
:10A4F00020696E2025730A007463705F7772697437
:10A50000653A207062756673206F6E20717565758F
:10A5100065203D3E206174206C65617374206F6E10
:10A5200065207175657565206E6F6E2D656D707433
:10A53000790000007463705F77726974653A206E09
:10A540006F207062756673206F6E2071756575651A
:10A55000203D3E20626F74682071756575657320BB
:10A56000656D7074790000002DE9FC5F04460020E1
:10A57000009000BF002C08D100BF37A34FF4056244
:10A5800040A149A0EEF758FD00BF00BFE56E15B928
:10A590000020BDE8FC9F94F89600FF2804DA94F8A8
:10A5A0009600401C84F89600E9688889F6F7F9FD62
:10A5B00000F0010018B1288908B9012000E000204E
:10A5C0008146B9F1000F01D1012000E00020824650
:10A5D000E8684368524620460099FCF76DF9064644
:10A5E00016B94FF0FF30D4E77768B9F1000F09D002
:10A5F0001120F6F7D6FDB9894CF2FF02114008434D
:10A60000B8810DE0706800F1140B696809892A8926
:10A61000891A8BB2012259466868F8F7BBFD00BF62
:10A62000E9684868F6F7B0FD00F10108206DB0EB6D
:10A63000080001D5C4F8508000231A463146204650
:10A64000FCF7ACFA231D224631462046FCF72CFAD3
:10A65000019001989DE700002E2E5C2E2E5C4D6926
:10A6600064646C6577617265735C6C7769705C7348
:10A6700072635C636F72655C7463705F6F75742E78
:10A68000630000007463705F7A65726F5F77696E54
:10A69000646F775F70726F62653A20696E76616C85
:10A6A0006964207063620000417373657274696F3E
:10A6B0006E2022257322206661696C6564206174B6
:10A6C000206C696E6520256420696E2025730A0060
:10A6D00010B50446FFF7FEF90748006810B90748AF
:10A6E000006828B100220649FA20F9F76BFD02E064
:10A6F00000200449086010BDCC000024D0000024D4
:10A70000D1A601080C01002410B5E5F71DFEC0F329
:10A710000D0000F540400149088010BD10010024E3
:10A720002DE9FE4F05460E460020019000BF3DB9C1
:10A7300000BF61A3CF226AA16FA0EEF77DFC00BF2E
:10A7400000BF00BF3EB900BF5BA3D02274A16AA0C6
:10A75000EEF772FC00BF00BF6889082803DA2846BC
:10A76000F8F72CFEA6E0D5F804A0744A11685069E9
:10A77000F0F757FF8146BAF80000F6F712FD83465E
:10A78000BAF80200F6F70DFD029000240027A0465B
:10A790006B48046838E0618A0298814232D14A46A7
:10A7A0003146204600F0DCF860B3207C00F0040065
:10A7B000A8B9B8F1000F01D1A04610E0B9F1000F1F
:10A7C0000DD05E484069401C48B9D8F80000716857
:10A7D000884204D020687168884200D1A046A08ACF
:10A7E00058450FD1606820B15449606809698842B2
:10A7F00008D137B1E068F86051480068E06050481F
:10A80000046003E02746E468002CC4D100BF04B90B
:10A81000444614B10120019008E048497068496934
:10A82000884201D1012000E0002001900198002819
:10A830003CD008212846F8F7B5FF70B100BF00BF33
:10A840001DA34FF4B8723FA12BA0EEF7F5FB00BF9C
:10A8500000BF2846F8F7B2FD2CE07CB1A06948B1F2
:10A86000CDF800B0354B10332A462146D4E906C056
:10A87000E0471EE02846F8F7A1FD1BE0B9F1000F04
:10A8800010D12E48007D00F0F000E0280AD02B48BF
:10A890008089083001B22846F8F762FE0321284675
:10A8A000F0F74EFB2846F8F789FD02E02846F8F756
:10A8B00085FD00BFBDE8FE8F2E2E5C2E2E5C4D69FF
:10A8C00064646C6577617265735C6C7769705C73E6
:10A8D00072635C636F72655C7564702E6300000068
:10A8E0007564705F696E7075743A20696E76616C1C
:10A8F0006964207062756600417373657274696F74
:10A900006E2022257322206661696C656420617463
:10A91000206C696E6520256420696E2025730A000D
:10A920007564705F696E7075743A20696E76616CDB
:10A930006964206E657469660000000040AB0624FF
:10A9400014010024706275665F72656D6F76655FD5
:10A95000686561646572206661696C65640A0000FF
:10A9600070B504460D46164600BF002C07D100BF47
:10A970001FA3872228A131A0EEF75EFB00BF00BF16
:10A9800000BF002D07D100BF19A3882235A12BA03D
:10A99000EEF752FB00BF00BF207A50B1217A3B484E
:10A9A000406890F83000401CC0B2814201D00020C5
:10A9B00070BD8EB174B1206860B134484069401CEC
:10A9C00040B12068A968084030494969AA68114027
:10A9D00088420BD10120EBE734B1206820B12B492C
:10A9E00020684969884201D10120E1E70020DFE7C2
:10A9F0002E2E5C2E2E5C4D6964646C6577617265E9
:10AA0000735C6C7769705C7372635C636F72655CB6
:10AA10007564702E630000007564705F696E7075F8
:10AA2000745F6C6F63616C5F6D617463683A206919
:10AA30006E76616C696420706362000041737365B7
:10AA40007274696F6E2022257322206661696C65BD
:10AA500064206174206C696E6520256420696E2015
:10AA600025730A007564705F696E7075745F6C6F32
:10AA700063616C5F6D617463683A20696E76616CC6
:10AA80006964206E657469660000000040AB0624AE
:10AA900010B5024682B1136873B169B10B685BB13E
:10AAA000064B186806E003681468A34201D10B68DE
:10AAB0000360C0680028F6D110BD00001401002416
:10AAC00010B5044609480A49086008464460002158
:10AAD0008160C160016181610C214161ECF75EFE22
:10AAE000012204490248ECF7F5FE10BD00100140B8
:10AAF00024020024120000240000000001020304CC
:10AB000001020304060708090006101600061016C5
:10AB1000010002000400060008000A000C001000FA
:10AB20002000400080000001000000000000000044
:10AB300000000000000000003F4000000000000096
:10AB400000003000400030004000000009000BC051
:10AB50003D000BC03D00090018C024407FE02240AA
:10AB600031800000180024C01B000D80324001809D
:10AB700003801C4027401C800740004010006000FC
:10AB800000000000000000000000000000001F8026
:10AB9000204040200000402020401F800000000096
:10ABA000090006001F8006000900000004000400E0
:10ABB0003F8004000400000000100060000000005E
:10ABC0000000000004000400040004000400000071
:10ABD000000000400000000000000000002001C054
:10ABE00006003800400000001F8020402040204028
:10ABF0001F800000000010403FC000400000000027
:10AC000018C02140224024401840000010802040FD
:10AC1000244024401B80000002000D0011003FC0B2
:10AC2000014000003C802440244024402380000058
:10AC30001F80244024403440038000003000200066
:10AC400027C03800200000001B80244024402440FE
:10AC50001B8000001C0022C0224022401F800000F8
:10AC6000000000000840000000000000000000009C
:10AC70000460000000000000000004000A00110051
:10AC80002080404009000900090009000900000077
:10AC900000004040208011000A000400180020003D
:10ACA00023402400180000001F8020402740294036
:10ACB0001F400000004007C039000F0001C00040E5
:10ACC00020403FC0244024401B8000001F802040C3
:10ACD000204020403080000020403FC020402040E5
:10ACE0001F80000020403FC024402E4030C00000A4
:10ACF00020403FC024402E00300000000F00108094
:10AD0000204022403380020020403FC00400040065
:10AD10003FC02040204020403FC020402040000055
:10AD20000060202020203FC02000200020403FC0A5
:10AD300024400B0030C0204020403FC02040004055
:10AD4000004000C03FC03C0003C03C003FC00000CA
:10AD500020403FC00C4023003FC020001F80204007
:10AD6000204020401F80000020403FC0244024009D
:10AD7000180000001F802140214020E01FA000009B
:10AD800020403FC02440260019C0004018C0244085
:10AD90002440224031800000300020403FC020404D
:10ADA0003000000020003F80004000403F80200035
:10ADB00020003E0001C0070038002000380007C016
:10ADC0003C0007C038000000204039C0060039C0F0
:10ADD000204000002000384007C03840200000001C
:10ADE000304021C02640384020C000000000000054
:10ADF0007FE0402040200000000070000C00038035
:10AE0000004000000000402040207FE000000000E3
:10AE10000000200040002000000000000010001092
:10AE200000100010001000100000000040000000A2
:10AE300000000000000002800540054003C0004003
:10AE400020003FC004400440038000000000038055
:10AE500004400440064000000000038004402440F9
:10AE60003FC0004000000380054005400340000053
:10AE7000000004401FC0244024402000000002E0E5
:10AE8000055005500650042020403FC004400400F7
:10AE900003C000400000044027C000400000000044
:10AEA00000100010041027E00000000020403FC008
:10AEB0000140070004C00440204020403FC0004043
:10AEC0000040000007C0040007C0040003C00000E9
:10AED000044007C00440040003C000400000038099
:10AEE0000440044003800000041007F004500440B4
:10AEF00003800000000003800440045007F00010AD
:10AF0000044007C0024004000400000000000640A6
:10AF10000540054004C00000000004001F800440FC
:10AF200000400000040007800040044007C00040CB
:10AF30000400070004C0018006000400060001C0F0
:10AF4000070001C006000000044006C0010006C062
:10AF5000044000000410071004E001800600040013
:10AF60000000044005C0064004400000000000004E
:10AF700004007BE040200000000000000000FFF023
:10AF800000000000000040207BE004000000000002
:10AF90004000800040002000200040000000000031
:10AFA00000000000000000000000000000000000A1
:10AFB00000001FCC000C0000000000000000080092
:10AFC000300060000800300060000000022003FC38
:10AFD0001E20022003FC1E200220000000000E188C
:10AFE00011043FFF10840C78000000000F00108453
:10AFF0000F3800C0077818840078000000780F84AC
:10B0000010C411240E9800E40084000808006800B1
:10B0100070000000000000000000000000000000C0
:10B02000000007E018182004400200000000400261
:10B030002004181807E00000000000000240024051
:10B0400001800FF00180024002400000008000807B
:10B0500000800FF800800080008000000001000DDB
:10B06000000E000000000000000000000000008052
:10B070000080008000800080008000800000000CC4
:10B08000000C0000000000000000000000000006AE
:10B09000001800600180060018002000000007F082
:10B0A000080810041004080807F000000000080455
:10B0B00008041FFC000400040000000000000E0C47
:10B0C00010141024104411840E0C000000000C1801
:10B0D00010041104110412880C700000000000E03C
:10B0E0000320042408241FFC0024000000001F98F3
:10B0F000108411041104108810700000000007F083
:10B1000008881104110418880070000000001C0059
:10B11000100010FC13001C001000000000000E388E
:10B1200011441084108411440E3800000000070000
:10B13000088C10441044088807F00000000000004C
:10B140000000030C030C00000000000000000000E1
:10B150000001010600000000000000000000008067
:10B160000140022004100808100400000220022000
:10B170000220022002200220022000000000100411
:10B1800008080410022001400080000000000E00AA
:10B190001200100C106C10800F00000003E00C185F
:10B1A00013E4142417C4082807D000000004003C4E
:10B1B00003C41C40074000E4001C000410041FFCF2
:10B1C0001104110411040E880070000003E00C1833
:10B1D00010041004100410081C10000010041FFCC0
:10B1E000100410041004080807F0000010041FFCED
:10B1F0001104110417C410040818000010041FFCE7
:10B200001104110017C010000800000003E00C1822
:10B210001004100410441C780040000010041FFCAF
:10B2200010840080008010841FFC100400001004B3
:10B2300010041FFC100410040000000000030001B3
:10B24000100110011FFE10001000000010041FFC70
:10B25000110403801464181C1004000010041FFC67
:10B260001004000400040004000C000010041FFC83
:10B270001F0000FC1F001FFC1004000010041FFC36
:10B280000C04030000E010181FFC100007F0080871
:10B29000100410041004080807F0000010041FFC3C
:10B2A00010841080108010800F00000007F0081834
:10B2B00010241024101C080A07F2000010041FFCC0
:10B2C0001104110011C011300E0C000400000E1CFE
:10B2D00011041084108410441C3800001800100061
:10B2E00010041FFC100410001800000010001FF8CC
:10B2F00010040004000410041FF8100010001E00C9
:10B3000011E0001C007013801C0010001FC0103CD6
:10B3100000E01F0000E0103C1FC000001004180CEB
:10B32000163401C001C01634180C100410001C00A3
:10B33000130400FC13041C00100000000804101C7F
:10B340001064108413041C04101800000000000096
:10B3500000007FFE4002400240020000000030007A
:10B360000C0003800060001C00030000000040028D
:10B37000400240027FFE00000000000000000000CC
:10B3800020004000400040002000000000010001BB
:10B390000001000100010001000100010000400067
:10B3A00040002000000000000000000000000098A5
:10B3B000012401440144014400FC000410001FFC6E
:10B3C0000088010401040088007000000000007083
:10B3D00000880104010401040088000000000070DE
:10B3E00000880104010411081FFC0004000000F89B
:10B3F000014401440144014400C80000000001046C
:10B4000001040FFC1104110411001800000000D603
:10B4100001290129012901C90106000010041FFCAE
:10B42000008401000100010400FC0004000001048C
:10B43000190419FC000400040000000000000003CF
:10B4400000010101190119FE0000000010041FFC99
:10B450000024004001B4010C0104000000001004AD
:10B4600010041FFC0004000400000000010401FCA3
:10B470000104010001FC0104010000FC010401FCC5
:10B48000008401000100010400FC0004000000F839
:10B49000010401040104010400F80000010101FF9E
:10B4A00000850104010400880070000000000070A5
:10B4B000008801040104010501FF000101040104E9
:10B4C00001FC00840104010001800000000000CCA8
:10B4D000012401240124012401980000000001003E
:10B4E000010007F80104010400000000010001F858
:10B4F000000400040004010801FC000401000180B4
:10B500000170000C001001600180010001F0010CCD
:10B51000003001C00030010C01F001000000010406
:10B52000018C00740170018C010400000101018193
:10B530000171000E0018016001800100000001840B
:10B54000010C013401440184010C000000000000E2
:10B550000000000001003EFC40024002000000002C
:10B5600000000000FFFF000000000000000040029B
:10B5700040023EFC010000000000000000006000EE
:10B5800080008000400040002000200000000000FB
:10B5900000000000000000000000000000000000AB
:10B5A000000000000000000000000000000000009B
:10B5B0000000000000000000000000000000000F7C
:10B5C00080380FFE380F80380000000000000000B7
:10B5D0000000000000000000000001000006000064
:10B5E0000C00003800003100000600000C0000389C
:10B5F00000003000000000000000000061800067D3
:10B60000F807F9800061800061800061800061803E
:10B610000067F807F980006180000000000000006A
:10B62000000001C0E003E0F00630080418081FFF26
:10B63000FE040E080787F00381E000000000000010
:10B6400001F000060C00040408060C7001F9C000AB
:10B650000E00003BE000EC18070808040C1800037B
:10B66000E00000000001E00007F003F818041C08E7
:10B6700004170807E1D003C0E00023B0003C080035
:10B680002008000010000000000000010000310050
:10B69000003200001C00000000000000000000005C
:10B6A000000000000000000000000000000000009A
:10B6B0000000000000000000000000007F0001FF0B
:10B6C000C00780F00C0018100004200002000000E9
:10B6D0000000002000021000040C00180780F00198
:10B6E000FFC0007F0000000000000000000000001C
:10B6F000000000000000000042000066000066003C
:10B70000003C0000180003FFC0001800003C0000CF
:10B71000660000660000420000000000080000080B
:10B720000000080000080000080001FFC000080039
:10B7300000080000080000080000080000000000E9
:10B74000000100003100003200001C000000000079
:10B7500000000000000000000000000000000000E9
:10B7600000000000080000080000080000080000B9
:10B770000800000800000800000800000800000899
:10B780000000000000000000000000003800003849
:10B790000000380000000000000000000000000071
:10B7A0000000000000000000000000000006000093
:10B7B0001C000070000180000E0000380000C00076
:10B7C0000700001C00003000000000000000000026
:10B7D0007F8001FFE0038070060018040008040069
:10B7E0000806001803807001FFE0007F8000000061
:10B7F000000000000000010008010008010008032B
:10B80000FFF807FFF800000800000800000800002B
:10B810000000000000000001C03802C05804009879
:10B82000040118040218040418061C1803F818016F
:10B83000E0F800000000000000000001C0E003C0CC
:10B84000F004000804080804080806180803F4189F
:10B8500001E7F00001E0000000000000000000002F
:10B860000300000D000011000061000081080301C9
:10B870000807FFF80FFFF8000108000108000000AA
:10B880000000000000E007FCD006080806100806CB
:10B890001008061008061838060FF00607C000004A
:10B8A00000000000000000003F8001FFE003843042
:10B8B00002081804100804100804100807181003E0
:10B8C0000FF00007C000000000000000000003C0EF
:10B8D000000700000600000600F80607F80618003A
:10B8E00006E0000700000600000000000000000164
:10B8F000E1E003F7F0063410041808041808040CFB
:10B9000008040C0806161803F3F001C1E00000005B
:10B9100000000000F80003FC3003063804020804AD
:10B9200002080402080404100308F001FFC0007FAD
:10B930000000000000000000000000000000000007
:10B9400000000000703800703800703800000000FF
:10B9500000000000000000000000000000000000E7
:10B960000000000000000000301A00301C00000041
:10B9700000000000000000000000000000000000C7
:10B9800000000008000014000022000041000080B8
:10B9900080010040020020040010080008000000A0
:10B9A0000000000021000021000021000021000013
:10B9B00021000021000021000021000021000021C1
:10B9C0000000000000000000000008000804001053
:10B9D00002002001004000808000410000220000A1
:10B9E000140000080000000000000003C00004C0B4
:10B9F00000040000080038080F3808083808100054
:10BA00000C300007E00003C0000000000000000050
:10BA10003F8000FFE0038070020F1006708804C0B2
:10BA200088048308047F8802C09003012000FE4040
:10BA30000000080000180001F8003E0801C20007DD
:10BA4000020007E20000FE00001FC80001F800002D
:10BA50003800000804000807FFF807FFF80408088A
:10BA600004080804080804080806180803F4180164
:10BA7000E7F00001E0000000000000003F8001FF4F
:10BA8000E0038070020018040008040008040008A5
:10BA90000400100600200780C00000000400080712
:10BAA000FFF807FFF8040008040008040008040079
:10BAB0001802001003807001FFE0007F800000008A
:10BAC00004000807FFF807FFF80408080408080442
:10BAD0000808040808043E080400080600180100CD
:10BAE0006000000004000807FFF807FFF8040808DA
:10BAF000040800040800040800043E0006000006D4
:10BB00000000018000000000000000003F8001FFF5
:10BB1000E00380700600180400080402080402080C
:10BB20000203F00783F0000200000200040008078F
:10BB3000FFF807FFF80408080008000008000008E4
:10BB40000000080004080807FFF807FFF8040008D1
:10BB500000000000000004000804000804000807BA
:10BB6000FFF807FFF80400080400080400080000BC
:10BB700000000000000000000006000007000001B7
:10BB800004000104000104000307FFFE07FFFC049A
:10BB9000000004000004000004000807FFF807FF8D
:10BBA000F8040C08001800003E0004C7800503C814
:10BBB0000600F80400380400180000080400080714
:10BBC000FFF807FFF8040008000008000008000064
:10BBD00008000008000008000018000060000000D5
:10BBE00004000807FFF807800807FC00007FC0007A
:10BBF00003F80007C000780007800807FFF807FF78
:10BC0000F804000804000807FFF807000803C00054
:10BC100000E000003800001E000007000001C00422
:10BC200000F007FFF8040000000000007F8001FF23
:10BC3000E0038070060018040008040008060018DD
:10BC400003003001FFE0007F8000000004000807CF
:10BC5000FFF807FFF80404080404000404000404C7
:10BC600000040400060C0003F80001F000000000CE
:10BC7000000000007F8001FFE00380700600880460
:10BC800000880400C806003C03003E01FFE6007F78
:10BC90008400000004000807FFF807FFF804080804
:10BCA000040800040C00040F00040BC00610F0038D
:10BCB000F03801E00800000800000001E0F803F09F
:10BCC00030063010041808041808040C08040C0886
:10BCD0000206180207F00781E0000000018000065C
:10BCE000000004000004000004000807FFF807FF3C
:10BCF000F8040008040000040000060000018000B1
:10BD000004000007FFE007FFF0040018000008002F
:10BD1000000800000800000800000804001007FFE9
:10BD2000E004000004000006000007E00007FE0039
:10BD3000041FE00001F80000380001E0043E0007A5
:10BD4000C00006000004000004000007E00007FF38
:10BD5000C0041FF80007C007F80007FF80043FF881
:10BD60000007C004F8000700000400000000000401
:10BD7000000806001807C07805F1C8003E00001F43
:10BD8000800463E80780F80600180400080000003B
:10BD900004000006000007800007E008047C08009B
:10BDA0001FF80007F800180804E008070000060064
:10BDB000000400000000000100080600380400F83C
:10BDC0000403E8040F08047C0805F00807C008070E
:10BDD00000180400600000000000000000000000E7
:10BDE000000000000000003FFFFE200002200002D3
:10BDF00020000220000220000200000000000000DD
:10BE0000000008000007000000C000003800000625
:10BE1000000001C000003000000E00000100000022
:10BE2000000000000000200002200002200002208C
:10BE300000022000023FFFFE0000000000000000A2
:10BE400000000000000000000000000000080000EA
:10BE5000100000300000200000300000100000083A
:10BE600000000000000000000000010000010000D0
:10BE700001000001000001000001000001000001BC
:10BE800000000100000100000100000100000000AE
:10BE90000000000000200000200000100000100042
:10BEA0000000000000000000000000000000000092
:10BEB0000000000000F00019F8001B180022080024
:10BEC0002608002408002410003FF8001FF8000096
:10BED0000800001800000004000007FFF80FFFF042
:10BEE0000018180010080020080020080030180072
:10BEF0001FF0000FC00000000000000007C0001F7E
:10BF0000F0001830002008002008002008003C083D
:10BF1000001C100000600000000000000000000095
:10BF200007C0001FF000381800200800200800207B
:10BF30000804101007FFF80FFFF0000010000000C9
:10BF40000000000000000007C0001FF000123000D9
:10BF50002218002208002208003208001E10000EDD
:10BF60002000000000000000200000200800200841
:10BF700001FFF803FFF80620080420080420080742
:10BF8000200003000000000000000000000E000E72
:10BF90006E001FF30031B10020B10020B1003191DB
:10BFA000001F13002E1E00200E00300000000004B1
:10BFB000000807FFF80FFFF800100800200000201D
:10BFC00000002008003FF8001FF8000008000000F3
:10BFD00000000000000000200800200800200806E3
:10BFE0003FF8063FF80000080000080000080000C5
:10BFF000000000000000000000000000030000033B
:10C00000002001002001002003063FFE063FFC0047
:10C01000000000000000000000000004000807FF0E
:10C02000F80FFFF8000188000300002FC00038F867
:10C030000020380020080000080000000000000078
:10C04000000004000804000804000807FFF80FFFC0
:10C05000F8000008000008000008000000000000D0
:10C06000002008003FF8003FF80010080020000002
:10C070003FF8003FF8001008002000003FF8003FA4
:10C08000F8000008000000002008003FF8003FF81A
:10C09000001008001000002000002008003FF800F9
:10C0A0001FF80000080000000000000007C0000F9B
:10C0B000F000183000300800200800200800300888
:10C0C000001830000FF00007C00000000000000062
:10C0D0002001003FFF003FFF001011002009002059
:10C0E00008002008003038001FF0000FC0000000DA
:10C0F0000000000007C0001FF000381800200800F2
:10C100002008002009001011001FFF003FFF000061
:10C1100001000000002008002008002008003FF86F
:10C12000003FF80008080010080020080020000068
:10C130003000003000000000000000000000000C93
:10C1400078001E1800330800230800210800218809
:10C150000021980030F0003860000000000000006E
:10C16000200000200000200000FFF003FFF8002066
:10C170000800200800200800003000000000000037
:10C18000000000002000003FF0007FF800001800D1
:10C190000008000008002010003FF8007FF00000B9
:10C1A00010000000000000002000003000003C00F3
:10C1B000003F800023F00000780000700023800022
:10C1C0003C00003000002000002000003C00003F48
:10C1D000E00023F80000E0002700003E00003FE000
:10C1E0000021F80001E0003E0000200000000000F7
:10C1F0002008002008003838003E6800278000032F
:10C20000C8002CF800383800201800200800000072
:10C21000000000002000003003003C01003F8300CC
:10C2200023EC000070002380003C00002000002070
:10C230000000000000000000000000380800203866
:10C240000020F80023E8002F88003E08003808008E
:10C250002018000070000000000000000000000036
:10C26000000000000000000008000014001FF7FCA0
:10C270003000062000020000000000000000000066
:10C280000000000000000000000000000000FFFFB0
:10C29000FF0000000000000000000000000000009F
:10C2A0000000000000002000023000061FF7FC0024
:10C2B0001400000800000000000000000000000062
:10C2C00000000000000000180000600000400000B6
:10C2D00040000020000010000008000004000004DE
:10C2E00000000C0000100000000000000000000032
:10C2F000000000000000000000000000000000003E
:10C30000000000000000000000000000000000002D
:10C31000000000000000000000000000000000001D
:10C32000000000000000000000000000000000000D
:10C3300000000000000000000000000000000000FD
:10C3400007F000C007FFE1E007F001E0000000C0D7
:10C3500000000000000000000000000000000000DD
:10C3600000000000000000000000000000000000CD
:10C370000020000001C00000078000001F00000036
:10C380001E0000001C20000001C00000078000000B
:10C390001F0000001E0000001C0000000000000044
:10C3A00000000000000000000000000000180C0069
:10C3B00000180C0000180FE0001FFC0003F80C0030
:10C3C00000180C0000180C0000180C0000180C00DD
:10C3D00000180FE0001FFC0003F80C0000180C0010
:10C3E00000180C0000000000000000000000000029
:10C3F00000000780007807C000FC0640010E002006
:10C4000003070020020380200FFFFFFC0201C02071
:10C410000200E0600130704001F03F8000F01F003A
:10C42000000000000000000000FE000001FF00000E
:10C430000301800002008060030181C001FF07004A
:10C4400000FE18000000E0000003BF00000CFFC069
:10C450000071806001C10020030180600000FFC006
:10C4600000003F000000000000001F0000007FC02F
:10C4700000FCC0C001FF80600303E02002027820BE
:10C4800002061E2003FC074001F00380000103C0E8
:10C4900000011C600001E0200001002000010040BC
:10C4A00000000180000000000000000000200000EB
:10C4B0001C6000001C4000001F8000000F000000F6
:10C4C000000000000000000000000000000000006C
:10C4D000000000000000000000000000000000005C
:10C4E000000000000000000000000000000000004C
:10C4F000000000000000000000000000000000003C
:10C50000000000000007F800003FFF00007807C0AF
:10C5100001C000E00300003004000008080000042F
:10C5200010000002000000000000000010000002E7
:10C5300008000004040000080300003001C000E00F
:10C54000007807C0003FFF000007F800000000006F
:10C5500000000000000000000000000000000000DB
:10C5600000000000000000000000000000000000CB
:10C57000000C1800000E3800000E380000063000D5
:10C58000000360000061438000FFFF800061430002
:10C590000003600000063000000E3800000E380076
:10C5A000000C180000000000000000000000000067
:10C5B000000080000000800000008000000080007B
:10C5C0000000800000008000007FFF00000080006D
:10C5D000000080000000800000008000000080005B
:10C5E00000008000000000000000000000000001CA
:10C5F000000000E3000000E2000000FC0000007802
:10C60000000000000000000000000000000000002A
:10C61000000000000000000000000000000000001A
:10C62000000000000000000000000000000080008A
:10C6300000008000000080000000800000008000FA
:10C6400000008000000080000000800000008000EA
:10C6500000008000000080000000800000008000DA
:10C66000000080000000000000000000000000004A
:10C67000000000C0000001E0000001E0000000C078
:10C6800000000000000000000000000000000000AA
:10C69000000000000000000000000000000000009A
:10C6A0000000000000000000000000000000000C7E
:10C6B00000000038000000E00000038000000E00D1
:10C6C000000038000000E00000038000000E0000C1
:10C6D0000038000000E00000038000000E000000B1
:10C6E0001800000000000000000000000000000032
:10C6F000000FF800007FFF0000F00780018000C0FD
:10C700000300006002000020020000200200002060
:10C7100003000060018000C000E00380007FFF0094
:10C72000000FF80000000000000000000000000002
:10C730000000000000800020008000200080002019
:10C740000080006001FFFFE003FFFFE000000060E9
:10C750000000002000000020000000200000000079
:10C7600000000000000000000000000000000000C9
:10C77000007800E00098016001000260020004609F
:10C7800002000860020010600200206002004060A9
:10C79000030080600183006001FE00E0007C0780F0
:10C7A0000000000000000000000000000000000089
:10C7B00000F0078001F007C00100004002000020E7
:10C7C000020100200201002002010020030380205A
:10C7D0000186804001FCC0C000787F8000001E0000
:10C7E0000000000000000000000000000000080041
:10C7F0000000380000004800000188000006080022
:10C80000000C0810003008100040081001FFFFF075
:10C8100003FFFFF003FFFFF0000008100000081006
:10C8200000000810000000000000000000000000F0
:10C8300000000780001F864003E100200302002063
:10C84000030400200304002003040020030400204C
:10C8500003060040030301C00301FF8003007E00C4
:10C8600000000000000000000000000000000000C8
:10C870000007FC00003FFF000070C380008180C003
:10C8800001010060030200200202002002020020D9
:10C89000020200200203004001C180C000C0FF80EE
:10C8A00000007E000000000000000000000000000A
:10C8B00000F0000003C0000003800000030000003F
:10C8C000030007E003003FE00301C000030600008F
:10C8D0000318000003600000038000000300000054
:10C8E00000000000000000000000000000001F0029
:10C8F00000783F8000FC60C0018EC04003078020AC
:10C900000203002002018020020180200201C020D9
:10C910000301E040018670C000FC3F8000781F00EA
:10C92000000000000000000000000000003F0000C8
:10C9300000FF81C001C0C1C00100602002002020B2
:10C94000020020200200202002002060020040C0DF
:10C950000100C18000C18F00007FFE00001FF000B9
:10C9600000000000000000000000000000000000C7
:10C9700000000000000000000000000000000000B7
:10C98000000300C0000781E0000781E0000300C051
:10C990000000000000000000000000000000000097
:10C9A0000000000000000000000000000000000087
:10C9B0000000000000000000000000000000000077
:10C9C000000600660006007800000000000000007D
:10C9D0000000000000000000000000000000000057
:10C9E0000000000000000000000000000000000047
:10C9F000000080000001C00000036000000630005D
:10CA0000000C180000180C00003006000060030045
:10CA100000C001800100004002000020040000105E
:10CA200000000000000000000000000000041000F2
:10CA300000041000000410000004100000041000A6
:10CA40000004100000041000000410000004100096
:10CA50000004100000041000000410000004100086
:10CA600000041000000000000000000000000000B2
:10CA700004000010020000200100004000C00180FE
:10CA8000006003000030060000180C00000C1800C5
:10CA900000063000000360000001C00000008000BC
:10CAA0000000000000000000000000000000000086
:10CAB0000078000001F800000238000002000000C9
:10CAC000040000C0040079E0040081E0040100C01B
:10CAD00004030000020200000306000001FC000045
:10CAE00000F800000000000000000000000FF80047
:10CAF000003FFE000070078000C000C00101F84048
:10CB00000307FC20021E04200230082002203020EF
:10CB1000023FFC20013F044001800CC000E0318056
:10CB2000001FC200000000000000002000000060A4
:10CB3000000003E000003E200003E020003E200053
:10CB400003E020000380200007FC2000003FE000FD
:10CB50000003FE2000003FE0000001E00000002094
:10CB60000000002000000000000000000200002083
:10CB70000200002003FFFFE003FFFFE002010020AE
:10CB80000201002002010020020100200201002019
:10CB9000030300200186806001FCC0C000F87F8094
:10CBA00000001F0000000000000000000007F80067
:10CBB000003FFF000070078000C000C0010000407F
:10CBC00003000020020000200200002002000020DC
:10CBD0000200002001000040018000C003C001806D
:10CBE00000300600000000000000000002000020ED
:10CBF0000200002003FFFFE003FFFFE0020000202F
:10CC0000020000200200002002000020030000605B
:10CC100001000040018000C000F00780007FFE009E
:10CC2000000FF800000000000000000002000020DB
:10CC30000200002003FFFFE003FFFFE002010020ED
:10CC40000201002002010020020100200201002058
:10CC500002038020020FE0200300006003C000E018
:10CC6000006003000000000000000000020000203F
:10CC70000200002003FFFFE003FFFFE002010020AD
:10CC80000201002002010000020100000201000078
:10CC90000201000002038000030FE0000300000017
:10CCA00003C0000000600000000000000007F80062
:10CCB000003FFE000070078001C001C0010000407D
:10CCC00003000020020000200200002002000020DB
:10CCD000010020200100204003C03F8000303F8041
:10CCE00000002000000020000200002002000020C0
:10CCF00003FFFFE003FFFFE002008020020080202E
:10CD00000000800000008000000080000200802001
:10CD10000200802003FFFFE003FFFFE0020000208D
:10CD200002000020000000000000000000000000E1
:10CD3000000000000200002002000020020000208D
:10CD40000200002003FFFFE003FFFFE002000020DD
:10CD5000020000200200002002000020000000006D
:10CD60000000000000000000000000000000000EB5
:10CD70000000000F0000000F000000010200000191
:10CD800002000001020000030200000603FFFFFC96
:10CD900003FFFFF802000000020000000200000094
:10CDA000020000000000000000000000020000205F
:10CDB0000200002003FFFFE003FFFFE00200C020AD
:10CDC0000201002000078000000FE0000030F800A2
:10CDD00002603E2003800F20030003E0020000E019
:10CDE00002000020000000200000000002000020DF
:10CDF0000200002003FFFFE003FFFFE0020000202D
:10CE000002000020000000200000002000000020A0
:10CE1000000000200000002000000060000000E092
:10CE200000000300000000000200002002000020BB
:10CE300003FFFFE003E0002003FF0020001FF000DD
:10CE40000001FF8000000FE000001E000003E00072
:10CE5000003E002003E0002003FFFFE003FFFFE0AF
:10CE6000020000200200002002000020020000203A
:10CE700003FFFFE00380002003F0002000FC00001F
:10CE8000001F00000007C0000001F00000007C004F
:10CE900002001F80020007E003FFFFE00200000025
:10CEA000020000000000000000000000000FF80079
:10CEB000003FFE0000F00780018000C0010000403C
:10CEC00002000020020000200200002002000020DA
:10CED00001000040018000C000F00380003FFE0020
:10CEE000000FF80000000000000000000200002019
:10CEF0000200002003FFFFE003FFFFE002008020AC
:10CF000002008020020080000200800002008000F9
:10CF100002008000030180000183000000FE000089
:10CF2000007C00000000000000000000000FF8007E
:10CF3000007FFF0000F00380018001C00100064077
:10CF4000020004200200042002000620020003E088
:10CF5000010000F80180005C00E0038C003FFF0C42
:10CF6000000FFC180000000000000000020000207C
:10CF70000200002003FFFFE003FFFFE002010020AA
:10CF800002010020020180000201E0000201FC0019
:10CF900003033F80018607E001FC00E000F8002069
:10CFA0000000002000000000000000000000000061
:10CFB0000078060000FE01E0018600C00303004087
:10CFC0000203002002018020020180200201C02013
:10CFD0000200C0200100E060018070C003E03F80DB
:10CFE00000001F00000000000000000000600000C2
:10CFF0000380000003000000020000000200002087
:10D000000200002003FFFFE003FFFFE0020000201A
:10D010000200002002000000020000000380000067
:10D0200000E000000000000002000000020000001C
:10D0300003FFFF0003FFFFC002000040020000608A
:10D040000000002000000020000000200000002060
:10D05000020000400200008003FFFF000200000009
:10D0600002000000000000000000000002000000BC
:10D070000200000003C0000003FC0000023FC000EB
:10D080000003F80000007F80000007E00000078038
:10D09000000078000203C000023C000003C0000052
:10D0A00002000000020000000200000003C00000B7
:10D0B00003FF8000023FFE0002007FE000000F003F
:10D0C0000200F00003EF000003FF8000020FFE00EB
:10D0D00000003FE000001F000207E00003F800002E
:10D0E0000300000002000000000000000200002019
:10D0F00002000020038000E003F0032002FC0C206B
:10D10000021F30000007C0000007F00002187C007A
:10D1100002601F20038003E0020000E00200002004
:10D1200000000020000000000000000002000000DD
:10D130000300000003C0000003F80000023E0020CE
:10D14000020FC0200001FFE000007FE0000380200C
:10D15000021C00200270000003800000020000009A
:10D16000020000000000000000000000000000209D
:10D17000006000E0038003E003000FA002003E20F7
:10D180000200F8200203E020020F8020023E00206F
:10D190000278002003E00060038000E0020003004A
:10D1A000000000000000000000000000000000007F
:10D1B000000000000000000000000000000000006F
:10D1C0001FFFFFFC1000000410000004100000040A
:10D1D00010000004100000041000000410000004FF
:10D1E000000000000000000000000000000000003F
:10D1F000000000000700000003C0000000780000ED
:10D20000001E00000003C0000000F00000001E002F
:10D2100000000780000000F00000003C0000000655
:10D2200000000000000000000000000000000000FE
:10D23000100000041000000410000004100000049E
:10D240001000000410000004100000041FFFFFFC89
:10D2500000000000000000000000000000000000CE
:10D2600000000000000000000000000000000000BE
:10D2700000000000000000000200000004000000A8
:10D280000800000018000000100000001800000056
:10D290001800000004000000020000000000000070
:10D2A000000000000000000000000001000000017C
:10D2B000000000010000000100000001000000016A
:10D2C000000000010000000100000001000000015A
:10D2D000000000010000000100000001000000014A
:10D2E000000000010000000100000000000000003C
:10D2F00000000000100000001000000010000000FE
:10D3000018000000080000000400000000000000F9
:10D31000000000000000000000000000000000000D
:10D32000000000000000000000000000000003807A
:10D3300000018FC000038C6000061820000410203C
:10D34000000410200004202000042040000620409B
:10D350000003FFC00001FFE00000002000000020EB
:10D36000000000C0000000000000000002000000FB
:10D370000200000003FFFFE007FFFFC0000180C0C4
:10D3800000020060000200200004002000040020D1
:10D390000004002000060040000300C00001FF80E0
:10D3A0000000FE000000000000000000000000007F
:10D3B00000007E000001FF80000381C000020040E9
:10D3C00000060020000400200004002000040020CB
:10D3D000000600200003C0400001C08000000300E0
:10D3E000000000000000000000000000000000003D
:10D3F00000007E000001FF80000380C00006006086
:10D40000000400200004002000040020020400406A
:10D410000202008003FFFFE007FFFFC000000040A2
:10D4200000000040000000000000000000000000BC
:10D4300000007E000001FF80000311C000021040C8
:10D4400000041060000410200004102000041020CC
:10D4500000061020000310400001F0C00000710021
:10D4600000000000000000000000000000000000BC
:10D47000000400000004002000040020000400203C
:10D48000007FFFE001FFFFE0010400200304002013
:10D490000204002002040020020400000200000038
:10D4A00001C0000001C000000000000000000000FA
:10D4B0000000001C0000E33E0003FFC200020CC39A
:10D4C000000404C1000404C1000404C1000404C138
:10D4D00000060CC10003F8C30005F0620006007EE0
:10D4E0000006003C000000000000000002000020D8
:10D4F0000200002003FFFFE007FFFFE00001002023
:10D5000000020020000600000004000000040000EB
:10D5100000040020000600200003FFE00001FFE0FF
:10D5200000000020000000200000000000000000BB
:10D53000000000000004002000040020000400207F
:10D54000000400200387FFE0038FFFE0038000203A
:10D55000000000200000002000000020000000006B
:10D5600000000000000000000000000000000000BB
:10D57000000000000000000600000007000000019D
:10D580000000000100040001000400010004000389
:10D59000000400060387FFFC038FFFF803800000F0
:10D5A0000000000000000000000000000200002059
:10D5B0000200002003FFFFE007FFFFE0000008205B
:10D5C00000001020000030000000FC0000058E006C
:10D5D000000707A0000601E0000400E000040020AE
:10D5E000000000200000000000000000000000001B
:10D5F00000000000020000200200002002000020C5
:10D600000200002003FFFFE007FFFFE00000002012
:10D6100000000020000000200000002000000000AA
:10D6200000000000000000000000000000040020D6
:10D630000007FFE0000FFFE00002002000040000F0
:10D64000000400200007FFE00003FFE000020020CC
:10D6500000040000000400200007FFE00003FFE0DA
:10D660000000002000000000000000000004002076
:10D67000000400200007FFE0000FFFE00001002091
:10D68000000200200002000000040000000400006E
:10D6900000040020000600200003FFE00001FFE07E
:10D6A000000000200000002000000000000000003A
:10D6B00000007E000000FF80000381C000020040E7
:10D6C00000060020000400200004002000040020C8
:10D6D0000006002000020040000381C00001FF801E
:10D6E00000007E00000000000000000000040001B7
:10D6F000000400010007FFFF000FFFFF000100C151
:10D70000000200410004002000040020000400206A
:10D710000004002000060040000301C00001FF805B
:10D7200000007E000000000000000000000000007B
:10D7300000007E000001FF80000380C00002006046
:10D740000004002000040020000400200004002049
:10D7500000020041000300C10003FFFF0007FFFFBC
:10D760000000000100000001000000000004002093
:10D77000000400200004002000040020000FFFE04F
:10D78000000FFFE00000C020000100200002002088
:10D790000006002000040000000400000007000054
:10D7A0000003000000000000000000000000000076
:10D7B000000003E00001C0E00003E040000630206C
:10D7C0000004302000041820000418200004182051
:10D7D00000040C2000020C60000307C000078380D7
:10D7E0000000000000000000000000000000000039
:10D7F000000400000004000000040000000C000011
:10D80000001FFF8000FFFFC0000400600004002034
:10D8100000040020000400200004004000000180FB
:10D8200000000000000000000000000000040000F4
:10D83000000400000007FF80000FFFC00000006030
:10D840000000002000000020000000200000002058
:10D8500000040040000400800007FFE0000FFFC04C
:10D860000000004000000040000000000004000034
:10D8700000040000000780000007F0000004FE0024
:10D8800000041FC0000003E00000038000001C0033
:10D890000004600000078000000600000004000093
:10D8A000000000000000000000040000000600006E
:10D8B0000007C0000007FC0000043F80000003E0F8
:10D8C00000040F800006F0000007F0000007FF8052
:10D8D00000040FE00000038000043C000007C000CB
:10D8E000000600000004000000000000000000200E
:10D8F0000004002000040060000700E0000783200F
:10D900000007E6000004F80000003C0000045E2070
:10D91000000587A0000601E000040060000400206C
:10D9200000000020000000000000000000040000D3
:10D9300000040003000700030007E0010004F801F1
:10D9400000041F02000007FC000000E000000700C8
:10D95000000438000007C0000006000000040000BA
:10D9600000040000000000000000000000000000B3
:10D9700000078060000600E0000403E0000407A048
:10D9800000040E2000043C20000470200005E0206C
:10D990000007802000070060000400E00000038012
:10D9A0000000000000000000000000000000000077
:10D9B0000000000000000000000000000000000067
:10D9C0000000000000008000000080000001400016
:10D9D00007FE3FF8080000041000000210000002DB
:10D9E0000000000000000000000000000000000037
:10D9F0000000000000000000000000000000000027
:10DA00000000000000000000FFFFFFFF000000001A
:10DA10000000000000000000000000000000000006
:10DA200000000000000000000000000000000000F6
:10DA300010000002100000020800000407FE3FF87A
:10DA40000001400000008000000080000000000095
:10DA500000000000000000000000000000000000C6
:10DA6000000000000000000000000000180000009E
:10DA700030000000400000004000000040000000B6
:10DA8000200000003000000008000000040000003A
:10DA90000200000002000000020000000C00000074
:10DAA000180000000000000000190000000F07002F
:10DAB000000F0000C003000080070000C00300004A
:10DAC0004000000040000000400000004000000056
:10DAD00040000000400000000040060000C0C301FC
:10DAE00000C0030000F0000000E0010000F00000B2
:10DAF000200006006B6307248C00002498000A00B5
:10DB00002E640724900000241C000500216A0724CD
:10DB10009400002410000800B06A07249800002434
:10DB200020000500336B07249C00002418000F0020
:10DB3000D66B0724A000002410000A00416D0724C2
:10DB4000A400002410003200E46D0724A800002483
:10DB50000406080007710724AC000024F0DA01086D
:10DB6000FCDA010808DB010814DB010820DB0108EE
:10DB70002CDB010838DB010844DB010850DB01081D
:10DB800084DC0108ACDC0108CCDC01088CDC010879
:10DB900078DC010860DC01086CDC0108C0DC0108ED
:10DBA00098DC0108A0DC0108B4DC010801020304D0
:10DBB00005060707070707070703060C18306078F4
:10DBC000C8000024C4000024CC000024D00000249D
:10DBD000FA000000D59A0108E803000019C7000800
:10DBE000E80300005DA90008030000000000000039
:10DBF000FFFFFFFFFFFFFFFFFFFF0000000000002F
:10DC000014000A00D0A207243801002499970008C4
:10DC100075970008E13D0108FD3D01084C5749504A
:10DC20005F434F4E53545F43415354206E6F7420F3
:10DC3000696D706C656D656E74656420636F72727A
:10DC40006563746C792E20436865636B20796F750A
:10DC500072206C77495020706F72742E00000000A3
:10DC600046494E5F574149545F31000046494E5F77
:10DC7000574149545F32000045535441424C495387
:10DC800048454400434C4F534544000053594E5FB0
:10DC90005243564400000000434C4F53494E470046
:10DCA0004C4153545F41434B000000004C495354D6
:10DCB000454E000054494D455F574149540000000E
:10DCC000434C4F53455F57414954000053594E5FF1
:10DCD00053454E54000000007463705F656E7175AB
:10DCE0006575655F666C6167733A206E6565642073
:10DCF000656974686572205443505F53594E206FB4
:10DD000072205443505F46494E20696E20666C6114
:10DD10006773202870726F6772616D6D657220760F
:10DD2000696F6C61746573204150492900000000DF
:10DD30006E657469662D3E6877616464725F6C65B8
:10DD40006E206D7573742062652074686520736140
:10DD50006D65206173204554485F485741444452E3
:10DD60005F4C454E20666F72206574686172702149
:10DD700000000000414C49454E54454B204441545D
:10DD8000410D0A00434831363D25752C563D256C22
:10DD9000752E2530336C75563B434831353D25751E
:10DDA0002C563D256C752E2530336C75563B4348FB
:10DDB00031383D25752C563D256C752E2530336C3C
:10DDC00075563B434831393D25752C563D256C75BC
:10DDD0002E2530336C75560D0A000000FCDD01085D
:10DDE000000000245C0100005C04000860DE010803
:10DDF0005C010024ECBB0700C8900008113C90D0E7
:10DE00000304F13210420122F85BFFFF0C011310F2
:10DE10000B91240108652501084007122434401F96
:10DE2000C0323032384220254047062413E3C11463
:10DE3000C003301AF0181CE00120080146296E01C9
:10DE4000170B486E19541311101B0805041A4504CA
:10DE50001A21041A0904413C74DD0108011800006C
:040000050800029954
:00000001FF
